Source,Target
1200_7725,1201_7725
1201_7725,1202_7725
1201_7734,1202_7734
1203_7762,1204_7761
1208_7754,1209_7753
1208_7754,1209_7754
1208_7754,1209_7755
1208_7760,1209_7760
1209_7705,1209_7706
1209_7753,1209_7754
1209_7753,1210_7754
1209_7754,1209_7755
1209_7754,1210_7754
1209_7755,1209_7756
1209_7755,1210_7754
1210_7754,1211_7755
1212_7712,1213_7712
1212_7721,1212_7722
1212_7721,1213_7721
1212_7722,1212_7723
1212_7722,1213_7721
1212_7723,1212_7724
1212_7744,1212_7745
1212_7747,1212_7748
1212_7748,1212_7749
1214_7714,1215_7715
1214_7716,1215_7715
1214_7745,1215_7745
1215_7715,1216_7715
1215_7745,1216_7745
1215_7757,1215_7758
1215_7757,1216_7757
1215_7758,1215_7759
1215_7758,1216_7757
1216_7745,1217_7745
1221_7712,1222_7712
1221_7759,1222_7760
1222_7712,1223_7711
1222_7712,1223_7712
1223_7711,1223_7712
1223_7723,1224_7723
1223_7735,1224_7736
1223_7754,1224_7754
1224_7723,1225_7723
1224_7723,1225_7724
1224_7725,1225_7724
1224_7725,1225_7725
1224_7725,1225_7726
1224_7736,1224_7737
1224_7754,1225_7754
1224_7756,1225_7756
1224_7756,1225_7757
1225_7723,1225_7724
1225_7723,1226_7723
1225_7724,1225_7725
1225_7724,1226_7723
1225_7724,1226_7725
1225_7725,1225_7726
1225_7725,1226_7725
1225_7726,1226_7725
1225_7756,1225_7757
1226_7750,1227_7750
1227_7750,1228_7750
1228_7661,1228_7662
1228_7662,1228_7663
1229_7665,1230_7666
1231_7765,1232_7765
1232_7723,1233_7722
1232_7732,1233_7733
1232_7761,1233_7761
1233_7761,1234_7761
1234_7731,1235_7732
1234_7756,1235_7755
1234_7756,1235_7757
1234_7764,1235_7763
1234_7764,1235_7765
1235_7720,1236_7721
1235_7725,1235_7726
1235_7725,1236_7725
1235_7725,1236_7726
1235_7726,1236_7725
1235_7726,1236_7726
1235_7732,1236_7732
1235_7735,1235_7736
1235_7735,1236_7735
1235_7735,1236_7736
1235_7736,1236_7735
1235_7736,1236_7736
1235_7752,1235_7753
1235_7755,1236_7756
1235_7757,1236_7756
1235_7757,1236_7758
1235_7765,1236_7765
1236_7725,1236_7726
1236_7735,1236_7736
1236_7756,1237_7756
1244_7729,1245_7730
1244_7731,1245_7730
1244_7731,1245_7732
1245_7712,1246_7712
1245_7723,1245_7724
1245_7723,1246_7724
1245_7724,1245_7725
1245_7724,1246_7724
1245_7724,1246_7725
1245_7725,1245_7726
1245_7725,1246_7724
1245_7725,1246_7725
1245_7726,1246_7725
1245_7745,1245_7746
1245_7745,1246_7745
1245_7746,1245_7747
1245_7746,1246_7745
1245_7747,1245_7748
1245_7753,1245_7754
1245_7754,1245_7755
1245_7755,1245_7756
1245_7756,1245_7757
1245_7757,1245_7758
1245_7758,1245_7759
1246_7712,1247_7712
1246_7724,1246_7725
1247_7747,1247_7748
1248_7745,1249_7745
1250_7734,1250_7735
1250_7734,1251_7734
1250_7734,1251_7735
1250_7735,1250_7736
1250_7735,1251_7734
1250_7735,1251_7735
1250_7735,1251_7736
1250_7736,1250_7737
1250_7736,1251_7735
1250_7736,1251_7736
1250_7736,1251_7737
1250_7737,1250_7738
1250_7737,1251_7736
1250_7737,1251_7737
1250_7738,1250_7739
1250_7738,1251_7737
1250_7738,1251_7739
1250_7739,1250_7740
1250_7739,1251_7739
1250_7739,1251_7740
1250_7740,1251_7739
1250_7740,1251_7740
1251_7725,1252_7725
1251_7731,1251_7732
1251_7731,1252_7731
1251_7731,1252_7732
1251_7732,1252_7731
1251_7732,1252_7732
1251_7732,1252_7733
1251_7734,1251_7735
1251_7734,1252_7733
1251_7734,1252_7734
1251_7734,1252_7735
1251_7735,1251_7736
1251_7735,1252_7734
1251_7735,1252_7735
1251_7735,1252_7736
1251_7736,1251_7737
1251_7736,1252_7735
1251_7736,1252_7736
1251_7736,1252_7737
1251_7737,1252_7736
1251_7737,1252_7737
1251_7737,1252_7738
1251_7739,1251_7740
1251_7739,1252_7738
1251_7739,1252_7739
1251_7740,1252_7739
1252_7721,1253_7720
1252_7725,1253_7724
1252_7728,1253_7728
1252_7728,1253_7729
1252_7731,1252_7732
1252_7731,1253_7730
1252_7731,1253_7732
1252_7732,1252_7733
1252_7732,1253_7732
1252_7732,1253_7733
1252_7733,1252_7734
1252_7733,1253_7732
1252_7733,1253_7733
1252_7733,1253_7734
1252_7734,1252_7735
1252_7734,1253_7733
1252_7734,1253_7734
1252_7734,1253_7735
1252_7735,1252_7736
1252_7735,1253_7734
1252_7735,1253_7735
1252_7735,1253_7736
1252_7736,1252_7737
1252_7736,1253_7735
1252_7736,1253_7736
1252_7736,1253_7737
1252_7737,1252_7738
1252_7737,1253_7736
1252_7737,1253_7737
1252_7737,1253_7738
1252_7738,1252_7739
1252_7738,1253_7737
1252_7738,1253_7738
1252_7738,1253_7739
1252_7739,1253_7738
1252_7739,1253_7739
1252_7739,1253_7740
1252_7744,1252_7745
1252_7744,1253_7743
1252_7752,1252_7753
1252_7752,1253_7753
1252_7753,1253_7753
1253_7720,1254_7720
1253_7724,1254_7724
1253_7724,1254_7725
1253_7728,1253_7729
1253_7728,1254_7728
1253_7728,1254_7729
1253_7729,1253_7730
1253_7729,1254_7728
1253_7729,1254_7729
1253_7729,1254_7730
1253_7730,1254_7729
1253_7730,1254_7730
1253_7730,1254_7731
1253_7732,1253_7733
1253_7732,1254_7731
1253_7732,1254_7732
1253_7732,1254_7733
1253_7733,1253_7734
1253_7733,1254_7732
1253_7733,1254_7733
1253_7733,1254_7734
1253_7734,1253_7735
1253_7734,1254_7733
1253_7734,1254_7734
1253_7735,1253_7736
1253_7735,1254_7734
1253_7735,1254_7736
1253_7736,1253_7737
1253_7736,1254_7736
1253_7737,1253_7738
1253_7737,1254_7736
1253_7738,1253_7739
1253_7738,1254_7739
1253_7739,1253_7740
1253_7739,1254_7739
1253_7740,1254_7739
1253_7740,1254_7741
1253_7742,1253_7743
1253_7742,1254_7741
1253_7742,1254_7742
1253_7742,1254_7743
1253_7743,1254_7742
1253_7743,1254_7743
1253_7743,1254_7744
1253_7749,1254_7748
1253_7753,1254_7752
1253_7753,1254_7754
1253_7789,1254_7789
1253_7793,1254_7792
1254_7724,1254_7725
1254_7725,1254_7726
1254_7728,1254_7729
1254_7728,1255_7728
1254_7728,1255_7729
1254_7729,1254_7730
1254_7729,1255_7728
1254_7729,1255_7729
1254_7729,1255_7730
1254_7730,1254_7731
1254_7730,1255_7729
1254_7730,1255_7730
1254_7731,1254_7732
1254_7731,1255_7730
1254_7731,1255_7732
1254_7732,1254_7733
1254_7732,1255_7732
1254_7732,1255_7733
1254_7733,1254_7734
1254_7733,1255_7732
1254_7733,1255_7733
1254_7733,1255_7734
1254_7734,1255_7733
1254_7734,1255_7734
1254_7734,1255_7735
1254_7736,1255_7735
1254_7736,1255_7736
1254_7736,1255_7737
1254_7739,1255_7738
1254_7739,1255_7740
1254_7741,1254_7742
1254_7741,1255_7740
1254_7741,1255_7741
1254_7741,1255_7742
1254_7742,1254_7743
1254_7742,1255_7741
1254_7742,1255_7742
1254_7742,1255_7743
1254_7743,1254_7744
1254_7743,1255_7742
1254_7743,1255_7743
1254_7743,1255_7744
1254_7744,1254_7745
1254_7744,1255_7743
1254_7744,1255_7744
1254_7744,1255_7745
1254_7745,1255_7744
1254_7745,1255_7745
1254_7745,1255_7746
1254_7748,1255_7747
1254_7748,1255_7749
1254_7751,1254_7752
1254_7751,1255_7751
1254_7751,1255_7752
1254_7752,1255_7751
1254_7752,1255_7752
1254_7752,1255_7753
1254_7754,1255_7753
1254_7758,1254_7759
1254_7758,1255_7758
1254_7759,1255_7758
1254_7759,1255_7760
1255_7728,1255_7729
1255_7728,1256_7728
1255_7728,1256_7729
1255_7729,1255_7730
1255_7729,1256_7728
1255_7729,1256_7729
1255_7729,1256_7730
1255_7730,1256_7729
1255_7730,1256_7730
1255_7730,1256_7731
1255_7732,1255_7733
1255_7732,1256_7731
1255_7732,1256_7732
1255_7732,1256_7733
1255_7733,1255_7734
1255_7733,1256_7732
1255_7733,1256_7733
1255_7733,1256_7734
1255_7734,1255_7735
1255_7734,1256_7733
1255_7734,1256_7734
1255_7734,1256_7735
1255_7735,1255_7736
1255_7735,1256_7734
1255_7735,1256_7735
1255_7735,1256_7736
1255_7736,1255_7737
1255_7736,1256_7735
1255_7736,1256_7736
1255_7736,1256_7737
1255_7737,1255_7738
1255_7737,1256_7736
1255_7737,1256_7737
1255_7737,1256_7738
1255_7738,1256_7737
1255_7738,1256_7738
1255_7738,1256_7739
1255_7740,1255_7741
1255_7740,1256_7739
1255_7740,1256_7740
1255_7740,1256_7741
1255_7741,1255_7742
1255_7741,1256_7740
1255_7741,1256_7741
1255_7741,1256_7742
1255_7742,1255_7743
1255_7742,1256_7741
1255_7742,1256_7742
1255_7742,1256_7743
1255_7743,1255_7744
1255_7743,1256_7742
1255_7743,1256_7743
1255_7743,1256_7744
1255_7744,1255_7745
1255_7744,1256_7743
1255_7744,1256_7744
1255_7744,1256_7745
1255_7745,1255_7746
1255_7745,1256_7744
1255_7745,1256_7745
1255_7746,1255_7747
1255_7746,1256_7745
1255_7751,1255_7752
1255_7751,1256_7751
1255_7752,1255_7753
1255_7752,1256_7751
1255_7752,1256_7753
1255_7753,1256_7753
1255_7753,1256_7754
1255_7758,1256_7757
1255_7760,1256_7761
1255_7762,1255_7763
1255_7762,1256_7761
1255_7762,1256_7763
1255_7763,1256_7763
1255_7767,1256_7768
1256_7728,1256_7729
1256_7728,1257_7728
1256_7728,1257_7729
1256_7729,1256_7730
1256_7729,1257_7728
1256_7729,1257_7729
1256_7729,1257_7730
1256_7730,1256_7731
1256_7730,1257_7729
1256_7730,1257_7730
1256_7730,1257_7731
1256_7731,1256_7732
1256_7731,1257_7730
1256_7731,1257_7731
1256_7731,1257_7732
1256_7732,1256_7733
1256_7732,1257_7731
1256_7732,1257_7732
1256_7732,1257_7733
1256_7733,1256_7734
1256_7733,1257_7732
1256_7733,1257_7733
1256_7733,1257_7734
1256_7734,1256_7735
1256_7734,1257_7733
1256_7734,1257_7734
1256_7734,1257_7735
1256_7735,1256_7736
1256_7735,1257_7734
1256_7735,1257_7735
1256_7735,1257_7736
1256_7736,1256_7737
1256_7736,1257_7735
1256_7736,1257_7736
1256_7736,1257_7737
1256_7737,1256_7738
1256_7737,1257_7736
1256_7737,1257_7737
1256_7737,1257_7738
1256_7738,1256_7739
1256_7738,1257_7737
1256_7738,1257_7738
1256_7738,1257_7739
1256_7739,1256_7740
1256_7739,1257_7738
1256_7739,1257_7739
1256_7739,1257_7740
1256_7740,1256_7741
1256_7740,1257_7739
1256_7740,1257_7740
1256_7740,1257_7741
1256_7741,1256_7742
1256_7741,1257_7740
1256_7741,1257_7741
1256_7741,1257_7742
1256_7742,1256_7743
1256_7742,1257_7741
1256_7742,1257_7742
1256_7742,1257_7743
1256_7743,1256_7744
1256_7743,1257_7742
1256_7743,1257_7743
1256_7743,1257_7744
1256_7744,1256_7745
1256_7744,1257_7743
1256_7744,1257_7744
1256_7745,1257_7744
1256_7753,1256_7754
1256_7753,1257_7753
1256_7753,1257_7754
1256_7754,1257_7753
1256_7754,1257_7754
1256_7754,1257_7755
1256_7756,1256_7757
1256_7756,1257_7755
1256_7756,1257_7756
1256_7756,1257_7757
1256_7757,1257_7756
1256_7757,1257_7757
1256_7768,1256_7769
1256_7768,1257_7768
1256_7769,1257_7768
1256_7798,1257_7798
1257_7728,1257_7729
1257_7728,1258_7728
1257_7729,1257_7730
1257_7729,1258_7728
1257_7729,1258_7730
1257_7730,1257_7731
1257_7730,1258_7730
1257_7730,1258_7731
1257_7731,1257_7732
1257_7731,1258_7730
1257_7731,1258_7731
1257_7731,1258_7732
1257_7732,1257_7733
1257_7732,1258_7731
1257_7732,1258_7732
1257_7732,1258_7733
1257_7733,1257_7734
1257_7733,1258_7732
1257_7733,1258_7733
1257_7733,1258_7734
1257_7734,1257_7735
1257_7734,1258_7733
1257_7734,1258_7734
1257_7734,1258_7735
1257_7735,1257_7736
1257_7735,1258_7734
1257_7735,1258_7735
1257_7735,1258_7736
1257_7736,1257_7737
1257_7736,1258_7735
1257_7736,1258_7736
1257_7736,1258_7737
1257_7737,1257_7738
1257_7737,1258_7736
1257_7737,1258_7737
1257_7737,1258_7738
1257_7738,1257_7739
1257_7738,1258_7737
1257_7738,1258_7738
1257_7739,1257_7740
1257_7739,1258_7738
1257_7739,1258_7740
1257_7740,1257_7741
1257_7740,1258_7740
1257_7740,1258_7741
1257_7741,1257_7742
1257_7741,1258_7740
1257_7741,1258_7741
1257_7742,1257_7743
1257_7742,1258_7741
1257_7743,1257_7744
1257_7744,1258_7745
1257_7753,1257_7754
1257_7753,1258_7752
1257_7753,1258_7753
1257_7754,1257_7755
1257_7754,1258_7753
1257_7755,1257_7756
1257_7755,1258_7756
1257_7756,1257_7757
1257_7756,1258_7756
1257_7757,1258_7756
1257_7757,1258_7758
1257_7798,1258_7797
1257_7798,1258_7798
1258_7703,1259_7703
1258_7723,1258_7724
1258_7724,1258_7725
1258_7725,1259_7726
1258_7728,1259_7728
1258_7728,1259_7729
1258_7730,1258_7731
1258_7730,1259_7729
1258_7730,1259_7730
1258_7730,1259_7731
1258_7731,1258_7732
1258_7731,1259_7730
1258_7731,1259_7731
1258_7731,1259_7732
1258_7732,1258_7733
1258_7732,1259_7731
1258_7732,1259_7732
1258_7732,1259_7733
1258_7733,1258_7734
1258_7733,1259_7732
1258_7733,1259_7733
1258_7733,1259_7734
1258_7734,1258_7735
1258_7734,1259_7733
1258_7734,1259_7734
1258_7734,1259_7735
1258_7735,1258_7736
1258_7735,1259_7734
1258_7735,1259_7735
1258_7736,1258_7737
1258_7736,1259_7735
1258_7737,1258_7738
1258_7740,1258_7741
1258_7745,1258_7746
1258_7752,1258_7753
1258_7752,1259_7752
1258_7752,1259_7753
1258_7753,1259_7752
1258_7753,1259_7753
1258_7753,1259_7754
1258_7756,1259_7756
1258_7756,1259_7757
1258_7758,1258_7759
1258_7758,1259_7757
1258_7758,1259_7758
1258_7758,1259_7759
1258_7759,1259_7758
1258_7759,1259_7759
1258_7765,1259_7766
1258_7797,1258_7798
1259_7712,1260_7711
1259_7714,1259_7715
1259_7728,1259_7729
1259_7729,1259_7730
1259_7730,1259_7731
1259_7731,1259_7732
1259_7732,1259_7733
1259_7733,1259_7734
1259_7734,1259_7735
1259_7752,1259_7753
1259_7752,1260_7751
1259_7753,1259_7754
1259_7756,1259_7757
1259_7757,1259_7758
1259_7758,1259_7759
125_773,125_774
1261_7756,1262_7756
1262_7735,1263_7736
1262_7756,1263_7755
1263_7712,1263_7713
1263_7736,1264_7736
1263_7755,1264_7755
1264_1264,1265_1265
1264_7736,1265_7735
1264_7736,1265_7736
1264_7755,1265_7755
1264_7755,1265_7756
1265_7712,1265_7713
1265_7725,1265_7726
1265_7735,1265_7736
1265_7755,1265_7756
1265_7755,1266_7756
1265_7756,1266_7756
1265_7758,1265_7759
1265_7758,1266_7758
1265_7758,1266_7759
1265_7759,1266_7758
1265_7759,1266_7759
1265_7765,1266_7765
1265_7795,1266_7794
1266_7758,1266_7759
1266_7793,1266_7794
1268_7756,1268_7757
1268_7761,1268_7762
1268_7762,1269_7763
1271_7770,1271_7771
1275_7753,1275_7754
1275_7754,1275_7755
1275_7755,1276_7756
1276_7724,1277_7725
1276_7756,1277_7756
1276_7778,1277_7777
1277_7725,1278_7725
1277_7756,1278_7756
1277_7777,1278_7776
1277_7777,1278_7778
1278_7712,1279_7712
1278_7725,1279_7725
1278_7750,1279_7750
1278_7756,1279_7755
1278_7762,1279_7762
1278_7769,1279_7770
1279_7716,1280_7715
1279_7755,1280_7754
1280_7753,1280_7754
1280_7754,1281_7755
1280_7764,1281_7764
1281_7755,1282_7755
1281_7755,1282_7756
1281_7764,1282_7765
1281_7766,1282_7765
1281_7766,1282_7766
1282_7755,1282_7756
1282_7755,1283_7754
1282_7755,1283_7756
1282_7756,1283_7756
1282_7756,1283_7757
1282_7765,1282_7766
1282_7765,1283_7764
1282_7765,1283_7765
1282_7765,1283_7766
1282_7766,1283_7765
1282_7766,1283_7766
1282_7766,1283_7767
1283_7745,1283_7746
1283_7745,1284_7746
1283_7746,1283_7747
1283_7746,1284_7746
1283_7747,1284_7746
1283_7751,1283_7752
1283_7752,1283_7753
1283_7753,1283_7754
1283_7753,1284_7754
1283_7754,1284_7754
1283_7754,1284_7755
1283_7756,1283_7757
1283_7756,1284_7755
1283_7756,1284_7756
1283_7756,1284_7757
1283_7757,1283_7758
1283_7757,1284_7756
1283_7757,1284_7757
1283_7757,1284_7758
1283_7758,1283_7759
1283_7758,1284_7757
1283_7758,1284_7758
1283_7758,1284_7759
1283_7759,1284_7758
1283_7759,1284_7759
1283_7759,1284_7760
1283_7761,1283_7762
1283_7761,1284_7760
1283_7761,1284_7761
1283_7761,1284_7762
1283_7762,1283_7763
1283_7762,1284_7761
1283_7762,1284_7762
1283_7762,1284_7763
1283_7763,1283_7764
1283_7763,1284_7762
1283_7763,1284_7763
1283_7763,1284_7764
1283_7764,1283_7765
1283_7764,1284_7763
1283_7764,1284_7764
1283_7764,1284_7765
1283_7765,1283_7766
1283_7765,1284_7764
1283_7765,1284_7765
1283_7765,1284_7766
1283_7766,1283_7767
1283_7766,1284_7765
1283_7766,1284_7766
1283_7766,1284_7767
1283_7767,1283_7768
1283_7767,1284_7766
1283_7767,1284_7767
1283_7767,1284_7768
1283_7768,1284_7767
1283_7768,1284_7768
1283_7773,1284_7772
1284_7746,1285_7746
1284_7754,1284_7755
1284_7754,1285_7753
1284_7754,1285_7754
1284_7754,1285_7755
1284_7755,1284_7756
1284_7755,1285_7754
1284_7755,1285_7755
1284_7755,1285_7756
1284_7756,1284_7757
1284_7756,1285_7755
1284_7756,1285_7756
1284_7756,1285_7757
1284_7757,1284_7758
1284_7757,1285_7756
1284_7757,1285_7757
1284_7757,1285_7758
1284_7758,1284_7759
1284_7758,1285_7757
1284_7758,1285_7758
1284_7758,1285_7759
1284_7759,1284_7760
1284_7759,1285_7758
1284_7759,1285_7759
1284_7759,1285_7760
1284_7760,1284_7761
1284_7760,1285_7759
1284_7760,1285_7760
1284_7760,1285_7761
1284_7761,1284_7762
1284_7761,1285_7760
1284_7761,1285_7761
1284_7761,1285_7762
1284_7762,1284_7763
1284_7762,1285_7761
1284_7762,1285_7762
1284_7762,1285_7763
1284_7763,1284_7764
1284_7763,1285_7762
1284_7763,1285_7763
1284_7763,1285_7764
1284_7764,1284_7765
1284_7764,1285_7763
1284_7764,1285_7764
1284_7764,1285_7765
1284_7765,1284_7766
1284_7765,1285_7764
1284_7765,1285_7765
1284_7765,1285_7766
1284_7766,1284_7767
1284_7766,1285_7765
1284_7766,1285_7766
1284_7766,1285_7767
1284_7767,1284_7768
1284_7767,1285_7766
1284_7767,1285_7767
1284_7767,1285_7768
1284_7768,1285_7767
1284_7768,1285_7768
1284_7768,1285_7769
1285_7744,1286_7745
1285_7746,1286_7745
1285_7751,1285_7752
1285_7751,1286_7750
1285_7751,1286_7751
1285_7751,1286_7752
1285_7752,1285_7753
1285_7752,1286_7751
1285_7752,1286_7752
1285_7752,1286_7753
1285_7753,1285_7754
1285_7753,1286_7752
1285_7753,1286_7753
1285_7753,1286_7754
1285_7754,1285_7755
1285_7754,1286_7753
1285_7754,1286_7754
1285_7754,1286_7755
1285_7755,1285_7756
1285_7755,1286_7754
1285_7755,1286_7755
1285_7755,1286_7756
1285_7756,1285_7757
1285_7756,1286_7755
1285_7756,1286_7756
1285_7756,1286_7757
1285_7757,1285_7758
1285_7757,1286_7756
1285_7757,1286_7757
1285_7757,1286_7758
1285_7758,1285_7759
1285_7758,1286_7757
1285_7758,1286_7758
1285_7758,1286_7759
1285_7759,1285_7760
1285_7759,1286_7758
1285_7759,1286_7759
1285_7759,1286_7760
1285_7760,1285_7761
1285_7760,1286_7759
1285_7760,1286_7760
1285_7760,1286_7761
1285_7761,1285_7762
1285_7761,1286_7760
1285_7761,1286_7761
1285_7761,1286_7762
1285_7762,1285_7763
1285_7762,1286_7761
1285_7762,1286_7762
1285_7762,1286_7763
1285_7763,1285_7764
1285_7763,1286_7762
1285_7763,1286_7763
1285_7763,1286_7764
1285_7764,1285_7765
1285_7764,1286_7763
1285_7764,1286_7764
1285_7764,1286_7765
1285_7765,1285_7766
1285_7765,1286_7764
1285_7765,1286_7765
1285_7765,1286_7766
1285_7766,1285_7767
1285_7766,1286_7765
1285_7766,1286_7766
1285_7766,1286_7767
1285_7767,1285_7768
1285_7767,1286_7766
1285_7767,1286_7767
1285_7767,1286_7768
1285_7768,1285_7769
1285_7768,1286_7767
1285_7768,1286_7768
1285_7768,1286_7769
1285_7769,1286_7768
1285_7769,1286_7769
1285_7786,1286_7785
1285_7786,1286_7786
1285_7786,1286_7787
1285_7789,1286_7789
1286_7745,1287_7744
1286_7750,1286_7751
1286_7750,1287_7749
1286_7750,1287_7750
1286_7750,1287_7751
1286_7751,1286_7752
1286_7751,1287_7750
1286_7751,1287_7751
1286_7751,1287_7752
1286_7752,1286_7753
1286_7752,1287_7751
1286_7752,1287_7752
1286_7752,1287_7753
1286_7753,1286_7754
1286_7753,1287_7752
1286_7753,1287_7753
1286_7753,1287_7754
1286_7754,1286_7755
1286_7754,1287_7753
1286_7754,1287_7754
1286_7754,1287_7755
1286_7755,1286_7756
1286_7755,1287_7754
1286_7755,1287_7755
1286_7755,1287_7756
1286_7756,1286_7757
1286_7756,1287_7755
1286_7756,1287_7756
1286_7756,1287_7757
1286_7757,1286_7758
1286_7757,1287_7756
1286_7757,1287_7757
1286_7757,1287_7758
1286_7758,1286_7759
1286_7758,1287_7757
1286_7758,1287_7758
1286_7758,1287_7759
1286_7759,1286_7760
1286_7759,1287_7758
1286_7759,1287_7759
1286_7759,1287_7760
1286_7760,1286_7761
1286_7760,1287_7759
1286_7760,1287_7760
1286_7760,1287_7761
1286_7761,1286_7762
1286_7761,1287_7760
1286_7761,1287_7761
1286_7761,1287_7762
1286_7762,1286_7763
1286_7762,1287_7761
1286_7762,1287_7762
1286_7762,1287_7763
1286_7763,1286_7764
1286_7763,1287_7762
1286_7763,1287_7763
1286_7763,1287_7764
1286_7764,1286_7765
1286_7764,1287_7763
1286_7764,1287_7764
1286_7764,1287_7765
1286_7765,1286_7766
1286_7765,1287_7764
1286_7765,1287_7765
1286_7765,1287_7766
1286_7766,1286_7767
1286_7766,1287_7765
1286_7766,1287_7766
1286_7766,1287_7767
1286_7767,1286_7768
1286_7767,1287_7766
1286_7767,1287_7767
1286_7768,1286_7769
1286_7768,1287_7767
1286_7769,1287_7770
1286_7771,1287_7770
1286_7771,1287_7771
1286_7780,1287_7779
1286_7783,1287_7784
1286_7785,1286_7786
1286_7785,1287_7784
1286_7785,1287_7786
1286_7786,1286_7787
1286_7786,1287_7786
1286_7786,1287_7787
1286_7787,1287_7786
1286_7787,1287_7787
1286_7789,1287_7789
1286_7795,1286_7796
1287_7737,1288_7737
1287_7737,1288_7738
1287_7739,1288_7738
1287_7744,1288_7745
1287_7748,1287_7749
1287_7748,1288_7747
1287_7748,1288_7748
1287_7748,1288_7749
1287_7749,1287_7750
1287_7749,1288_7748
1287_7749,1288_7749
1287_7749,1288_7750
1287_7750,1287_7751
1287_7750,1288_7749
1287_7750,1288_7750
1287_7750,1288_7751
1287_7751,1287_7752
1287_7751,1288_7750
1287_7751,1288_7751
1287_7751,1288_7752
1287_7752,1287_7753
1287_7752,1288_7751
1287_7752,1288_7752
1287_7752,1288_7753
1287_7753,1287_7754
1287_7753,1288_7752
1287_7753,1288_7753
1287_7753,1288_7754
1287_7754,1287_7755
1287_7754,1288_7753
1287_7754,1288_7754
1287_7754,1288_7755
1287_7755,1287_7756
1287_7755,1288_7754
1287_7755,1288_7755
1287_7755,1288_7756
1287_7756,1287_7757
1287_7756,1288_7755
1287_7756,1288_7756
1287_7756,1288_7757
1287_7757,1287_7758
1287_7757,1288_7756
1287_7757,1288_7757
1287_7757,1288_7758
1287_7758,1287_7759
1287_7758,1288_7757
1287_7758,1288_7758
1287_7758,1288_7759
1287_7759,1287_7760
1287_7759,1288_7758
1287_7759,1288_7759
1287_7759,1288_7760
1287_7760,1287_7761
1287_7760,1288_7759
1287_7760,1288_7760
1287_7760,1288_7761
1287_7761,1287_7762
1287_7761,1288_7760
1287_7761,1288_7761
1287_7761,1288_7762
1287_7762,1287_7763
1287_7762,1288_7761
1287_7762,1288_7762
1287_7762,1288_7763
1287_7763,1287_7764
1287_7763,1288_7762
1287_7763,1288_7763
1287_7763,1288_7764
1287_7764,1287_7765
1287_7764,1288_7763
1287_7764,1288_7764
1287_7764,1288_7765
1287_7765,1287_7766
1287_7765,1288_7764
1287_7765,1288_7765
1287_7765,1288_7766
1287_7766,1287_7767
1287_7766,1288_7765
1287_7766,1288_7766
1287_7766,1288_7767
1287_7767,1288_7766
1287_7767,1288_7767
1287_7767,1288_7768
1287_7770,1287_7771
1287_7770,1288_7769
1287_7770,1288_7770
1287_7770,1288_7771
1287_7771,1288_7770
1287_7771,1288_7771
1287_7771,1288_7772
1287_7786,1287_7787
1288_7737,1288_7738
1288_7737,1289_7738
1288_7738,1289_7738
1288_7745,1288_7746
1288_7745,1289_7746
1288_7746,1288_7747
1288_7746,1289_7746
1288_7746,1289_7747
1288_7747,1288_7748
1288_7747,1289_7746
1288_7747,1289_7747
1288_7747,1289_7748
1288_7748,1288_7749
1288_7748,1289_7747
1288_7748,1289_7748
1288_7748,1289_7749
1288_7749,1288_7750
1288_7749,1289_7748
1288_7749,1289_7749
1288_7749,1289_7750
1288_7750,1288_7751
1288_7750,1289_7749
1288_7750,1289_7750
1288_7750,1289_7751
1288_7751,1288_7752
1288_7751,1289_7750
1288_7751,1289_7751
1288_7751,1289_7752
1288_7752,1288_7753
1288_7752,1289_7751
1288_7752,1289_7752
1288_7752,1289_7753
1288_7753,1288_7754
1288_7753,1289_7752
1288_7753,1289_7753
1288_7753,1289_7754
1288_7754,1288_7755
1288_7754,1289_7753
1288_7754,1289_7754
1288_7754,1289_7755
1288_7755,1288_7756
1288_7755,1289_7754
1288_7755,1289_7755
1288_7755,1289_7756
1288_7756,1288_7757
1288_7756,1289_7755
1288_7756,1289_7756
1288_7756,1289_7757
1288_7757,1288_7758
1288_7757,1289_7756
1288_7757,1289_7757
1288_7757,1289_7758
1288_7758,1288_7759
1288_7758,1289_7757
1288_7758,1289_7758
1288_7758,1289_7759
1288_7759,1288_7760
1288_7759,1289_7758
1288_7759,1289_7759
1288_7759,1289_7760
1288_7760,1288_7761
1288_7760,1289_7759
1288_7760,1289_7760
1288_7760,1289_7761
1288_7761,1288_7762
1288_7761,1289_7760
1288_7761,1289_7761
1288_7761,1289_7762
1288_7762,1288_7763
1288_7762,1289_7761
1288_7762,1289_7762
1288_7762,1289_7763
1288_7763,1288_7764
1288_7763,1289_7762
1288_7763,1289_7763
1288_7763,1289_7764
1288_7764,1288_7765
1288_7764,1289_7763
1288_7764,1289_7764
1288_7764,1289_7765
1288_7765,1288_7766
1288_7765,1289_7764
1288_7765,1289_7765
1288_7765,1289_7766
1288_7766,1288_7767
1288_7766,1289_7765
1288_7766,1289_7766
1288_7766,1289_7767
1288_7767,1288_7768
1288_7767,1289_7766
1288_7767,1289_7767
1288_7767,1289_7768
1288_7768,1288_7769
1288_7768,1289_7767
1288_7768,1289_7768
1288_7768,1289_7769
1288_7769,1288_7770
1288_7769,1289_7768
1288_7769,1289_7769
1288_7769,1289_7770
1288_7770,1288_7771
1288_7770,1289_7769
1288_7770,1289_7770
1288_7770,1289_7771
1288_7771,1288_7772
1288_7771,1289_7770
1288_7771,1289_7771
1288_7771,1289_7772
1288_7772,1288_7773
1288_7772,1289_7771
1288_7772,1289_7772
1288_7772,1289_7773
1288_7773,1289_7772
1288_7773,1289_7773
1289_7734,1290_7735
1289_7746,1289_7747
1289_7746,1290_7746
1289_7746,1290_7747
1289_7747,1289_7748
1289_7747,1290_7746
1289_7747,1290_7747
1289_7747,1290_7748
1289_7748,1289_7749
1289_7748,1290_7747
1289_7748,1290_7748
1289_7748,1290_7749
1289_7749,1289_7750
1289_7749,1290_7748
1289_7749,1290_7749
1289_7749,1290_7750
1289_7750,1289_7751
1289_7750,1290_7749
1289_7750,1290_7750
1289_7750,1290_7751
1289_7751,1289_7752
1289_7751,1290_7750
1289_7751,1290_7751
1289_7751,1290_7752
1289_7752,1289_7753
1289_7752,1290_7751
1289_7752,1290_7752
1289_7752,1290_7753
1289_7753,1289_7754
1289_7753,1290_7752
1289_7753,1290_7753
1289_7753,1290_7754
1289_7754,1289_7755
1289_7754,1290_7753
1289_7754,1290_7754
1289_7754,1290_7755
1289_7755,1289_7756
1289_7755,1290_7754
1289_7755,1290_7755
1289_7755,1290_7756
1289_7756,1289_7757
1289_7756,1290_7755
1289_7756,1290_7756
1289_7756,1290_7757
1289_7757,1289_7758
1289_7757,1290_7756
1289_7757,1290_7757
1289_7757,1290_7758
1289_7758,1289_7759
1289_7758,1290_7757
1289_7758,1290_7758
1289_7758,1290_7759
1289_7759,1289_7760
1289_7759,1290_7758
1289_7759,1290_7759
1289_7759,1290_7760
1289_7760,1289_7761
1289_7760,1290_7759
1289_7760,1290_7760
1289_7760,1290_7761
1289_7761,1289_7762
1289_7761,1290_7760
1289_7761,1290_7761
1289_7761,1290_7762
1289_7762,1289_7763
1289_7762,1290_7761
1289_7762,1290_7762
1289_7762,1290_7763
1289_7763,1289_7764
1289_7763,1290_7762
1289_7763,1290_7763
1289_7763,1290_7764
1289_7764,1289_7765
1289_7764,1290_7763
1289_7764,1290_7764
1289_7764,1290_7765
1289_7765,1289_7766
1289_7765,1290_7764
1289_7765,1290_7765
1289_7765,1290_7766
1289_7766,1289_7767
1289_7766,1290_7765
1289_7766,1290_7766
1289_7766,1290_7767
1289_7767,1289_7768
1289_7767,1290_7766
1289_7767,1290_7767
1289_7767,1290_7768
1289_7768,1289_7769
1289_7768,1290_7767
1289_7768,1290_7768
1289_7768,1290_7769
1289_7769,1289_7770
1289_7769,1290_7768
1289_7769,1290_7769
1289_7769,1290_7770
1289_7770,1289_7771
1289_7770,1290_7769
1289_7770,1290_7770
1289_7770,1290_7771
1289_7771,1289_7772
1289_7771,1290_7770
1289_7771,1290_7771
1289_7771,1290_7772
1289_7772,1289_7773
1289_7772,1290_7771
1289_7772,1290_7772
1289_7772,1290_7773
1289_7773,1290_7772
1289_7773,1290_7773
1289_7778,1289_7779
1289_7798,1289_7799
1290_7744,1291_7745
1290_7746,1290_7747
1290_7746,1291_7745
1290_7746,1291_7746
1290_7746,1291_7747
1290_7747,1290_7748
1290_7747,1291_7746
1290_7747,1291_7747
1290_7747,1291_7748
1290_7748,1290_7749
1290_7748,1291_7747
1290_7748,1291_7748
1290_7748,1291_7749
1290_7749,1290_7750
1290_7749,1291_7748
1290_7749,1291_7749
1290_7749,1291_7750
1290_7750,1290_7751
1290_7750,1291_7749
1290_7750,1291_7750
1290_7750,1291_7751
1290_7751,1290_7752
1290_7751,1291_7750
1290_7751,1291_7751
1290_7751,1291_7752
1290_7752,1290_7753
1290_7752,1291_7751
1290_7752,1291_7752
1290_7752,1291_7753
1290_7753,1290_7754
1290_7753,1291_7752
1290_7753,1291_7753
1290_7753,1291_7754
1290_7754,1290_7755
1290_7754,1291_7753
1290_7754,1291_7754
1290_7754,1291_7755
1290_7755,1290_7756
1290_7755,1291_7754
1290_7755,1291_7755
1290_7755,1291_7756
1290_7756,1290_7757
1290_7756,1291_7755
1290_7756,1291_7756
1290_7756,1291_7757
1290_7757,1290_7758
1290_7757,1291_7756
1290_7757,1291_7757
1290_7757,1291_7758
1290_7758,1290_7759
1290_7758,1291_7757
1290_7758,1291_7758
1290_7758,1291_7759
1290_7759,1290_7760
1290_7759,1291_7758
1290_7759,1291_7759
1290_7759,1291_7760
1290_7760,1290_7761
1290_7760,1291_7759
1290_7760,1291_7760
1290_7760,1291_7761
1290_7761,1290_7762
1290_7761,1291_7760
1290_7761,1291_7761
1290_7761,1291_7762
1290_7762,1290_7763
1290_7762,1291_7761
1290_7762,1291_7762
1290_7762,1291_7763
1290_7763,1290_7764
1290_7763,1291_7762
1290_7763,1291_7763
1290_7763,1291_7764
1290_7764,1290_7765
1290_7764,1291_7763
1290_7764,1291_7764
1290_7764,1291_7765
1290_7765,1290_7766
1290_7765,1291_7764
1290_7765,1291_7765
1290_7765,1291_7766
1290_7766,1290_7767
1290_7766,1291_7765
1290_7766,1291_7766
1290_7766,1291_7767
1290_7767,1290_7768
1290_7767,1291_7766
1290_7767,1291_7767
1290_7767,1291_7768
1290_7768,1290_7769
1290_7768,1291_7767
1290_7768,1291_7768
1290_7768,1291_7769
1290_7769,1290_7770
1290_7769,1291_7768
1290_7769,1291_7769
1290_7769,1291_7770
1290_7770,1290_7771
1290_7770,1291_7769
1290_7770,1291_7770
1290_7770,1291_7771
1290_7771,1290_7772
1290_7771,1291_7770
1290_7771,1291_7771
1290_7771,1291_7772
1290_7772,1290_7773
1290_7772,1291_7771
1290_7772,1291_7772
1290_7772,1291_7773
1290_7773,1291_7772
1290_7773,1291_7773
1290_7773,1291_7774
1291_7733,1292_7733
1291_7745,1291_7746
1291_7745,1292_7746
1291_7746,1291_7747
1291_7746,1292_7746
1291_7746,1292_7747
1291_7747,1291_7748
1291_7747,1292_7746
1291_7747,1292_7747
1291_7747,1292_7748
1291_7748,1291_7749
1291_7748,1292_7747
1291_7748,1292_7748
1291_7748,1292_7749
1291_7749,1291_7750
1291_7749,1292_7748
1291_7749,1292_7749
1291_7749,1292_7750
1291_7750,1291_7751
1291_7750,1292_7749
1291_7750,1292_7750
1291_7750,1292_7751
1291_7751,1291_7752
1291_7751,1292_7750
1291_7751,1292_7751
1291_7751,1292_7752
1291_7752,1291_7753
1291_7752,1292_7751
1291_7752,1292_7752
1291_7752,1292_7753
1291_7753,1291_7754
1291_7753,1292_7752
1291_7753,1292_7753
1291_7753,1292_7754
1291_7754,1291_7755
1291_7754,1292_7753
1291_7754,1292_7754
1291_7754,1292_7755
1291_7755,1291_7756
1291_7755,1292_7754
1291_7755,1292_7755
1291_7755,1292_7756
1291_7756,1291_7757
1291_7756,1292_7755
1291_7756,1292_7756
1291_7756,1292_7757
1291_7757,1291_7758
1291_7757,1292_7756
1291_7757,1292_7757
1291_7757,1292_7758
1291_7758,1291_7759
1291_7758,1292_7757
1291_7758,1292_7758
1291_7758,1292_7759
1291_7759,1291_7760
1291_7759,1292_7758
1291_7759,1292_7759
1291_7759,1292_7760
1291_7760,1291_7761
1291_7760,1292_7759
1291_7760,1292_7760
1291_7760,1292_7761
1291_7761,1291_7762
1291_7761,1292_7760
1291_7761,1292_7761
1291_7761,1292_7762
1291_7762,1291_7763
1291_7762,1292_7761
1291_7762,1292_7762
1291_7762,1292_7763
1291_7763,1291_7764
1291_7763,1292_7762
1291_7763,1292_7763
1291_7763,1292_7764
1291_7764,1291_7765
1291_7764,1292_7763
1291_7764,1292_7764
1291_7764,1292_7765
1291_7765,1291_7766
1291_7765,1292_7764
1291_7765,1292_7765
1291_7765,1292_7766
1291_7766,1291_7767
1291_7766,1292_7765
1291_7766,1292_7766
1291_7766,1292_7767
1291_7767,1291_7768
1291_7767,1292_7766
1291_7767,1292_7767
1291_7767,1292_7768
1291_7768,1291_7769
1291_7768,1292_7767
1291_7768,1292_7768
1291_7768,1292_7769
1291_7769,1291_7770
1291_7769,1292_7768
1291_7769,1292_7769
1291_7769,1292_7770
1291_7770,1291_7771
1291_7770,1292_7769
1291_7770,1292_7770
1291_7770,1292_7771
1291_7771,1291_7772
1291_7771,1292_7770
1291_7771,1292_7771
1291_7771,1292_7772
1291_7772,1291_7773
1291_7772,1292_7771
1291_7772,1292_7772
1291_7772,1292_7773
1291_7773,1291_7774
1291_7773,1292_7772
1291_7773,1292_7773
1291_7773,1292_7774
1291_7774,1292_7773
1291_7774,1292_7774
1291_7778,1292_7777
1292_7720,1293_7720
1292_7746,1292_7747
1292_7746,1293_7746
1292_7746,1293_7747
1292_7747,1292_7748
1292_7747,1293_7746
1292_7747,1293_7747
1292_7747,1293_7748
1292_7748,1292_7749
1292_7748,1293_7747
1292_7748,1293_7748
1292_7748,1293_7749
1292_7749,1292_7750
1292_7749,1293_7748
1292_7749,1293_7749
1292_7749,1293_7750
1292_7750,1292_7751
1292_7750,1293_7749
1292_7750,1293_7750
1292_7750,1293_7751
1292_7751,1292_7752
1292_7751,1293_7750
1292_7751,1293_7751
1292_7751,1293_7752
1292_7752,1292_7753
1292_7752,1293_7751
1292_7752,1293_7752
1292_7752,1293_7753
1292_7753,1292_7754
1292_7753,1293_7752
1292_7753,1293_7753
1292_7753,1293_7754
1292_7754,1292_7755
1292_7754,1293_7753
1292_7754,1293_7754
1292_7754,1293_7755
1292_7755,1292_7756
1292_7755,1293_7754
1292_7755,1293_7755
1292_7755,1293_7756
1292_7756,1292_7757
1292_7756,1293_7755
1292_7756,1293_7756
1292_7756,1293_7757
1292_7757,1292_7758
1292_7757,1293_7756
1292_7757,1293_7757
1292_7757,1293_7758
1292_7758,1292_7759
1292_7758,1293_7757
1292_7758,1293_7758
1292_7758,1293_7759
1292_7759,1292_7760
1292_7759,1293_7758
1292_7759,1293_7759
1292_7759,1293_7760
1292_7760,1292_7761
1292_7760,1293_7759
1292_7760,1293_7760
1292_7760,1293_7761
1292_7761,1292_7762
1292_7761,1293_7760
1292_7761,1293_7761
1292_7761,1293_7762
1292_7762,1292_7763
1292_7762,1293_7761
1292_7762,1293_7762
1292_7762,1293_7763
1292_7763,1292_7764
1292_7763,1293_7762
1292_7763,1293_7763
1292_7764,1292_7765
1292_7764,1293_7763
1292_7765,1292_7766
1292_7765,1293_7766
1292_7766,1292_7767
1292_7766,1293_7766
1292_7766,1293_7767
1292_7767,1292_7768
1292_7767,1293_7766
1292_7767,1293_7767
1292_7767,1293_7768
1292_7768,1292_7769
1292_7768,1293_7767
1292_7768,1293_7768
1292_7768,1293_7769
1292_7769,1292_7770
1292_7769,1293_7768
1292_7769,1293_7769
1292_7769,1293_7770
1292_7770,1292_7771
1292_7770,1293_7769
1292_7770,1293_7770
1292_7770,1293_7771
1292_7771,1292_7772
1292_7771,1293_7770
1292_7771,1293_7771
1292_7771,1293_7772
1292_7772,1292_7773
1292_7772,1293_7771
1292_7772,1293_7772
1292_7772,1293_7773
1292_7773,1292_7774
1292_7773,1293_7772
1292_7773,1293_7773
1292_7773,1293_7774
1292_7774,1293_7773
1292_7774,1293_7774
1292_7774,1293_7775
1292_7777,1293_7776
1292_7777,1293_7777
1292_7795,1292_7796
1292_7795,1293_7796
1292_7796,1293_7796
1292_7796,1293_7797
1293_1293,1294_1294
1293_7720,1294_7721
1293_7724,1293_7725
1293_7746,1293_7747
1293_7746,1294_7747
1293_7747,1293_7748
1293_7747,1294_7747
1293_7747,1294_7748
1293_7748,1293_7749
1293_7748,1294_7747
1293_7748,1294_7748
1293_7748,1294_7749
1293_7749,1293_7750
1293_7749,1294_7748
1293_7749,1294_7749
1293_7749,1294_7750
1293_7750,1293_7751
1293_7750,1294_7749
1293_7750,1294_7750
1293_7750,1294_7751
1293_7751,1293_7752
1293_7751,1294_7750
1293_7751,1294_7751
1293_7751,1294_7752
1293_7752,1293_7753
1293_7752,1294_7751
1293_7752,1294_7752
1293_7752,1294_7753
1293_7753,1293_7754
1293_7753,1294_7752
1293_7753,1294_7753
1293_7753,1294_7754
1293_7754,1293_7755
1293_7754,1294_7753
1293_7754,1294_7754
1293_7754,1294_7755
1293_7755,1293_7756
1293_7755,1294_7754
1293_7755,1294_7755
1293_7755,1294_7756
1293_7756,1293_7757
1293_7756,1294_7755
1293_7756,1294_7756
1293_7756,1294_7757
1293_7757,1293_7758
1293_7757,1294_7756
1293_7757,1294_7757
1293_7757,1294_7758
1293_7758,1293_7759
1293_7758,1294_7757
1293_7758,1294_7758
1293_7758,1294_7759
1293_7759,1293_7760
1293_7759,1294_7758
1293_7759,1294_7759
1293_7759,1294_7760
1293_7760,1293_7761
1293_7760,1294_7759
1293_7760,1294_7760
1293_7760,1294_7761
1293_7761,1293_7762
1293_7761,1294_7760
1293_7761,1294_7761
1293_7761,1294_7762
1293_7762,1293_7763
1293_7762,1294_7761
1293_7762,1294_7762
1293_7762,1294_7763
1293_7763,1294_7762
1293_7763,1294_7763
1293_7763,1294_7764
1293_7766,1293_7767
1293_7766,1294_7765
1293_7766,1294_7766
1293_7766,1294_7767
1293_7767,1293_7768
1293_7767,1294_7766
1293_7767,1294_7767
1293_7767,1294_7768
1293_7768,1293_7769
1293_7768,1294_7767
1293_7768,1294_7768
1293_7768,1294_7769
1293_7769,1293_7770
1293_7769,1294_7768
1293_7769,1294_7769
1293_7769,1294_7770
1293_7770,1293_7771
1293_7770,1294_7769
1293_7770,1294_7770
1293_7770,1294_7771
1293_7771,1293_7772
1293_7771,1294_7770
1293_7771,1294_7771
1293_7771,1294_7772
1293_7772,1293_7773
1293_7772,1294_7771
1293_7772,1294_7772
1293_7772,1294_7773
1293_7773,1293_7774
1293_7773,1294_7772
1293_7773,1294_7773
1293_7773,1294_7774
1293_7774,1293_7775
1293_7774,1294_7773
1293_7774,1294_7774
1293_7774,1294_7775
1293_7775,1293_7776
1293_7775,1294_7774
1293_7775,1294_7775
1293_7775,1294_7776
1293_7776,1293_7777
1293_7776,1294_7775
1293_7776,1294_7776
1293_7777,1294_7776
1293_7796,1293_7797
1293_7796,1294_7795
1293_7797,1293_7798
1294_1294,1295_1295
1294_7704,1294_7705
1294_7705,1295_7706
1294_7747,1294_7748
1294_7747,1295_7747
1294_7747,1295_7748
1294_7748,1294_7749
1294_7748,1295_7747
1294_7748,1295_7748
1294_7748,1295_7749
1294_7749,1294_7750
1294_7749,1295_7748
1294_7749,1295_7749
1294_7749,1295_7750
1294_7750,1294_7751
1294_7750,1295_7749
1294_7750,1295_7750
1294_7750,1295_7751
1294_7751,1294_7752
1294_7751,1295_7750
1294_7751,1295_7751
1294_7751,1295_7752
1294_7752,1294_7753
1294_7752,1295_7751
1294_7752,1295_7752
1294_7752,1295_7753
1294_7753,1294_7754
1294_7753,1295_7752
1294_7753,1295_7753
1294_7753,1295_7754
1294_7754,1294_7755
1294_7754,1295_7753
1294_7754,1295_7754
1294_7754,1295_7755
1294_7755,1294_7756
1294_7755,1295_7754
1294_7755,1295_7755
1294_7755,1295_7756
1294_7756,1294_7757
1294_7756,1295_7755
1294_7756,1295_7756
1294_7756,1295_7757
1294_7757,1294_7758
1294_7757,1295_7756
1294_7757,1295_7757
1294_7757,1295_7758
1294_7758,1294_7759
1294_7758,1295_7757
1294_7758,1295_7758
1294_7758,1295_7759
1294_7759,1294_7760
1294_7759,1295_7758
1294_7759,1295_7759
1294_7759,1295_7760
1294_7760,1294_7761
1294_7760,1295_7759
1294_7760,1295_7760
1294_7760,1295_7761
1294_7761,1294_7762
1294_7761,1295_7760
1294_7761,1295_7761
1294_7761,1295_7762
1294_7762,1294_7763
1294_7762,1295_7761
1294_7762,1295_7762
1294_7762,1295_7763
1294_7763,1294_7764
1294_7763,1295_7762
1294_7763,1295_7763
1294_7763,1295_7764
1294_7764,1294_7765
1294_7764,1295_7763
1294_7764,1295_7764
1294_7764,1295_7765
1294_7765,1294_7766
1294_7765,1295_7764
1294_7765,1295_7765
1294_7765,1295_7766
1294_7766,1294_7767
1294_7766,1295_7765
1294_7766,1295_7766
1294_7766,1295_7767
1294_7767,1294_7768
1294_7767,1295_7766
1294_7767,1295_7767
1294_7767,1295_7768
1294_7768,1294_7769
1294_7768,1295_7767
1294_7768,1295_7768
1294_7768,1295_7769
1294_7769,1294_7770
1294_7769,1295_7768
1294_7769,1295_7769
1294_7769,1295_7770
1294_7770,1294_7771
1294_7770,1295_7769
1294_7770,1295_7770
1294_7770,1295_7771
1294_7771,1294_7772
1294_7771,1295_7770
1294_7771,1295_7771
1294_7771,1295_7772
1294_7772,1294_7773
1294_7772,1295_7771
1294_7772,1295_7772
1294_7772,1295_7773
1294_7773,1294_7774
1294_7773,1295_7772
1294_7773,1295_7773
1294_7773,1295_7774
1294_7774,1294_7775
1294_7774,1295_7773
1294_7774,1295_7774
1294_7774,1295_7775
1294_7775,1294_7776
1294_7775,1295_7774
1294_7775,1295_7775
1294_7775,1295_7776
1294_7776,1295_7775
1294_7776,1295_7776
1294_7795,1295_7795
1295_1295,1296_1296
1295_7706,1296_7705
1295_7715,1296_7716
1295_7724,1295_7725
1295_7724,1296_7723
1295_7724,1296_7724
1295_7725,1296_7724
1295_7725,1296_7726
1295_7733,1296_7732
1295_7733,1296_7734
1295_7736,1296_7736
1295_7738,1296_7739
1295_7744,1295_7745
1295_7747,1295_7748
1295_7747,1296_7747
1295_7747,1296_7748
1295_7748,1295_7749
1295_7748,1296_7747
1295_7748,1296_7748
1295_7748,1296_7749
1295_7749,1295_7750
1295_7749,1296_7748
1295_7749,1296_7749
1295_7749,1296_7750
1295_7750,1295_7751
1295_7750,1296_7749
1295_7750,1296_7750
1295_7750,1296_7751
1295_7751,1295_7752
1295_7751,1296_7750
1295_7751,1296_7751
1295_7751,1296_7752
1295_7752,1295_7753
1295_7752,1296_7751
1295_7752,1296_7752
1295_7752,1296_7753
1295_7753,1295_7754
1295_7753,1296_7752
1295_7753,1296_7753
1295_7753,1296_7754
1295_7754,1295_7755
1295_7754,1296_7753
1295_7754,1296_7754
1295_7754,1296_7755
1295_7755,1295_7756
1295_7755,1296_7754
1295_7755,1296_7755
1295_7755,1296_7756
1295_7756,1295_7757
1295_7756,1296_7755
1295_7756,1296_7756
1295_7756,1296_7757
1295_7757,1295_7758
1295_7757,1296_7756
1295_7757,1296_7757
1295_7757,1296_7758
1295_7758,1295_7759
1295_7758,1296_7757
1295_7758,1296_7758
1295_7758,1296_7759
1295_7759,1295_7760
1295_7759,1296_7758
1295_7759,1296_7759
1295_7759,1296_7760
1295_7760,1295_7761
1295_7760,1296_7759
1295_7760,1296_7760
1295_7760,1296_7761
1295_7761,1295_7762
1295_7761,1296_7760
1295_7761,1296_7761
1295_7761,1296_7762
1295_7762,1295_7763
1295_7762,1296_7761
1295_7762,1296_7762
1295_7762,1296_7763
1295_7763,1295_7764
1295_7763,1296_7762
1295_7763,1296_7763
1295_7763,1296_7764
1295_7764,1295_7765
1295_7764,1296_7763
1295_7764,1296_7764
1295_7764,1296_7765
1295_7765,1295_7766
1295_7765,1296_7764
1295_7765,1296_7765
1295_7765,1296_7766
1295_7766,1295_7767
1295_7766,1296_7765
1295_7766,1296_7766
1295_7766,1296_7767
1295_7767,1295_7768
1295_7767,1296_7766
1295_7767,1296_7767
1295_7767,1296_7768
1295_7768,1295_7769
1295_7768,1296_7767
1295_7768,1296_7768
1295_7768,1296_7769
1295_7769,1295_7770
1295_7769,1296_7768
1295_7769,1296_7769
1295_7769,1296_7770
1295_7770,1295_7771
1295_7770,1296_7769
1295_7770,1296_7770
1295_7770,1296_7771
1295_7771,1295_7772
1295_7771,1296_7770
1295_7771,1296_7771
1295_7771,1296_7772
1295_7772,1295_7773
1295_7772,1296_7771
1295_7772,1296_7772
1295_7772,1296_7773
1295_7773,1295_7774
1295_7773,1296_7772
1295_7773,1296_7773
1295_7773,1296_7774
1295_7774,1295_7775
1295_7774,1296_7773
1295_7774,1296_7774
1295_7774,1296_7775
1295_7775,1295_7776
1295_7775,1296_7774
1295_7775,1296_7775
1295_7775,1296_7776
1295_7776,1296_7775
1295_7776,1296_7776
1295_7776,1296_7777
1295_7785,1295_7786
1295_7786,1296_7787
1295_7795,1296_7795
1295_7795,1296_7796
1296_1257,1297_1257
1296_7694,1297_7694
1296_7705,1297_7705
1296_7712,1297_7712
1296_7716,1296_7717
1296_7723,1296_7724
1296_7726,1297_7726
1296_7728,1296_7729
1296_7734,1297_7734
1296_7739,1296_7740
1296_7739,1297_7739
1296_7740,1297_7739
1296_7740,1297_7741
1296_7747,1296_7748
1296_7747,1297_7747
1296_7747,1297_7748
1296_7748,1296_7749
1296_7748,1297_7747
1296_7748,1297_7748
1296_7748,1297_7749
1296_7749,1296_7750
1296_7749,1297_7748
1296_7749,1297_7749
1296_7749,1297_7750
1296_7750,1296_7751
1296_7750,1297_7749
1296_7750,1297_7750
1296_7750,1297_7751
1296_7751,1296_7752
1296_7751,1297_7750
1296_7751,1297_7751
1296_7751,1297_7752
1296_7752,1296_7753
1296_7752,1297_7751
1296_7752,1297_7752
1296_7752,1297_7753
1296_7753,1296_7754
1296_7753,1297_7752
1296_7753,1297_7753
1296_7753,1297_7754
1296_7754,1296_7755
1296_7754,1297_7753
1296_7754,1297_7754
1296_7754,1297_7755
1296_7755,1296_7756
1296_7755,1297_7754
1296_7755,1297_7755
1296_7755,1297_7756
1296_7756,1296_7757
1296_7756,1297_7755
1296_7756,1297_7756
1296_7756,1297_7757
1296_7757,1296_7758
1296_7757,1297_7756
1296_7757,1297_7757
1296_7757,1297_7758
1296_7758,1296_7759
1296_7758,1297_7757
1296_7758,1297_7758
1296_7758,1297_7759
1296_7759,1296_7760
1296_7759,1297_7758
1296_7759,1297_7759
1296_7759,1297_7760
1296_7760,1296_7761
1296_7760,1297_7759
1296_7760,1297_7760
1296_7760,1297_7761
1296_7761,1296_7762
1296_7761,1297_7760
1296_7761,1297_7761
1296_7761,1297_7762
1296_7762,1296_7763
1296_7762,1297_7761
1296_7762,1297_7762
1296_7762,1297_7763
1296_7763,1296_7764
1296_7763,1297_7762
1296_7763,1297_7763
1296_7763,1297_7764
1296_7764,1296_7765
1296_7764,1297_7763
1296_7764,1297_7764
1296_7764,1297_7765
1296_7765,1296_7766
1296_7765,1297_7764
1296_7765,1297_7765
1296_7765,1297_7766
1296_7766,1296_7767
1296_7766,1297_7765
1296_7766,1297_7766
1296_7766,1297_7767
1296_7767,1296_7768
1296_7767,1297_7766
1296_7767,1297_7767
1296_7767,1297_7768
1296_7768,1296_7769
1296_7768,1297_7767
1296_7768,1297_7768
1296_7768,1297_7769
1296_7769,1296_7770
1296_7769,1297_7768
1296_7769,1297_7769
1296_7769,1297_7770
1296_7770,1296_7771
1296_7770,1297_7769
1296_7770,1297_7770
1296_7770,1297_7771
1296_7771,1296_7772
1296_7771,1297_7770
1296_7771,1297_7771
1296_7771,1297_7772
1296_7772,1296_7773
1296_7772,1297_7771
1296_7772,1297_7772
1296_7772,1297_7773
1296_7773,1296_7774
1296_7773,1297_7772
1296_7773,1297_7773
1296_7773,1297_7774
1296_7774,1296_7775
1296_7774,1297_7773
1296_7774,1297_7774
1296_7774,1297_7775
1296_7775,1296_7776
1296_7775,1297_7774
1296_7775,1297_7775
1296_7775,1297_7776
1296_7776,1296_7777
1296_7776,1297_7775
1296_7776,1297_7776
1296_7776,1297_7777
1296_7777,1297_7776
1296_7777,1297_7777
1296_7787,1297_7786
1296_7795,1296_7796
1296_7795,1297_7794
1296_7795,1297_7795
1296_7796,1297_7795
1296_7796,1297_7797
1297_755,1298_755
1297_7712,1298_7712
1297_7726,1298_7726
1297_7734,1298_7734
1297_7734,1298_7735
1297_7741,1298_7741
1297_7747,1297_7748
1297_7747,1298_7747
1297_7747,1298_7748
1297_7748,1297_7749
1297_7748,1298_7747
1297_7748,1298_7748
1297_7748,1298_7749
1297_7749,1297_7750
1297_7749,1298_7748
1297_7749,1298_7749
1297_7749,1298_7750
1297_7750,1297_7751
1297_7750,1298_7749
1297_7750,1298_7750
1297_7750,1298_7751
1297_7751,1297_7752
1297_7751,1298_7750
1297_7751,1298_7751
1297_7751,1298_7752
1297_7752,1297_7753
1297_7752,1298_7751
1297_7752,1298_7752
1297_7752,1298_7753
1297_7753,1297_7754
1297_7753,1298_7752
1297_7753,1298_7753
1297_7753,1298_7754
1297_7754,1297_7755
1297_7754,1298_7753
1297_7754,1298_7754
1297_7754,1298_7755
1297_7755,1297_7756
1297_7755,1298_7754
1297_7755,1298_7755
1297_7755,1298_7756
1297_7756,1297_7757
1297_7756,1298_7755
1297_7756,1298_7756
1297_7756,1298_7757
1297_7757,1297_7758
1297_7757,1298_7756
1297_7757,1298_7757
1297_7757,1298_7758
1297_7758,1297_7759
1297_7758,1298_7757
1297_7758,1298_7758
1297_7758,1298_7759
1297_7759,1297_7760
1297_7759,1298_7758
1297_7759,1298_7759
1297_7759,1298_7760
1297_7760,1297_7761
1297_7760,1298_7759
1297_7760,1298_7760
1297_7760,1298_7761
1297_7761,1297_7762
1297_7761,1298_7760
1297_7761,1298_7761
1297_7761,1298_7762
1297_7762,1297_7763
1297_7762,1298_7761
1297_7762,1298_7762
1297_7762,1298_7763
1297_7763,1297_7764
1297_7763,1298_7762
1297_7763,1298_7763
1297_7763,1298_7764
1297_7764,1297_7765
1297_7764,1298_7763
1297_7764,1298_7764
1297_7764,1298_7765
1297_7765,1297_7766
1297_7765,1298_7764
1297_7765,1298_7765
1297_7765,1298_7766
1297_7766,1297_7767
1297_7766,1298_7765
1297_7766,1298_7766
1297_7766,1298_7767
1297_7767,1297_7768
1297_7767,1298_7766
1297_7767,1298_7767
1297_7767,1298_7768
1297_7768,1297_7769
1297_7768,1298_7767
1297_7768,1298_7768
1297_7768,1298_7769
1297_7769,1297_7770
1297_7769,1298_7768
1297_7769,1298_7769
1297_7769,1298_7770
1297_7770,1297_7771
1297_7770,1298_7769
1297_7770,1298_7770
1297_7770,1298_7771
1297_7771,1297_7772
1297_7771,1298_7770
1297_7771,1298_7771
1297_7771,1298_7772
1297_7772,1297_7773
1297_7772,1298_7771
1297_7772,1298_7772
1297_7772,1298_7773
1297_7773,1297_7774
1297_7773,1298_7772
1297_7773,1298_7773
1297_7773,1298_7774
1297_7774,1297_7775
1297_7774,1298_7773
1297_7774,1298_7774
1297_7774,1298_7775
1297_7775,1297_7776
1297_7775,1298_7774
1297_7775,1298_7775
1297_7775,1298_7776
1297_7776,1297_7777
1297_7776,1298_7775
1297_7776,1298_7776
1297_7776,1298_7777
1297_7777,1298_7776
1297_7777,1298_7777
1297_7786,1298_7785
1297_7786,1298_7786
1297_7794,1297_7795
1297_7795,1298_7796
1297_7797,1297_7798
1297_7797,1298_7796
1297_7797,1298_7798
1297_7798,1298_7798
1298_7726,1299_7725
1298_7726,1299_7726
1298_7732,1299_7733
1298_7734,1298_7735
1298_7734,1299_7733
1298_7734,1299_7735
1298_7735,1298_7736
1298_7735,1299_7735
1298_7735,1299_7736
1298_7736,1299_7735
1298_7736,1299_7736
1298_7744,1298_7745
1298_7744,1299_7744
1298_7745,1299_7744
1298_7745,1299_7746
1298_7747,1298_7748
1298_7747,1299_7746
1298_7747,1299_7747
1298_7747,1299_7748
1298_7748,1298_7749
1298_7748,1299_7747
1298_7748,1299_7748
1298_7748,1299_7749
1298_7749,1298_7750
1298_7749,1299_7748
1298_7749,1299_7749
1298_7749,1299_7750
1298_7750,1298_7751
1298_7750,1299_7749
1298_7750,1299_7750
1298_7750,1299_7751
1298_7751,1298_7752
1298_7751,1299_7750
1298_7751,1299_7751
1298_7751,1299_7752
1298_7752,1298_7753
1298_7752,1299_7751
1298_7752,1299_7752
1298_7752,1299_7753
1298_7753,1298_7754
1298_7753,1299_7752
1298_7753,1299_7753
1298_7753,1299_7754
1298_7754,1298_7755
1298_7754,1299_7753
1298_7754,1299_7754
1298_7754,1299_7755
1298_7755,1298_7756
1298_7755,1299_7754
1298_7755,1299_7755
1298_7755,1299_7756
1298_7756,1298_7757
1298_7756,1299_7755
1298_7756,1299_7756
1298_7756,1299_7757
1298_7757,1298_7758
1298_7757,1299_7756
1298_7757,1299_7757
1298_7757,1299_7758
1298_7758,1298_7759
1298_7758,1299_7757
1298_7758,1299_7758
1298_7758,1299_7759
1298_7759,1298_7760
1298_7759,1299_7758
1298_7759,1299_7759
1298_7759,1299_7760
1298_7760,1298_7761
1298_7760,1299_7759
1298_7760,1299_7760
1298_7760,1299_7761
1298_7761,1298_7762
1298_7761,1299_7760
1298_7761,1299_7761
1298_7761,1299_7762
1298_7762,1298_7763
1298_7762,1299_7761
1298_7762,1299_7762
1298_7762,1299_7763
1298_7763,1298_7764
1298_7763,1299_7762
1298_7763,1299_7763
1298_7763,1299_7764
1298_7764,1298_7765
1298_7764,1299_7763
1298_7764,1299_7764
1298_7764,1299_7765
1298_7765,1298_7766
1298_7765,1299_7764
1298_7765,1299_7765
1298_7765,1299_7766
1298_7766,1298_7767
1298_7766,1299_7765
1298_7766,1299_7766
1298_7766,1299_7767
1298_7767,1298_7768
1298_7767,1299_7766
1298_7767,1299_7767
1298_7767,1299_7768
1298_7768,1298_7769
1298_7768,1299_7767
1298_7768,1299_7768
1298_7768,1299_7769
1298_7769,1298_7770
1298_7769,1299_7768
1298_7769,1299_7769
1298_7769,1299_7770
1298_7770,1298_7771
1298_7770,1299_7769
1298_7770,1299_7770
1298_7770,1299_7771
1298_7771,1298_7772
1298_7771,1299_7770
1298_7771,1299_7771
1298_7771,1299_7772
1298_7772,1298_7773
1298_7772,1299_7771
1298_7772,1299_7772
1298_7772,1299_7773
1298_7773,1298_7774
1298_7773,1299_7772
1298_7773,1299_7773
1298_7773,1299_7774
1298_7774,1298_7775
1298_7774,1299_7773
1298_7774,1299_7774
1298_7774,1299_7775
1298_7775,1298_7776
1298_7775,1299_7774
1298_7775,1299_7775
1298_7775,1299_7776
1298_7776,1298_7777
1298_7776,1299_7775
1298_7776,1299_7776
1298_7776,1299_7777
1298_7777,1299_7776
1298_7777,1299_7777
1298_7785,1298_7786
1298_7796,1299_7795
1298_7796,1299_7796
1298_7798,1299_7799
1299_1299,1299_1300
1299_1299,1300_1300
1299_1300,1300_1300
1299_7715,1300_7714
1299_7715,1300_7715
1299_7725,1299_7726
1299_7725,1300_7724
1299_7725,1300_7725
1299_7726,1300_7725
1299_7726,1300_7727
1299_7733,1300_7732
1299_7733,1300_7733
1299_7733,1300_7734
1299_7735,1299_7736
1299_7735,1300_7734
1299_7735,1300_7735
1299_7735,1300_7736
1299_7736,1300_7735
1299_7736,1300_7736
1299_7744,1300_7744
1299_7744,1300_7745
1299_7746,1299_7747
1299_7746,1300_7745
1299_7746,1300_7747
1299_7747,1299_7748
1299_7747,1300_7747
1299_7747,1300_7748
1299_7748,1299_7749
1299_7748,1300_7747
1299_7748,1300_7748
1299_7748,1300_7749
1299_7749,1299_7750
1299_7749,1300_7748
1299_7749,1300_7749
1299_7749,1300_7750
1299_7750,1299_7751
1299_7750,1300_7749
1299_7750,1300_7750
1299_7750,1300_7751
1299_7751,1299_7752
1299_7751,1300_7750
1299_7751,1300_7751
1299_7751,1300_7752
1299_7752,1299_7753
1299_7752,1300_7751
1299_7752,1300_7752
1299_7752,1300_7753
1299_7753,1299_7754
1299_7753,1300_7752
1299_7753,1300_7753
1299_7753,1300_7754
1299_7754,1299_7755
1299_7754,1300_7753
1299_7754,1300_7754
1299_7754,1300_7755
1299_7755,1299_7756
1299_7755,1300_7754
1299_7755,1300_7755
1299_7755,1300_7756
1299_7756,1299_7757
1299_7756,1300_7755
1299_7756,1300_7756
1299_7756,1300_7757
1299_7757,1299_7758
1299_7757,1300_7756
1299_7757,1300_7757
1299_7757,1300_7758
1299_7758,1299_7759
1299_7758,1300_7757
1299_7758,1300_7758
1299_7758,1300_7759
1299_7759,1299_7760
1299_7759,1300_7758
1299_7759,1300_7759
1299_7759,1300_7760
1299_7760,1299_7761
1299_7760,1300_7759
1299_7760,1300_7760
1299_7760,1300_7761
1299_7761,1299_7762
1299_7761,1300_7760
1299_7761,1300_7761
1299_7761,1300_7762
1299_7762,1299_7763
1299_7762,1300_7761
1299_7762,1300_7762
1299_7762,1300_7763
1299_7763,1299_7764
1299_7763,1300_7762
1299_7763,1300_7763
1299_7763,1300_7764
1299_7764,1299_7765
1299_7764,1300_7763
1299_7764,1300_7764
1299_7764,1300_7765
1299_7765,1299_7766
1299_7765,1300_7764
1299_7765,1300_7765
1299_7765,1300_7766
1299_7766,1299_7767
1299_7766,1300_7765
1299_7766,1300_7766
1299_7766,1300_7767
1299_7767,1299_7768
1299_7767,1300_7766
1299_7767,1300_7767
1299_7767,1300_7768
1299_7768,1299_7769
1299_7768,1300_7767
1299_7768,1300_7768
1299_7768,1300_7769
1299_7769,1299_7770
1299_7769,1300_7768
1299_7769,1300_7769
1299_7769,1300_7770
1299_7770,1299_7771
1299_7770,1300_7769
1299_7770,1300_7770
1299_7770,1300_7771
1299_7771,1299_7772
1299_7771,1300_7770
1299_7771,1300_7771
1299_7771,1300_7772
1299_7772,1299_7773
1299_7772,1300_7771
1299_7772,1300_7772
1299_7772,1300_7773
1299_7773,1299_7774
1299_7773,1300_7772
1299_7773,1300_7773
1299_7773,1300_7774
1299_7774,1299_7775
1299_7774,1300_7773
1299_7774,1300_7774
1299_7774,1300_7775
1299_7775,1299_7776
1299_7775,1300_7774
1299_7775,1300_7775
1299_7775,1300_7776
1299_7776,1299_7777
1299_7776,1300_7775
1299_7776,1300_7776
1299_7777,1300_7776
1299_7783,1300_7783
1299_7795,1299_7796
129_775,130_774
129_775,130_775
12_77,13_77
1300_7700,1300_7701
1300_7700,1301_7701
1300_7701,1301_7701
1300_7701,1301_7702
1300_7703,1301_7702
1300_7703,1301_7703
1300_7706,1301_7705
1300_7706,1301_7706
1300_7706,1301_7707
1300_7712,1301_7712
1300_7712,1301_7713
1300_7714,1300_7715
1300_7714,1301_7713
1300_7720,1300_7721
1300_7720,1301_7719
1300_7724,1300_7725
1300_7724,1301_7723
1300_7724,1301_7725
1300_7725,1301_7725
1300_7729,1300_7730
1300_7729,1301_7729
1300_7729,1301_7730
1300_7730,1300_7731
1300_7730,1301_7729
1300_7730,1301_7730
1300_7730,1301_7731
1300_7731,1300_7732
1300_7731,1301_7730
1300_7731,1301_7731
1300_7731,1301_7732
1300_7732,1300_7733
1300_7732,1301_7731
1300_7732,1301_7732
1300_7732,1301_7733
1300_7733,1300_7734
1300_7733,1301_7732
1300_7733,1301_7733
1300_7733,1301_7734
1300_7734,1300_7735
1300_7734,1301_7733
1300_7734,1301_7734
1300_7734,1301_7735
1300_7735,1300_7736
1300_7735,1301_7734
1300_7735,1301_7735
1300_7735,1301_7736
1300_7736,1301_7735
1300_7736,1301_7736
1300_7736,1301_7737
1300_7739,1301_7738
1300_7744,1300_7745
1300_7744,1301_7743
1300_7744,1301_7745
1300_7745,1301_7745
1300_7747,1300_7748
1300_7747,1301_7747
1300_7747,1301_7748
1300_7748,1300_7749
1300_7748,1301_7747
1300_7748,1301_7748
1300_7748,1301_7749
1300_7749,1300_7750
1300_7749,1301_7748
1300_7749,1301_7749
1300_7749,1301_7750
1300_7750,1300_7751
1300_7750,1301_7749
1300_7750,1301_7750
1300_7750,1301_7751
1300_7751,1300_7752
1300_7751,1301_7750
1300_7751,1301_7751
1300_7751,1301_7752
1300_7752,1300_7753
1300_7752,1301_7751
1300_7752,1301_7752
1300_7752,1301_7753
1300_7753,1300_7754
1300_7753,1301_7752
1300_7753,1301_7753
1300_7753,1301_7754
1300_7754,1300_7755
1300_7754,1301_7753
1300_7754,1301_7754
1300_7754,1301_7755
1300_7755,1300_7756
1300_7755,1301_7754
1300_7755,1301_7755
1300_7755,1301_7756
1300_7756,1300_7757
1300_7756,1301_7755
1300_7756,1301_7756
1300_7756,1301_7757
1300_7757,1300_7758
1300_7757,1301_7756
1300_7757,1301_7757
1300_7757,1301_7758
1300_7758,1300_7759
1300_7758,1301_7757
1300_7758,1301_7758
1300_7758,1301_7759
1300_7759,1300_7760
1300_7759,1301_7758
1300_7759,1301_7759
1300_7759,1301_7760
1300_7760,1300_7761
1300_7760,1301_7759
1300_7760,1301_7760
1300_7760,1301_7761
1300_7761,1300_7762
1300_7761,1301_7760
1300_7761,1301_7761
1300_7761,1301_7762
1300_7762,1300_7763
1300_7762,1301_7761
1300_7762,1301_7762
1300_7762,1301_7763
1300_7763,1300_7764
1300_7763,1301_7762
1300_7763,1301_7763
1300_7763,1301_7764
1300_7764,1300_7765
1300_7764,1301_7763
1300_7764,1301_7764
1300_7764,1301_7765
1300_7765,1300_7766
1300_7765,1301_7764
1300_7765,1301_7765
1300_7765,1301_7766
1300_7766,1300_7767
1300_7766,1301_7765
1300_7766,1301_7766
1300_7766,1301_7767
1300_7767,1300_7768
1300_7767,1301_7766
1300_7767,1301_7767
1300_7767,1301_7768
1300_7768,1300_7769
1300_7768,1301_7767
1300_7768,1301_7768
1300_7768,1301_7769
1300_7769,1300_7770
1300_7769,1301_7768
1300_7769,1301_7769
1300_7769,1301_7770
1300_7770,1300_7771
1300_7770,1301_7769
1300_7770,1301_7770
1300_7770,1301_7771
1300_7771,1300_7772
1300_7771,1301_7770
1300_7771,1301_7771
1300_7771,1301_7772
1300_7772,1300_7773
1300_7772,1301_7771
1300_7772,1301_7772
1300_7772,1301_7773
1300_7773,1300_7774
1300_7773,1301_7772
1300_7773,1301_7773
1300_7773,1301_7774
1300_7774,1300_7775
1300_7774,1301_7773
1300_7774,1301_7774
1300_7774,1301_7775
1300_7775,1300_7776
1300_7775,1301_7774
1300_7775,1301_7775
1300_7775,1301_7776
1300_7776,1301_7775
1300_7776,1301_7776
1301_1759,1302_1758
1301_7701,1301_7702
1301_7701,1302_7700
1301_7702,1301_7703
1301_7702,1302_7703
1301_7703,1302_7703
1301_7703,1302_7704
1301_7705,1301_7706
1301_7705,1302_7704
1301_7705,1302_7705
1301_7706,1301_7707
1301_7706,1302_7705
1301_7712,1301_7713
1301_7712,1302_7712
1301_7712,1302_7713
1301_7713,1302_7712
1301_7713,1302_7713
1301_7725,1302_7725
1301_7729,1301_7730
1301_7729,1302_7728
1301_7729,1302_7729
1301_7729,1302_7730
1301_7730,1301_7731
1301_7730,1302_7729
1301_7730,1302_7730
1301_7730,1302_7731
1301_7731,1301_7732
1301_7731,1302_7730
1301_7731,1302_7731
1301_7731,1302_7732
1301_7732,1301_7733
1301_7732,1302_7731
1301_7732,1302_7732
1301_7732,1302_7733
1301_7733,1301_7734
1301_7733,1302_7732
1301_7733,1302_7733
1301_7734,1301_7735
1301_7734,1302_7733
1301_7735,1301_7736
1301_7736,1301_7737
1301_7737,1301_7738
1301_7738,1302_7739
1301_7745,1302_7746
1301_7747,1301_7748
1301_7747,1302_7746
1301_7747,1302_7747
1301_7747,1302_7748
1301_7748,1301_7749
1301_7748,1302_7747
1301_7748,1302_7748
1301_7748,1302_7749
1301_7749,1301_7750
1301_7749,1302_7748
1301_7749,1302_7749
1301_7749,1302_7750
1301_7750,1301_7751
1301_7750,1302_7749
1301_7750,1302_7750
1301_7750,1302_7751
1301_7751,1301_7752
1301_7751,1302_7750
1301_7751,1302_7751
1301_7751,1302_7752
1301_7752,1301_7753
1301_7752,1302_7751
1301_7752,1302_7752
1301_7752,1302_7753
1301_7753,1301_7754
1301_7753,1302_7752
1301_7753,1302_7753
1301_7753,1302_7754
1301_7754,1301_7755
1301_7754,1302_7753
1301_7754,1302_7754
1301_7754,1302_7755
1301_7755,1301_7756
1301_7755,1302_7754
1301_7755,1302_7755
1301_7755,1302_7756
1301_7756,1301_7757
1301_7756,1302_7755
1301_7756,1302_7756
1301_7756,1302_7757
1301_7757,1301_7758
1301_7757,1302_7756
1301_7757,1302_7757
1301_7757,1302_7758
1301_7758,1301_7759
1301_7758,1302_7757
1301_7758,1302_7758
1301_7758,1302_7759
1301_7759,1301_7760
1301_7759,1302_7758
1301_7759,1302_7759
1301_7759,1302_7760
1301_7760,1301_7761
1301_7760,1302_7759
1301_7760,1302_7760
1301_7760,1302_7761
1301_7761,1301_7762
1301_7761,1302_7760
1301_7761,1302_7761
1301_7761,1302_7762
1301_7762,1301_7763
1301_7762,1302_7761
1301_7762,1302_7762
1301_7762,1302_7763
1301_7763,1301_7764
1301_7763,1302_7762
1301_7763,1302_7763
1301_7763,1302_7764
1301_7764,1301_7765
1301_7764,1302_7763
1301_7764,1302_7764
1301_7764,1302_7765
1301_7765,1301_7766
1301_7765,1302_7764
1301_7765,1302_7765
1301_7765,1302_7766
1301_7766,1301_7767
1301_7766,1302_7765
1301_7766,1302_7766
1301_7766,1302_7767
1301_7767,1301_7768
1301_7767,1302_7766
1301_7767,1302_7767
1301_7767,1302_7768
1301_7768,1301_7769
1301_7768,1302_7767
1301_7768,1302_7768
1301_7768,1302_7769
1301_7769,1301_7770
1301_7769,1302_7768
1301_7769,1302_7769
1301_7769,1302_7770
1301_7770,1301_7771
1301_7770,1302_7769
1301_7770,1302_7770
1301_7770,1302_7771
1301_7771,1301_7772
1301_7771,1302_7770
1301_7771,1302_7771
1301_7771,1302_7772
1301_7772,1301_7773
1301_7772,1302_7771
1301_7772,1302_7772
1301_7773,1301_7774
1301_7773,1302_7772
1301_7773,1302_7774
1301_7774,1301_7775
1301_7774,1302_7774
1301_7774,1302_7775
1301_7775,1301_7776
1301_7775,1302_7774
1301_7775,1302_7775
1301_7775,1302_7776
1301_7776,1302_7775
1301_7776,1302_7776
1301_7776,1302_7777
1301_7778,1302_7777
1302_1302,1303_1303
1302_1758,1303_1758
1302_7703,1302_7704
1302_7703,1303_7702
1302_7703,1303_7703
1302_7704,1302_7705
1302_7704,1303_7703
1302_7704,1303_7705
1302_7705,1303_7705
1302_7712,1302_7713
1302_7728,1302_7729
1302_7728,1303_7729
1302_7729,1302_7730
1302_7729,1303_7729
1302_7730,1302_7731
1302_7730,1303_7729
1302_7731,1302_7732
1302_7731,1303_7732
1302_7732,1302_7733
1302_7732,1303_7732
1302_7732,1303_7733
1302_7733,1303_7732
1302_7733,1303_7733
1302_7746,1302_7747
1302_7746,1303_7747
1302_7747,1302_7748
1302_7747,1303_7747
1302_7747,1303_7748
1302_7748,1302_7749
1302_7748,1303_7747
1302_7748,1303_7748
1302_7748,1303_7749
1302_7749,1302_7750
1302_7749,1303_7748
1302_7749,1303_7749
1302_7749,1303_7750
1302_7750,1302_7751
1302_7750,1303_7749
1302_7750,1303_7750
1302_7750,1303_7751
1302_7751,1302_7752
1302_7751,1303_7750
1302_7751,1303_7751
1302_7751,1303_7752
1302_7752,1302_7753
1302_7752,1303_7751
1302_7752,1303_7752
1302_7752,1303_7753
1302_7753,1302_7754
1302_7753,1303_7752
1302_7753,1303_7753
1302_7753,1303_7754
1302_7754,1302_7755
1302_7754,1303_7753
1302_7754,1303_7754
1302_7754,1303_7755
1302_7755,1302_7756
1302_7755,1303_7754
1302_7755,1303_7755
1302_7755,1303_7756
1302_7756,1302_7757
1302_7756,1303_7755
1302_7756,1303_7756
1302_7756,1303_7757
1302_7757,1302_7758
1302_7757,1303_7756
1302_7757,1303_7757
1302_7757,1303_7758
1302_7758,1302_7759
1302_7758,1303_7757
1302_7758,1303_7758
1302_7758,1303_7759
1302_7759,1302_7760
1302_7759,1303_7758
1302_7759,1303_7759
1302_7759,1303_7760
1302_7760,1302_7761
1302_7760,1303_7759
1302_7760,1303_7760
1302_7760,1303_7761
1302_7761,1302_7762
1302_7761,1303_7760
1302_7761,1303_7761
1302_7761,1303_7762
1302_7762,1302_7763
1302_7762,1303_7761
1302_7762,1303_7762
1302_7762,1303_7763
1302_7763,1302_7764
1302_7763,1303_7762
1302_7763,1303_7763
1302_7763,1303_7764
1302_7764,1302_7765
1302_7764,1303_7763
1302_7764,1303_7764
1302_7764,1303_7765
1302_7765,1302_7766
1302_7765,1303_7764
1302_7765,1303_7765
1302_7765,1303_7766
1302_7766,1302_7767
1302_7766,1303_7765
1302_7766,1303_7766
1302_7766,1303_7767
1302_7767,1302_7768
1302_7767,1303_7766
1302_7767,1303_7767
1302_7767,1303_7768
1302_7768,1302_7769
1302_7768,1303_7767
1302_7768,1303_7768
1302_7768,1303_7769
1302_7769,1302_7770
1302_7769,1303_7768
1302_7769,1303_7769
1302_7769,1303_7770
1302_7770,1302_7771
1302_7770,1303_7769
1302_7770,1303_7770
1302_7770,1303_7771
1302_7771,1302_7772
1302_7771,1303_7770
1302_7771,1303_7771
1302_7772,1303_7771
1302_7772,1303_7773
1302_7774,1302_7775
1302_7774,1303_7773
1302_7774,1303_7774
1302_7774,1303_7775
1302_7775,1302_7776
1302_7775,1303_7774
1302_7775,1303_7775
1302_7775,1303_7776
1302_7776,1302_7777
1302_7776,1303_7775
1302_7776,1303_7776
1302_7776,1303_7777
1302_7777,1303_7776
1302_7777,1303_7777
1302_7787,1303_7787
1302_7787,1303_7788
1303_1303,1304_1304
1303_7702,1303_7703
1303_7732,1303_7733
1303_7732,1304_7732
1303_7732,1304_7733
1303_7733,1304_7732
1303_7733,1304_7733
1303_7733,1304_7734
1303_7736,1303_7737
1303_7736,1304_7735
1303_7736,1304_7736
1303_7737,1304_7736
1303_7747,1303_7748
1303_7747,1304_7747
1303_7747,1304_7748
1303_7748,1303_7749
1303_7748,1304_7747
1303_7748,1304_7748
1303_7748,1304_7749
1303_7749,1303_7750
1303_7749,1304_7748
1303_7749,1304_7749
1303_7749,1304_7750
1303_7750,1303_7751
1303_7750,1304_7749
1303_7750,1304_7750
1303_7750,1304_7751
1303_7751,1303_7752
1303_7751,1304_7750
1303_7751,1304_7751
1303_7751,1304_7752
1303_7752,1303_7753
1303_7752,1304_7751
1303_7752,1304_7752
1303_7752,1304_7753
1303_7753,1303_7754
1303_7753,1304_7752
1303_7753,1304_7753
1303_7753,1304_7754
1303_7754,1303_7755
1303_7754,1304_7753
1303_7754,1304_7754
1303_7754,1304_7755
1303_7755,1303_7756
1303_7755,1304_7754
1303_7755,1304_7755
1303_7755,1304_7756
1303_7756,1303_7757
1303_7756,1304_7755
1303_7756,1304_7756
1303_7756,1304_7757
1303_7757,1303_7758
1303_7757,1304_7756
1303_7757,1304_7757
1303_7757,1304_7758
1303_7758,1303_7759
1303_7758,1304_7757
1303_7758,1304_7758
1303_7758,1304_7759
1303_7759,1303_7760
1303_7759,1304_7758
1303_7759,1304_7759
1303_7759,1304_7760
1303_7760,1303_7761
1303_7760,1304_7759
1303_7760,1304_7760
1303_7760,1304_7761
1303_7761,1303_7762
1303_7761,1304_7760
1303_7761,1304_7761
1303_7761,1304_7762
1303_7762,1303_7763
1303_7762,1304_7761
1303_7762,1304_7762
1303_7762,1304_7763
1303_7763,1303_7764
1303_7763,1304_7762
1303_7763,1304_7763
1303_7763,1304_7764
1303_7764,1303_7765
1303_7764,1304_7763
1303_7764,1304_7764
1303_7764,1304_7765
1303_7765,1303_7766
1303_7765,1304_7764
1303_7765,1304_7765
1303_7765,1304_7766
1303_7766,1303_7767
1303_7766,1304_7765
1303_7766,1304_7766
1303_7766,1304_7767
1303_7767,1303_7768
1303_7767,1304_7766
1303_7767,1304_7767
1303_7767,1304_7768
1303_7768,1303_7769
1303_7768,1304_7767
1303_7768,1304_7768
1303_7768,1304_7769
1303_7769,1303_7770
1303_7769,1304_7768
1303_7769,1304_7769
1303_7769,1304_7770
1303_7770,1303_7771
1303_7770,1304_7769
1303_7770,1304_7770
1303_7770,1304_7771
1303_7771,1304_7770
1303_7771,1304_7771
1303_7771,1304_7772
1303_7773,1303_7774
1303_7773,1304_7772
1303_7773,1304_7773
1303_7774,1303_7775
1303_7774,1304_7773
1303_7775,1303_7776
1303_7776,1303_7777
1303_7787,1303_7788
1304_7732,1304_7733
1304_7732,1305_7731
1304_7732,1305_7732
1304_7732,1305_7733
1304_7733,1304_7734
1304_7733,1305_7732
1304_7733,1305_7733
1304_7734,1304_7735
1304_7734,1305_7733
1304_7735,1304_7736
1304_7739,1305_7738
1304_7747,1304_7748
1304_7748,1304_7749
1304_7748,1305_7749
1304_7749,1304_7750
1304_7749,1305_7749
1304_7749,1305_7750
1304_7750,1304_7751
1304_7750,1305_7749
1304_7750,1305_7750
1304_7750,1305_7751
1304_7751,1304_7752
1304_7751,1305_7750
1304_7751,1305_7751
1304_7751,1305_7752
1304_7752,1304_7753
1304_7752,1305_7751
1304_7752,1305_7752
1304_7752,1305_7753
1304_7753,1304_7754
1304_7753,1305_7752
1304_7753,1305_7753
1304_7753,1305_7754
1304_7754,1304_7755
1304_7754,1305_7753
1304_7754,1305_7754
1304_7754,1305_7755
1304_7755,1304_7756
1304_7755,1305_7754
1304_7755,1305_7755
1304_7755,1305_7756
1304_7756,1304_7757
1304_7756,1305_7755
1304_7756,1305_7756
1304_7756,1305_7757
1304_7757,1304_7758
1304_7757,1305_7756
1304_7757,1305_7757
1304_7757,1305_7758
1304_7758,1304_7759
1304_7758,1305_7757
1304_7758,1305_7758
1304_7758,1305_7759
1304_7759,1304_7760
1304_7759,1305_7758
1304_7759,1305_7759
1304_7759,1305_7760
1304_7760,1304_7761
1304_7760,1305_7759
1304_7760,1305_7760
1304_7760,1305_7761
1304_7761,1304_7762
1304_7761,1305_7760
1304_7761,1305_7761
1304_7761,1305_7762
1304_7762,1304_7763
1304_7762,1305_7761
1304_7762,1305_7762
1304_7762,1305_7763
1304_7763,1304_7764
1304_7763,1305_7762
1304_7763,1305_7763
1304_7763,1305_7764
1304_7764,1304_7765
1304_7764,1305_7763
1304_7764,1305_7764
1304_7764,1305_7765
1304_7765,1304_7766
1304_7765,1305_7764
1304_7765,1305_7765
1304_7765,1305_7766
1304_7766,1304_7767
1304_7766,1305_7765
1304_7766,1305_7766
1304_7766,1305_7767
1304_7767,1304_7768
1304_7767,1305_7766
1304_7767,1305_7767
1304_7768,1304_7769
1304_7768,1305_7767
1304_7769,1304_7770
1304_7770,1304_7771
1304_7771,1304_7772
1304_7772,1304_7773
1304_7772,1305_7773
1304_7773,1305_7773
1305_7702,1305_7703
1305_7712,1305_7713
1305_7712,1306_7713
1305_7713,1306_7713
1305_7728,1305_7729
1305_7728,1306_7728
1305_7729,1305_7730
1305_7729,1306_7728
1305_7730,1305_7731
1305_7730,1306_7731
1305_7731,1305_7732
1305_7731,1306_7731
1305_7732,1305_7733
1305_7732,1306_7731
1305_7749,1305_7750
1305_7749,1306_7748
1305_7749,1306_7749
1305_7749,1306_7750
1305_7750,1305_7751
1305_7750,1306_7749
1305_7750,1306_7750
1305_7750,1306_7751
1305_7751,1305_7752
1305_7751,1306_7750
1305_7751,1306_7751
1305_7751,1306_7752
1305_7752,1305_7753
1305_7752,1306_7751
1305_7752,1306_7752
1305_7752,1306_7753
1305_7753,1305_7754
1305_7753,1306_7752
1305_7753,1306_7753
1305_7753,1306_7754
1305_7754,1305_7755
1305_7754,1306_7753
1305_7754,1306_7754
1305_7754,1306_7755
1305_7755,1305_7756
1305_7755,1306_7754
1305_7755,1306_7755
1305_7755,1306_7756
1305_7756,1305_7757
1305_7756,1306_7755
1305_7756,1306_7756
1305_7756,1306_7757
1305_7757,1305_7758
1305_7757,1306_7756
1305_7757,1306_7757
1305_7757,1306_7758
1305_7758,1305_7759
1305_7758,1306_7757
1305_7758,1306_7758
1305_7758,1306_7759
1305_7759,1305_7760
1305_7759,1306_7758
1305_7759,1306_7759
1305_7759,1306_7760
1305_7760,1305_7761
1305_7760,1306_7759
1305_7760,1306_7760
1305_7760,1306_7761
1305_7761,1305_7762
1305_7761,1306_7760
1305_7761,1306_7761
1305_7761,1306_7762
1305_7762,1305_7763
1305_7762,1306_7761
1305_7762,1306_7762
1305_7762,1306_7763
1305_7763,1305_7764
1305_7763,1306_7762
1305_7763,1306_7763
1305_7763,1306_7764
1305_7764,1305_7765
1305_7764,1306_7763
1305_7764,1306_7764
1305_7764,1306_7765
1305_7765,1305_7766
1305_7765,1306_7764
1305_7765,1306_7765
1305_7765,1306_7766
1305_7766,1305_7767
1305_7766,1306_7765
1305_7766,1306_7766
1305_7766,1306_7767
1305_7767,1306_7766
1305_7767,1306_7767
1306_7728,1307_7729
1306_7748,1306_7749
1306_7748,1307_7748
1306_7748,1307_7749
1306_7749,1306_7750
1306_7749,1307_7748
1306_7749,1307_7749
1306_7749,1307_7750
1306_7750,1306_7751
1306_7750,1307_7749
1306_7750,1307_7750
1306_7750,1307_7751
1306_7751,1306_7752
1306_7751,1307_7750
1306_7751,1307_7751
1306_7751,1307_7752
1306_7752,1306_7753
1306_7752,1307_7751
1306_7752,1307_7752
1306_7752,1307_7753
1306_7753,1306_7754
1306_7753,1307_7752
1306_7753,1307_7753
1306_7753,1307_7754
1306_7754,1306_7755
1306_7754,1307_7753
1306_7754,1307_7754
1306_7754,1307_7755
1306_7755,1306_7756
1306_7755,1307_7754
1306_7755,1307_7755
1306_7755,1307_7756
1306_7756,1306_7757
1306_7756,1307_7755
1306_7756,1307_7756
1306_7756,1307_7757
1306_7757,1306_7758
1306_7757,1307_7756
1306_7757,1307_7757
1306_7757,1307_7758
1306_7758,1306_7759
1306_7758,1307_7757
1306_7758,1307_7758
1306_7758,1307_7759
1306_7759,1306_7760
1306_7759,1307_7758
1306_7759,1307_7759
1306_7759,1307_7760
1306_7760,1306_7761
1306_7760,1307_7759
1306_7760,1307_7760
1306_7760,1307_7761
1306_7761,1306_7762
1306_7761,1307_7760
1306_7761,1307_7761
1306_7761,1307_7762
1306_7762,1306_7763
1306_7762,1307_7761
1306_7762,1307_7762
1306_7762,1307_7763
1306_7763,1306_7764
1306_7763,1307_7762
1306_7763,1307_7763
1306_7763,1307_7764
1306_7764,1306_7765
1306_7764,1307_7763
1306_7764,1307_7764
1306_7764,1307_7765
1306_7765,1306_7766
1306_7765,1307_7764
1306_7765,1307_7765
1306_7765,1307_7766
1306_7766,1306_7767
1306_7766,1307_7765
1306_7766,1307_7766
1306_7766,1307_7767
1306_7767,1307_7766
1306_7767,1307_7767
1307_7729,1308_7728
1307_7729,1308_7729
1307_7748,1307_7749
1307_7748,1308_7748
1307_7748,1308_7749
1307_7749,1307_7750
1307_7749,1308_7748
1307_7749,1308_7749
1307_7749,1308_7750
1307_7750,1307_7751
1307_7750,1308_7749
1307_7750,1308_7750
1307_7750,1308_7751
1307_7751,1307_7752
1307_7751,1308_7750
1307_7751,1308_7751
1307_7751,1308_7752
1307_7752,1307_7753
1307_7752,1308_7751
1307_7752,1308_7752
1307_7752,1308_7753
1307_7753,1307_7754
1307_7753,1308_7752
1307_7753,1308_7753
1307_7753,1308_7754
1307_7754,1307_7755
1307_7754,1308_7753
1307_7754,1308_7754
1307_7754,1308_7755
1307_7755,1307_7756
1307_7755,1308_7754
1307_7755,1308_7755
1307_7755,1308_7756
1307_7756,1307_7757
1307_7756,1308_7755
1307_7756,1308_7756
1307_7757,1307_7758
1307_7757,1308_7756
1307_7757,1308_7758
1307_7758,1307_7759
1307_7758,1308_7758
1307_7758,1308_7759
1307_7759,1307_7760
1307_7759,1308_7758
1307_7759,1308_7759
1307_7759,1308_7760
1307_7760,1307_7761
1307_7760,1308_7759
1307_7760,1308_7760
1307_7760,1308_7761
1307_7761,1307_7762
1307_7761,1308_7760
1307_7761,1308_7761
1307_7761,1308_7762
1307_7762,1307_7763
1307_7762,1308_7761
1307_7762,1308_7762
1307_7762,1308_7763
1307_7763,1307_7764
1307_7763,1308_7762
1307_7763,1308_7763
1307_7763,1308_7764
1307_7764,1307_7765
1307_7764,1308_7763
1307_7764,1308_7764
1307_7764,1308_7765
1307_7765,1307_7766
1307_7765,1308_7764
1307_7765,1308_7765
1307_7765,1308_7766
1307_7766,1307_7767
1307_7766,1308_7765
1307_7766,1308_7766
1307_7766,1308_7767
1307_7767,1308_7766
1307_7767,1308_7767
1308_7728,1308_7729
1308_7728,1309_7728
1308_7728,1309_7729
1308_7729,1309_7728
1308_7729,1309_7729
1308_7729,1309_7730
1308_7731,1309_7730
1308_7748,1308_7749
1308_7748,1309_7748
1308_7748,1309_7749
1308_7749,1308_7750
1308_7749,1309_7748
1308_7749,1309_7749
1308_7749,1309_7750
1308_7750,1308_7751
1308_7750,1309_7749
1308_7750,1309_7750
1308_7751,1308_7752
1308_7751,1309_7750
1308_7751,1309_7752
1308_7752,1308_7753
1308_7752,1309_7752
1308_7752,1309_7753
1308_7753,1308_7754
1308_7753,1309_7752
1308_7753,1309_7753
1308_7753,1309_7754
1308_7754,1308_7755
1308_7754,1309_7753
1308_7754,1309_7754
1308_7754,1309_7755
1308_7755,1308_7756
1308_7755,1309_7754
1308_7755,1309_7755
1308_7755,1309_7756
1308_7756,1309_7755
1308_7756,1309_7756
1308_7756,1309_7757
1308_7758,1308_7759
1308_7758,1309_7757
1308_7758,1309_7758
1308_7758,1309_7759
1308_7759,1308_7760
1308_7759,1309_7758
1308_7759,1309_7759
1308_7759,1309_7760
1308_7760,1308_7761
1308_7760,1309_7759
1308_7760,1309_7760
1308_7760,1309_7761
1308_7761,1308_7762
1308_7761,1309_7760
1308_7761,1309_7761
1308_7761,1309_7762
1308_7762,1308_7763
1308_7762,1309_7761
1308_7762,1309_7762
1308_7762,1309_7763
1308_7763,1308_7764
1308_7763,1309_7762
1308_7763,1309_7763
1308_7763,1309_7764
1308_7764,1308_7765
1308_7764,1309_7763
1308_7764,1309_7764
1308_7764,1309_7765
1308_7765,1308_7766
1308_7765,1309_7764
1308_7765,1309_7765
1308_7765,1309_7766
1308_7766,1308_7767
1308_7766,1309_7765
1308_7766,1309_7766
1308_7767,1309_7766
1308_8020,1309_8020
1309_7728,1309_7729
1309_7729,1309_7730
1309_7729,1310_7730
1309_7730,1310_7730
1309_7730,1310_7731
1309_7748,1309_7749
1309_7748,1310_7747
1309_7748,1310_7748
1309_7748,1310_7749
1309_7749,1309_7750
1309_7749,1310_7748
1309_7749,1310_7749
1309_7749,1310_7750
1309_7750,1310_7749
1309_7750,1310_7750
1309_7750,1310_7751
1309_7752,1309_7753
1309_7752,1310_7751
1309_7752,1310_7752
1309_7752,1310_7753
1309_7753,1309_7754
1309_7753,1310_7752
1309_7753,1310_7753
1309_7753,1310_7754
1309_7754,1309_7755
1309_7754,1310_7753
1309_7754,1310_7754
1309_7754,1310_7755
1309_7755,1309_7756
1309_7755,1310_7754
1309_7755,1310_7755
1309_7755,1310_7756
1309_7756,1309_7757
1309_7756,1310_7755
1309_7756,1310_7756
1309_7756,1310_7757
1309_7757,1309_7758
1309_7757,1310_7756
1309_7757,1310_7757
1309_7757,1310_7758
1309_7758,1309_7759
1309_7758,1310_7757
1309_7758,1310_7758
1309_7758,1310_7759
1309_7759,1309_7760
1309_7759,1310_7758
1309_7759,1310_7759
1309_7759,1310_7760
1309_7760,1309_7761
1309_7760,1310_7759
1309_7760,1310_7760
1309_7760,1310_7761
1309_7761,1309_7762
1309_7761,1310_7760
1309_7761,1310_7761
1309_7761,1310_7762
1309_7762,1309_7763
1309_7762,1310_7761
1309_7762,1310_7762
1309_7762,1310_7763
1309_7763,1309_7764
1309_7763,1310_7762
1309_7763,1310_7763
1309_7763,1310_7764
1309_7764,1309_7765
1309_7764,1310_7763
1309_7764,1310_7764
1309_7764,1310_7765
1309_7765,1309_7766
1309_7765,1310_7764
1309_7765,1310_7765
1309_7766,1310_7765
1309_7771,1310_7771
130_773,130_774
130_773,131_773
130_774,130_775
130_774,131_773
1310_7730,1310_7731
1310_7747,1310_7748
1310_7747,1311_7746
1310_7747,1311_7748
1310_7748,1310_7749
1310_7748,1311_7748
1310_7749,1310_7750
1310_7749,1311_7748
1310_7749,1311_7750
1310_7750,1310_7751
1310_7750,1311_7750
1310_7750,1311_7751
1310_7751,1310_7752
1310_7751,1311_7750
1310_7751,1311_7751
1310_7751,1311_7752
1310_7752,1310_7753
1310_7752,1311_7751
1310_7752,1311_7752
1310_7753,1310_7754
1310_7753,1311_7752
1310_7754,1310_7755
1310_7754,1311_7755
1310_7755,1310_7756
1310_7755,1311_7755
1310_7755,1311_7756
1310_7756,1310_7757
1310_7756,1311_7755
1310_7756,1311_7756
1310_7756,1311_7757
1310_7757,1310_7758
1310_7757,1311_7756
1310_7757,1311_7757
1310_7757,1311_7758
1310_7758,1310_7759
1310_7758,1311_7757
1310_7758,1311_7758
1310_7758,1311_7759
1310_7759,1310_7760
1310_7759,1311_7758
1310_7759,1311_7759
1310_7759,1311_7760
1310_7760,1310_7761
1310_7760,1311_7759
1310_7760,1311_7760
1310_7760,1311_7761
1310_7761,1310_7762
1310_7761,1311_7760
1310_7761,1311_7761
1310_7761,1311_7762
1310_7762,1310_7763
1310_7762,1311_7761
1310_7762,1311_7762
1310_7762,1311_7763
1310_7763,1310_7764
1310_7763,1311_7762
1310_7763,1311_7763
1310_7763,1311_7764
1310_7764,1310_7765
1310_7764,1311_7763
1310_7764,1311_7764
1310_7764,1311_7765
1310_7765,1311_7764
1310_7765,1311_7765
1310_7771,1311_7771
1311_7721,1312_7721
1311_7733,1312_7732
1311_7733,1312_7733
1311_7733,1312_7734
1311_7737,1312_7736
1311_7742,1312_7742
1311_7746,1312_7745
1311_7746,1312_7747
1311_7748,1312_7747
1311_7748,1312_7748
1311_7748,1312_7749
1311_7750,1311_7751
1311_7750,1312_7749
1311_7750,1312_7750
1311_7750,1312_7751
1311_7751,1311_7752
1311_7751,1312_7750
1311_7751,1312_7751
1311_7751,1312_7752
1311_7752,1312_7751
1311_7752,1312_7752
1311_7752,1312_7753
1311_7755,1311_7756
1311_7755,1312_7755
1311_7755,1312_7756
1311_7756,1311_7757
1311_7756,1312_7755
1311_7756,1312_7756
1311_7756,1312_7757
1311_7757,1311_7758
1311_7757,1312_7756
1311_7757,1312_7757
1311_7757,1312_7758
1311_7758,1311_7759
1311_7758,1312_7757
1311_7758,1312_7758
1311_7759,1311_7760
1311_7759,1312_7758
1311_7759,1312_7760
1311_7760,1311_7761
1311_7760,1312_7760
1311_7760,1312_7761
1311_7761,1311_7762
1311_7761,1312_7760
1311_7761,1312_7761
1311_7761,1312_7762
1311_7762,1311_7763
1311_7762,1312_7761
1311_7762,1312_7762
1311_7762,1312_7763
1311_7763,1311_7764
1311_7763,1312_7762
1311_7763,1312_7763
1311_7763,1312_7764
1311_7764,1311_7765
1311_7764,1312_7763
1311_7764,1312_7764
1311_7764,1312_7765
1311_7765,1312_7764
1311_7765,1312_7765
1311_7765,1312_7766
1311_7767,1311_7768
1311_7767,1312_7766
1311_7767,1312_7767
1311_7767,1312_7768
1311_7768,1312_7767
1311_7768,1312_7768
1311_7768,1312_7769
1312_7712,1313_7713
1312_7731,1312_7732
1312_7731,1313_7731
1312_7731,1313_7732
1312_7732,1312_7733
1312_7732,1313_7731
1312_7732,1313_7732
1312_7732,1313_7733
1312_7733,1312_7734
1312_7733,1313_7732
1312_7733,1313_7733
1312_7734,1313_7733
1312_7745,1313_7745
1312_7747,1312_7748
1312_7747,1313_7747
1312_7747,1313_7748
1312_7748,1312_7749
1312_7748,1313_7747
1312_7748,1313_7748
1312_7748,1313_7749
1312_7749,1312_7750
1312_7749,1313_7748
1312_7749,1313_7749
1312_7750,1312_7751
1312_7750,1313_7749
1312_7750,1313_7751
1312_7751,1312_7752
1312_7751,1313_7751
1312_7752,1312_7753
1312_7752,1313_7751
1312_7752,1313_7753
1312_7753,1313_7753
1312_7755,1312_7756
1312_7755,1313_7756
1312_7756,1312_7757
1312_7756,1313_7756
1312_7756,1313_7757
1312_7757,1312_7758
1312_7757,1313_7756
1312_7757,1313_7757
1312_7757,1313_7758
1312_7758,1313_7757
1312_7758,1313_7758
1312_7758,1313_7759
1312_7760,1312_7761
1312_7760,1313_7759
1312_7760,1313_7760
1312_7760,1313_7761
1312_7761,1312_7762
1312_7761,1313_7760
1312_7761,1313_7761
1312_7761,1313_7762
1312_7762,1312_7763
1312_7762,1313_7761
1312_7762,1313_7762
1312_7762,1313_7763
1312_7763,1312_7764
1312_7763,1313_7762
1312_7763,1313_7763
1312_7764,1312_7765
1312_7764,1313_7763
1312_7765,1312_7766
1312_7765,1313_7766
1312_7766,1312_7767
1312_7766,1313_7766
1312_7767,1312_7768
1312_7767,1313_7766
1312_7767,1313_7768
1312_7768,1312_7769
1312_7768,1313_7768
1312_7768,1313_7769
1312_7769,1313_7768
1312_7769,1313_7769
1312_7769,1313_7770
1313_7713,1314_7712
1313_7731,1313_7732
1313_7731,1314_7732
1313_7732,1313_7733
1313_7732,1314_7732
1313_7732,1314_7733
1313_7733,1314_7732
1313_7733,1314_7733
1313_7745,1314_7746
1313_7747,1313_7748
1313_7747,1314_7746
1313_7747,1314_7748
1313_7748,1313_7749
1313_7748,1314_7748
1313_7749,1314_7748
1313_7749,1314_7750
1313_7751,1314_7750
1313_7756,1313_7757
1313_7757,1313_7758
1313_7757,1314_7758
1313_7758,1313_7759
1313_7758,1314_7758
1313_7759,1313_7760
1313_7759,1314_7758
1313_7759,1314_7760
1313_7760,1313_7761
1313_7760,1314_7760
1313_7760,1314_7761
1313_7761,1313_7762
1313_7761,1314_7760
1313_7761,1314_7761
1313_7761,1314_7762
1313_7762,1313_7763
1313_7762,1314_7761
1313_7762,1314_7762
1313_7762,1314_7763
1313_7763,1314_7762
1313_7763,1314_7763
1313_7763,1314_7764
1313_7766,1314_7765
1313_7766,1314_7767
1313_7768,1313_7769
1313_7768,1314_7767
1313_7768,1314_7768
1313_7769,1313_7770
1313_7769,1314_7768
1313_7769,1314_7770
1313_7770,1313_7771
1313_7770,1314_7770
1313_7771,1313_7772
1313_7771,1314_7770
1314_7712,1315_7712
1314_7732,1314_7733
1314_7732,1315_7731
1314_7732,1315_7732
1314_7732,1315_7733
1314_7733,1315_7732
1314_7733,1315_7733
1314_7733,1315_7734
1314_7742,1314_7743
1314_7746,1315_7747
1314_7748,1315_7747
1314_7750,1315_7750
1314_7750,1315_7751
1314_7758,1315_7758
1314_7760,1314_7761
1314_7760,1315_7760
1314_7760,1315_7761
1314_7761,1314_7762
1314_7761,1315_7760
1314_7761,1315_7761
1314_7761,1315_7762
1314_7762,1314_7763
1314_7762,1315_7761
1314_7762,1315_7762
1314_7763,1314_7764
1314_7763,1315_7762
1314_7764,1314_7765
1314_7765,1315_7766
1314_7767,1314_7768
1314_7767,1315_7766
1314_7767,1315_7767
1314_7768,1315_7767
1314_7768,1315_7769
1314_7770,1315_7769
1314_7770,1315_7770
1314_7770,1315_7771
1315_7712,1316_7713
1315_7731,1315_7732
1315_7731,1316_7731
1315_7732,1315_7733
1315_7732,1316_7731
1315_7732,1316_7733
1315_7733,1315_7734
1315_7733,1316_7733
1315_7734,1316_7733
1315_7747,1316_7746
1315_7750,1315_7751
1315_7753,1316_7753
1315_7756,1316_7757
1315_7758,1316_7757
1315_7758,1316_7758
1315_7758,1316_7759
1315_7760,1315_7761
1315_7760,1316_7759
1315_7760,1316_7760
1315_7760,1316_7761
1315_7761,1315_7762
1315_7761,1316_7760
1315_7761,1316_7761
1315_7761,1316_7762
1315_7762,1316_7761
1315_7762,1316_7762
1315_7762,1316_7763
1315_7766,1315_7767
1315_7766,1316_7765
1315_7766,1316_7766
1315_7766,1316_7767
1315_7767,1316_7766
1315_7767,1316_7767
1315_7767,1316_7768
1315_7769,1315_7770
1315_7769,1316_7768
1315_7770,1315_7771
1315_7770,1316_7771
1315_7771,1315_7772
1315_7771,1316_7771
1315_7771,1316_7772
1315_7772,1316_7771
1315_7772,1316_7772
1316_7731,1317_7731
1316_7731,1317_7732
1316_7733,1317_7732
1316_7733,1317_7733
1316_7753,1317_7753
1316_7757,1316_7758
1316_7757,1317_7758
1316_7758,1316_7759
1316_7758,1317_7758
1316_7758,1317_7759
1316_7759,1316_7760
1316_7759,1317_7758
1316_7759,1317_7759
1316_7760,1316_7761
1316_7760,1317_7759
1316_7760,1317_7761
1316_7761,1316_7762
1316_7761,1317_7761
1316_7762,1316_7763
1316_7762,1317_7761
1316_7762,1317_7763
1316_7763,1316_7764
1316_7763,1317_7763
1316_7763,1317_7764
1316_7764,1316_7765
1316_7764,1317_7763
1316_7764,1317_7764
1316_7764,1317_7765
1316_7765,1316_7766
1316_7765,1317_7764
1316_7765,1317_7765
1316_7766,1316_7767
1316_7766,1317_7765
1316_7766,1317_7767
1316_7767,1316_7768
1316_7767,1317_7767
1316_7767,1317_7768
1316_7768,1317_7767
1316_7768,1317_7768
1316_7768,1317_7769
1316_7771,1316_7772
1316_7771,1317_7770
1316_7771,1317_7772
1316_7772,1317_7772
1317_7731,1317_7732
1317_7731,1318_7732
1317_7732,1317_7733
1317_7732,1318_7732
1317_7733,1318_7732
1317_7753,1318_7753
1317_7758,1317_7759
1317_7758,1318_7757
1317_7758,1318_7758
1317_7759,1318_7758
1317_7763,1317_7764
1317_7763,1318_7763
1317_7763,1318_7764
1317_7764,1317_7765
1317_7764,1318_7763
1317_7764,1318_7764
1317_7764,1318_7765
1317_7765,1318_7764
1317_7765,1318_7765
1317_7765,1318_7766
1317_7767,1317_7768
1317_7767,1318_7766
1317_7767,1318_7767
1317_7767,1318_7768
1317_7768,1317_7769
1317_7768,1318_7767
1317_7768,1318_7768
1317_7768,1318_7769
1317_7769,1317_7770
1317_7769,1318_7768
1317_7769,1318_7769
1317_7769,1318_7770
1317_7770,1318_7769
1317_7770,1318_7770
1318_7755,1318_7756
1318_7756,1318_7757
1318_7757,1318_7758
1318_7758,1319_7759
1318_7763,1318_7764
1318_7763,1319_7762
1318_7763,1319_7764
1318_7764,1318_7765
1318_7764,1319_7764
1318_7764,1319_7765
1318_7765,1318_7766
1318_7765,1319_7764
1318_7765,1319_7765
1318_7765,1319_7766
1318_7766,1318_7767
1318_7766,1319_7765
1318_7766,1319_7766
1318_7766,1319_7767
1318_7767,1318_7768
1318_7767,1319_7766
1318_7767,1319_7767
1318_7767,1319_7768
1318_7768,1318_7769
1318_7768,1319_7767
1318_7768,1319_7768
1318_7768,1319_7769
1318_7769,1318_7770
1318_7769,1319_7768
1318_7769,1319_7769
1318_7769,1319_7770
1318_7770,1319_7769
1318_7770,1319_7770
1318_7770,1319_7771
1319_7724,1320_7723
1319_7759,1319_7760
1319_7759,1320_7759
1319_7759,1320_7760
1319_7760,1319_7761
1319_7760,1320_7759
1319_7760,1320_7760
1319_7761,1319_7762
1319_7761,1320_7760
1319_7761,1320_7762
1319_7762,1320_7762
1319_7762,1320_7763
1319_7764,1319_7765
1319_7764,1320_7763
1319_7764,1320_7764
1319_7764,1320_7765
1319_7765,1319_7766
1319_7765,1320_7764
1319_7765,1320_7765
1319_7765,1320_7766
1319_7766,1319_7767
1319_7766,1320_7765
1319_7766,1320_7766
1319_7766,1320_7767
1319_7767,1319_7768
1319_7767,1320_7766
1319_7767,1320_7767
1319_7768,1319_7769
1319_7768,1320_7767
1319_7768,1320_7769
1319_7769,1319_7770
1319_7769,1320_7769
1319_7769,1320_7770
1319_7770,1319_7771
1319_7770,1320_7769
1319_7770,1320_7770
1319_7770,1320_7771
1319_7771,1320_7770
1319_7771,1320_7771
1319_7771,1320_7772
1320_7723,1321_7723
1320_7733,1321_7732
1320_7756,1321_7756
1320_7759,1320_7760
1320_7759,1321_7760
1320_7760,1321_7760
1320_7762,1320_7763
1320_7762,1321_7763
1320_7763,1320_7764
1320_7763,1321_7763
1320_7763,1321_7764
1320_7764,1320_7765
1320_7764,1321_7763
1320_7764,1321_7764
1320_7764,1321_7765
1320_7765,1320_7766
1320_7765,1321_7764
1320_7765,1321_7765
1320_7765,1321_7766
1320_7766,1320_7767
1320_7766,1321_7765
1320_7766,1321_7766
1320_7766,1321_7767
1320_7767,1321_7766
1320_7767,1321_7767
1320_7767,1321_7768
1320_7769,1320_7770
1320_7769,1321_7768
1320_7769,1321_7769
1320_7770,1320_7771
1320_7770,1321_7769
1320_7770,1321_7771
1320_7771,1320_7772
1320_7771,1321_7771
1320_7772,1321_7771
1320_7772,1321_7773
1321_7731,1321_7732
1321_7760,1322_7760
1321_7763,1321_7764
1321_7764,1321_7765
1321_7765,1321_7766
1321_7766,1321_7767
1321_7766,1322_7767
1321_7767,1321_7768
1321_7767,1322_7767
1321_7767,1322_7768
1321_7768,1321_7769
1321_7768,1322_7767
1321_7768,1322_7768
1321_7768,1322_7769
1321_7769,1322_7768
1321_7769,1322_7769
1321_7769,1322_7770
1321_7771,1322_7770
1321_7771,1322_7771
1321_7771,1322_7772
1321_7773,1321_7774
1321_7773,1322_7772
1321_7773,1322_7773
1321_7773,1322_7774
1321_7774,1322_7773
1321_7774,1322_7774
1322_7725,1323_7725
1322_7767,1322_7768
1322_7768,1322_7769
1322_7768,1323_7769
1322_7769,1322_7770
1322_7769,1323_7769
1322_7769,1323_7770
1322_7770,1322_7771
1322_7770,1323_7769
1322_7770,1323_7770
1322_7771,1322_7772
1322_7771,1323_7770
1322_7771,1323_7772
1322_7772,1322_7773
1322_7772,1323_7772
1322_7773,1322_7774
1322_7773,1323_7772
1323_7725,1324_7725
1323_7769,1323_7770
1323_7769,1324_7769
1323_7769,1324_7770
1323_7770,1324_7769
1323_7770,1324_7770
1323_7770,1324_7771
1323_7772,1324_7771
1324_7712,1325_7712
1324_7725,1325_7724
1324_7725,1325_7725
1324_7725,1325_7726
1324_7731,1325_7732
1324_7749,1325_7748
1324_7752,1325_7752
1324_7754,1325_7754
1324_7754,1325_7755
1324_7756,1325_7755
1324_7756,1325_7757
1324_7769,1324_7770
1324_7769,1325_7769
1324_7769,1325_7770
1324_7770,1324_7771
1324_7770,1325_7769
1324_7770,1325_7770
1324_7770,1325_7771
1324_7771,1325_7770
1324_7771,1325_7771
1324_7771,1325_7772
1325_7646,1325_7647
1325_7646,1326_7646
1325_7647,1326_7646
1325_7723,1325_7724
1325_7724,1325_7725
1325_7725,1325_7726
1325_7754,1325_7755
1325_7754,1326_7755
1325_7755,1326_7755
1325_7757,1325_7758
1325_7757,1326_7757
1325_7758,1326_7757
1325_7765,1326_7765
1325_7769,1325_7770
1325_7770,1325_7771
1325_7770,1326_7771
1325_7771,1325_7772
1325_7771,1326_7771
1325_7771,1326_7772
1325_7772,1325_7773
1325_7772,1326_7771
1325_7772,1326_7772
1325_7773,1326_7772
1325_7773,1326_7774
1326_7757,1327_7757
1326_7771,1326_7772
1326_7771,1327_7770
1326_7771,1327_7771
1326_7772,1327_7771
1327_7770,1327_7771
1328_7752,1329_7753
1329_7753,1330_7753
1335_7746,1336_7746
1342_7754,1343_7753
1343_7750,1344_7750
1344_7750,1345_7751
1344_7755,1344_7756
1344_7755,1345_7754
1344_7755,1345_7755
1344_7756,1345_7755
1345_7744,1345_7745
1345_7744,1346_7744
1345_7744,1346_7745
1345_7745,1345_7746
1345_7745,1346_7744
1345_7745,1346_7745
1345_7745,1346_7746
1345_7746,1346_7745
1345_7746,1346_7746
1345_7748,1346_7748
1345_7754,1345_7755
1345_7754,1346_7754
1345_7755,1346_7754
1346_7744,1346_7745
1346_7745,1346_7746
1354_7744,1355_7745
1354_7746,1355_7745
1354_7756,1355_7755
1355_7745,1356_7745
1355_7755,1356_7754
1355_7755,1356_7756
1355_7758,1356_7757
1356_7725,1356_7726
1356_7756,1356_7757
1362_7763,1363_7762
1365_7765,1366_7765
1366_7745,1366_7746
1389_7763,1390_7764
1393_7756,1393_7757
1393_7756,1394_7756
1393_7757,1393_7758
1393_7757,1394_7756
1397_7756,1398_7757
1398_7763,1398_7764
1398_7763,1399_7762
1398_7763,1399_7763
1398_7764,1398_7765
1398_7764,1399_7763
1398_7764,1399_7765
1398_7765,1399_7765
1398_7770,1399_7771
1399_7762,1399_7763
1399_7762,1400_7762
1399_7763,1400_7762
1755_1301,1756_1301
3309_7757,3310_7756
675_7751,675_7752
675_7752,675_7753
7700_1300,7701_1301
7721_1224,7721_1225
7721_1235,7721_1236
7730_1301,7730_1302
7732_1259,7733_1258
7732_1259,7733_1259
7733_1257,7733_1258
7733_1257,7734_1257
7733_1257,7734_1258
7733_1258,7733_1259
7733_1258,7734_1257
7733_1258,7734_1258
7733_1258,7734_1259
7733_1259,7734_1258
7733_1259,7734_1259
7733_1301,7733_1302
7733_1301,7734_1300
7733_1301,7734_1301
7733_1301,7734_1302
7733_1302,7734_1301
7733_1302,7734_1302
7734_1257,7734_1258
7734_1257,7735_1257
7734_1258,7734_1259
7734_1258,7735_1257
7734_1300,7734_1301
7734_1300,7735_1300
7734_1300,7735_1301
7734_1301,7734_1302
7734_1301,7735_1300
7734_1301,7735_1301
7734_1302,7735_1301
7735_1255,7736_1254
7735_1255,7736_1255
7735_1255,7736_1256
7735_1257,7736_1256
7735_1257,7736_1257
7735_1257,7736_1258
7735_1300,7735_1301
7735_1300,7736_1301
7735_1301,7736_1301
7735_7735,7736_7734
7736_1254,7736_1255
7736_1254,7737_1254
7736_1255,7736_1256
7736_1255,7737_1254
7736_1256,7736_1257
7736_1256,7737_1257
7736_1257,7736_1258
7736_1257,7737_1257
7736_1258,7737_1257
7736_1258,7737_1259
7737_1254,7738_1255
7742_1211,7742_1212
7746_1290,7747_1290
7746_1290,7747_1291
7747_1290,7747_1291
7747_1290,7748_1290
7747_1290,7748_1291
7747_1291,7748_1290
7747_1291,7748_1291
7747_1291,7748_1292
7748_1290,7748_1291
7748_1290,7749_1290
7748_1290,7749_1291
7748_1291,7748_1292
7748_1291,7749_1290
7748_1291,7749_1291
7748_1291,7749_1292
7748_1292,7749_1291
7748_1292,7749_1292
7748_1292,7749_1293
7748_1294,7749_1293
7748_1294,7749_1294
7748_1294,7749_1295
7748_1302,7748_1303
7748_1302,7749_1302
7748_1302,7749_1303
7748_1303,7748_1304
7748_1303,7749_1302
7748_1303,7749_1303
7748_1303,7749_1304
7748_1304,7749_1303
7748_1304,7749_1304
7749_1290,7749_1291
7749_1290,7750_1290
7749_1290,7750_1291
7749_1291,7749_1292
7749_1291,7750_1290
7749_1291,7750_1291
7749_1292,7749_1293
7749_1292,7750_1291
7749_1293,7749_1294
7749_1294,7749_1295
7749_1294,7750_1295
7749_1295,7749_1296
7749_1295,7750_1295
7749_1296,7750_1295
7749_1302,7749_1303
7749_1302,7750_1301
7749_1302,7750_1302
7749_1302,7750_1303
7749_1303,7749_1304
7749_1303,7750_1302
7749_1303,7750_1303
7749_1303,7750_1304
7749_1304,7750_1303
7749_1304,7750_1304
7749_1304,7750_1305
7749_1306,7750_1305
7749_1306,7750_1306
7749_1306,7750_1307
7750_1290,7750_1291
7750_1295,7751_1295
7750_1298,7750_1299
7750_1298,7751_1298
7750_1299,7750_1300
7750_1299,7751_1298
7750_1299,7751_1300
7750_1300,7750_1301
7750_1300,7751_1300
7750_1301,7750_1302
7750_1301,7751_1300
7750_1301,7751_1302
7750_1302,7750_1303
7750_1302,7751_1302
7750_1302,7751_1303
7750_1303,7750_1304
7750_1303,7751_1302
7750_1303,7751_1303
7750_1303,7751_1304
7750_1304,7750_1305
7750_1304,7751_1303
7750_1304,7751_1304
7750_1304,7751_1305
7750_1305,7750_1306
7750_1305,7751_1304
7750_1305,7751_1305
7750_1306,7750_1307
7750_1306,7751_1305
7750_1306,7751_1307
7750_1307,7751_1307
7750_1307,7751_1308
7750_7750,7751_7751
7751_1293,7752_1293
7751_1293,7752_1294
7751_1295,7752_1294
7751_1295,7752_1295
7751_1295,7752_1296
7751_1298,7752_1297
7751_1298,7752_1298
7751_1298,7752_1299
7751_1300,7752_1299
7751_1300,7752_1300
7751_1300,7752_1301
7751_1302,7751_1303
7751_1302,7752_1301
7751_1302,7752_1302
7751_1302,7752_1303
7751_1303,7751_1304
7751_1303,7752_1302
7751_1303,7752_1303
7751_1303,7752_1304
7751_1304,7751_1305
7751_1304,7752_1303
7751_1304,7752_1304
7751_1304,7752_1305
7751_1305,7752_1304
7751_1305,7752_1305
7751_1305,7752_1306
7751_1307,7751_1308
7751_1307,7752_1306
7751_1307,7752_1307
7751_1308,7752_1307
7751_7751,7752_7752
7752_1290,7753_1289
7752_1290,7753_1290
7752_1290,7753_1291
7752_1293,7752_1294
7752_1293,7753_1292
7752_1293,7753_1293
7752_1293,7753_1294
7752_1294,7752_1295
7752_1294,7753_1293
7752_1294,7753_1294
7752_1294,7753_1295
7752_1295,7752_1296
7752_1295,7753_1294
7752_1295,7753_1295
7752_1295,7753_1296
7752_1296,7752_1297
7752_1296,7753_1295
7752_1296,7753_1296
7752_1296,7753_1297
7752_1297,7752_1298
7752_1297,7753_1296
7752_1297,7753_1297
7752_1297,7753_1298
7752_1298,7752_1299
7752_1298,7753_1297
7752_1298,7753_1298
7752_1298,7753_1299
7752_1299,7752_1300
7752_1299,7753_1298
7752_1299,7753_1299
7752_1299,7753_1300
7752_1300,7752_1301
7752_1300,7753_1299
7752_1300,7753_1300
7752_1300,7753_1301
7752_1301,7752_1302
7752_1301,7753_1300
7752_1301,7753_1301
7752_1301,7753_1302
7752_1302,7752_1303
7752_1302,7753_1301
7752_1302,7753_1302
7752_1302,7753_1303
7752_1303,7752_1304
7752_1303,7753_1302
7752_1303,7753_1303
7752_1304,7752_1305
7752_1304,7753_1303
7752_1304,7753_1305
7752_1305,7752_1306
7752_1305,7753_1305
7752_1305,7753_1306
7752_1306,7752_1307
7752_1306,7753_1305
7752_1306,7753_1306
7752_1306,7753_1307
7752_1307,7753_1306
7752_1307,7753_1307
7752_1307,7753_1308
7752_7752,7753_7753
7753_1289,7753_1290
7753_1289,7754_1288
7753_1289,7754_1289
7753_1289,7754_1290
7753_1290,7753_1291
7753_1290,7754_1289
7753_1290,7754_1290
7753_1290,7754_1291
7753_1291,7753_1292
7753_1291,7754_1290
7753_1291,7754_1291
7753_1291,7754_1292
7753_1292,7753_1293
7753_1292,7754_1291
7753_1292,7754_1292
7753_1293,7753_1294
7753_1293,7754_1292
7753_1293,7754_1294
7753_1294,7753_1295
7753_1294,7754_1294
7753_1294,7754_1295
7753_1295,7753_1296
7753_1295,7754_1294
7753_1295,7754_1295
7753_1295,7754_1296
7753_1296,7753_1297
7753_1296,7754_1295
7753_1296,7754_1296
7753_1296,7754_1297
7753_1297,7753_1298
7753_1297,7754_1296
7753_1297,7754_1297
7753_1297,7754_1298
7753_1298,7753_1299
7753_1298,7754_1297
7753_1298,7754_1298
7753_1298,7754_1299
7753_1299,7753_1300
7753_1299,7754_1298
7753_1299,7754_1299
7753_1299,7754_1300
7753_1300,7753_1301
7753_1300,7754_1299
7753_1300,7754_1300
7753_1300,7754_1301
7753_1301,7753_1302
7753_1301,7754_1300
7753_1301,7754_1301
7753_1301,7754_1302
7753_1302,7753_1303
7753_1302,7754_1301
7753_1302,7754_1302
7753_1302,7754_1303
7753_1303,7754_1302
7753_1303,7754_1303
7753_1303,7754_1304
7753_1305,7753_1306
7753_1305,7754_1304
7753_1305,7754_1305
7753_1305,7754_1306
7753_1306,7753_1307
7753_1306,7754_1305
7753_1306,7754_1306
7753_1306,7754_1307
7753_1307,7753_1308
7753_1307,7754_1306
7753_1307,7754_1307
7753_1307,7754_1308
7753_1308,7753_1309
7753_1308,7754_1307
7753_1308,7754_1308
7753_1309,7754_1308
7753_1325,7753_1326
7753_1325,7754_1325
7753_1326,7754_1325
7754_1214,7755_1214
7754_1288,7754_1289
7754_1288,7755_1287
7754_1288,7755_1288
7754_1288,7755_1289
7754_1289,7754_1290
7754_1289,7755_1288
7754_1289,7755_1289
7754_1289,7755_1290
7754_1290,7754_1291
7754_1290,7755_1289
7754_1290,7755_1290
7754_1290,7755_1291
7754_1291,7754_1292
7754_1291,7755_1290
7754_1291,7755_1291
7754_1291,7755_1292
7754_1292,7755_1291
7754_1292,7755_1292
7754_1294,7754_1295
7754_1294,7755_1295
7754_1295,7754_1296
7754_1295,7755_1295
7754_1295,7755_1296
7754_1296,7754_1297
7754_1296,7755_1295
7754_1296,7755_1296
7754_1296,7755_1297
7754_1297,7754_1298
7754_1297,7755_1296
7754_1297,7755_1297
7754_1297,7755_1298
7754_1298,7754_1299
7754_1298,7755_1297
7754_1298,7755_1298
7754_1298,7755_1299
7754_1299,7754_1300
7754_1299,7755_1298
7754_1299,7755_1299
7754_1299,7755_1300
7754_1300,7754_1301
7754_1300,7755_1299
7754_1300,7755_1300
7754_1300,7755_1301
7754_1301,7754_1302
7754_1301,7755_1300
7754_1301,7755_1301
7754_1301,7755_1302
7754_1302,7754_1303
7754_1302,7755_1301
7754_1302,7755_1302
7754_1302,7755_1303
7754_1303,7754_1304
7754_1303,7755_1302
7754_1303,7755_1303
7754_1303,7755_1304
7754_1304,7754_1305
7754_1304,7755_1303
7754_1304,7755_1304
7754_1304,7755_1305
7754_1305,7754_1306
7754_1305,7755_1304
7754_1305,7755_1305
7754_1306,7754_1307
7754_1306,7755_1305
7754_1307,7754_1308
7754_1307,7755_1308
7754_1308,7755_1308
7754_1308,7755_1309
7754_1321,7755_1321
7755_1240,7756_1240
7755_1287,7755_1288
7755_1287,7756_1287
7755_1287,7756_1288
7755_1288,7755_1289
7755_1288,7756_1287
7755_1288,7756_1288
7755_1288,7756_1289
7755_1289,7755_1290
7755_1289,7756_1288
7755_1289,7756_1289
7755_1289,7756_1290
7755_1290,7755_1291
7755_1290,7756_1289
7755_1290,7756_1290
7755_1290,7756_1291
7755_1291,7755_1292
7755_1291,7756_1290
7755_1291,7756_1291
7755_1292,7756_1291
7755_1292,7756_1293
7755_1295,7755_1296
7755_1295,7756_1294
7755_1295,7756_1295
7755_1295,7756_1296
7755_1296,7755_1297
7755_1296,7756_1295
7755_1296,7756_1296
7755_1296,7756_1297
7755_1297,7755_1298
7755_1297,7756_1296
7755_1297,7756_1297
7755_1297,7756_1298
7755_1298,7755_1299
7755_1298,7756_1297
7755_1298,7756_1298
7755_1298,7756_1299
7755_1299,7755_1300
7755_1299,7756_1298
7755_1299,7756_1299
7755_1299,7756_1300
7755_1300,7755_1301
7755_1300,7756_1299
7755_1300,7756_1300
7755_1300,7756_1301
7755_1301,7755_1302
7755_1301,7756_1300
7755_1301,7756_1301
7755_1301,7756_1302
7755_1302,7755_1303
7755_1302,7756_1301
7755_1302,7756_1302
7755_1302,7756_1303
7755_1303,7755_1304
7755_1303,7756_1302
7755_1303,7756_1303
7755_1303,7756_1304
7755_1304,7755_1305
7755_1304,7756_1303
7755_1304,7756_1304
7755_1304,7756_1305
7755_1305,7756_1304
7755_1305,7756_1305
7755_1305,7756_1306
7755_1308,7755_1309
7755_1308,7756_1309
7755_1309,7756_1309
7755_7755,7756_7756
7756_1285,7757_1286
7756_1287,7756_1288
7756_1287,7757_1286
7756_1287,7757_1287
7756_1287,7757_1288
7756_1288,7756_1289
7756_1288,7757_1287
7756_1288,7757_1288
7756_1288,7757_1289
7756_1289,7756_1290
7756_1289,7757_1288
7756_1289,7757_1289
7756_1289,7757_1290
7756_1290,7756_1291
7756_1290,7757_1289
7756_1290,7757_1290
7756_1290,7757_1291
7756_1291,7757_1290
7756_1291,7757_1291
7756_1293,7756_1294
7756_1293,7757_1293
7756_1293,7757_1294
7756_1294,7756_1295
7756_1294,7757_1293
7756_1294,7757_1294
7756_1294,7757_1295
7756_1295,7756_1296
7756_1295,7757_1294
7756_1295,7757_1295
7756_1295,7757_1296
7756_1296,7756_1297
7756_1296,7757_1295
7756_1296,7757_1296
7756_1296,7757_1297
7756_1297,7756_1298
7756_1297,7757_1296
7756_1297,7757_1297
7756_1297,7757_1298
7756_1298,7756_1299
7756_1298,7757_1297
7756_1298,7757_1298
7756_1298,7757_1299
7756_1299,7756_1300
7756_1299,7757_1298
7756_1299,7757_1299
7756_1299,7757_1300
7756_1300,7756_1301
7756_1300,7757_1299
7756_1300,7757_1300
7756_1300,7757_1301
7756_1301,7756_1302
7756_1301,7757_1300
7756_1301,7757_1301
7756_1301,7757_1302
7756_1302,7756_1303
7756_1302,7757_1301
7756_1302,7757_1302
7756_1302,7757_1303
7756_1303,7756_1304
7756_1303,7757_1302
7756_1303,7757_1303
7756_1303,7757_1304
7756_1304,7756_1305
7756_1304,7757_1303
7756_1304,7757_1304
7756_1305,7756_1306
7756_1305,7757_1304
7756_1306,7757_1307
7756_1309,7757_1309
7756_7756,7757_7757
7757_1286,7757_1287
7757_1286,7758_1286
7757_1286,7758_1287
7757_1287,7757_1288
7757_1287,7758_1286
7757_1287,7758_1287
7757_1287,7758_1288
7757_1288,7757_1289
7757_1288,7758_1287
7757_1288,7758_1288
7757_1288,7758_1289
7757_1289,7757_1290
7757_1289,7758_1288
7757_1289,7758_1289
7757_1290,7757_1291
7757_1290,7758_1289
7757_1291,7758_1292
7757_1293,7757_1294
7757_1293,7758_1292
7757_1293,7758_1294
7757_1294,7757_1295
7757_1294,7758_1294
7757_1294,7758_1295
7757_1295,7757_1296
7757_1295,7758_1294
7757_1295,7758_1295
7757_1295,7758_1296
7757_1296,7757_1297
7757_1296,7758_1295
7757_1296,7758_1296
7757_1296,7758_1297
7757_1297,7757_1298
7757_1297,7758_1296
7757_1297,7758_1297
7757_1298,7757_1299
7757_1298,7758_1297
7757_1298,7758_1299
7757_1299,7757_1300
7757_1299,7758_1299
7757_1299,7758_1300
7757_1300,7757_1301
7757_1300,7758_1299
7757_1300,7758_1300
7757_1300,7758_1301
7757_1301,7757_1302
7757_1301,7758_1300
7757_1301,7758_1301
7757_1301,7758_1302
7757_1302,7757_1303
7757_1302,7758_1301
7757_1302,7758_1302
7757_1302,7758_1303
7757_1303,7757_1304
7757_1303,7758_1302
7757_1303,7758_1303
7757_1303,7758_1304
7757_1304,7758_1303
7757_1304,7758_1304
7757_7757,7758_7758
7758_1259,7759_1259
7758_1286,7758_1287
7758_1287,7758_1288
7758_1288,7758_1289
7758_1289,7759_1290
7758_1292,7759_1291
7758_1294,7758_1295
7758_1294,7759_1295
7758_1295,7758_1296
7758_1295,7759_1295
7758_1295,7759_1296
7758_1296,7758_1297
7758_1296,7759_1295
7758_1296,7759_1296
7758_1296,7759_1297
7758_1297,7759_1296
7758_1297,7759_1297
7758_1297,7759_1298
7758_1299,7758_1300
7758_1299,7759_1298
7758_1299,7759_1299
7758_1299,7759_1300
7758_1300,7758_1301
7758_1300,7759_1299
7758_1300,7759_1300
7758_1300,7759_1301
7758_1301,7758_1302
7758_1301,7759_1300
7758_1301,7759_1301
7758_1301,7759_1302
7758_1302,7758_1303
7758_1302,7759_1301
7758_1302,7759_1302
7758_1302,7759_1303
7758_1303,7758_1304
7758_1303,7759_1302
7758_1303,7759_1303
7758_1303,7759_1304
7758_1304,7759_1303
7758_1304,7759_1304
7759_1290,7759_1291
7759_1290,7760_1289
7759_1290,7760_1290
7759_1290,7760_1291
7759_1291,7760_1290
7759_1291,7760_1291
7759_1291,7760_1292
7759_1295,7759_1296
7759_1295,7760_1294
7759_1295,7760_1295
7759_1295,7760_1296
7759_1296,7759_1297
7759_1296,7760_1295
7759_1296,7760_1296
7759_1296,7760_1297
7759_1297,7759_1298
7759_1297,7760_1296
7759_1297,7760_1297
7759_1297,7760_1298
7759_1298,7759_1299
7759_1298,7760_1297
7759_1298,7760_1298
7759_1298,7760_1299
7759_1299,7759_1300
7759_1299,7760_1298
7759_1299,7760_1299
7759_1300,7759_1301
7759_1300,7760_1299
7759_1301,7759_1302
7759_1301,7760_1302
7759_1302,7759_1303
7759_1302,7760_1302
7759_1302,7760_1303
7759_1303,7759_1304
7759_1303,7760_1302
7759_1303,7760_1303
7759_1304,7760_1303
7760_1289,7760_1290
7760_1290,7760_1291
7760_1291,7760_1292
7760_1292,7760_1293
7760_1292,7761_1293
7760_1293,7760_1294
7760_1293,7761_1293
7760_1294,7760_1295
7760_1294,7761_1293
7760_1294,7761_1295
7760_1295,7760_1296
7760_1295,7761_1295
7760_1295,7761_1296
7760_1296,7760_1297
7760_1296,7761_1295
7760_1296,7761_1296
7760_1296,7761_1297
7760_1297,7760_1298
7760_1297,7761_1296
7760_1297,7761_1297
7760_1297,7761_1298
7760_1298,7760_1299
7760_1298,7761_1297
7760_1298,7761_1298
7760_1298,7761_1299
7760_1299,7761_1298
7760_1299,7761_1299
7760_1302,7760_1303
7760_1313,7761_1313
7760_7760,7761_7761
7761_1293,7762_1293
7761_1293,7762_1294
7761_1295,7761_1296
7761_1295,7762_1294
7761_1295,7762_1295
7761_1295,7762_1296
7761_1296,7761_1297
7761_1296,7762_1295
7761_1296,7762_1296
7761_1296,7762_1297
7761_1297,7761_1298
7761_1297,7762_1296
7761_1297,7762_1297
7761_1297,7762_1298
7761_1298,7761_1299
7761_1298,7762_1297
7761_1298,7762_1298
7761_1299,7762_1298
7762_1293,7762_1294
7762_1293,7763_1292
7762_1293,7763_1293
7762_1293,7763_1294
7762_1294,7762_1295
7762_1294,7763_1293
7762_1294,7763_1294
7762_1294,7763_1295
7762_1295,7762_1296
7762_1295,7763_1294
7762_1295,7763_1295
7762_1295,7763_1296
7762_1296,7762_1297
7762_1296,7763_1295
7762_1296,7763_1296
7762_1297,7762_1298
7762_1297,7763_1296
7762_1298,7763_1299
7762_1301,7763_1300
7762_1301,7763_1301
7762_1301,7763_1302
7763_1292,7763_1293
7763_1293,7763_1294
7763_1294,7763_1295
7763_1295,7763_1296
7763_1295,7764_1296
7763_1296,7764_1296
7763_1296,7764_1297
7763_1299,7763_1300
7763_1299,7764_1298
7763_1299,7764_1299
7763_1299,7764_1300
7763_1300,7763_1301
7763_1300,7764_1299
7763_1300,7764_1300
7763_1300,7764_1301
7763_1301,7763_1302
7763_1301,7764_1300
7763_1301,7764_1301
7763_1302,7764_1301
7764_1296,7764_1297
7764_1296,7765_1295
7764_1296,7765_1297
7764_1297,7764_1298
7764_1297,7765_1297
7764_1297,7765_1298
7764_1298,7764_1299
7764_1298,7765_1297
7764_1298,7765_1298
7764_1298,7765_1299
7764_1299,7764_1300
7764_1299,7765_1298
7764_1299,7765_1299
7764_1299,7765_1300
7764_1300,7764_1301
7764_1300,7765_1299
7764_1300,7765_1300
7764_1300,7765_1301
7764_1301,7765_1300
7764_1301,7765_1301
7764_1301,7765_1302
7765_1297,7765_1298
7765_1297,7766_1297
7765_1297,7766_1298
7765_1298,7765_1299
7765_1298,7766_1297
7765_1298,7766_1298
7765_1298,7766_1299
7765_1299,7765_1300
7765_1299,7766_1298
7765_1299,7766_1299
7765_1299,7766_1300
7765_1300,7765_1301
7765_1300,7766_1299
7765_1300,7766_1300
7765_1301,7765_1302
7765_1301,7766_1300
7765_7765,7766_7766
7766_1297,7766_1298
7766_1297,7767_1297
7766_1297,7767_1298
7766_1298,7766_1299
7766_1298,7767_1297
7766_1298,7767_1298
7766_1299,7766_1300
7766_1299,7767_1298
7766_1300,7767_1301
7767_1221,7768_1222
7767_1297,7767_1298
7767_1297,7768_1297
7767_1297,7768_1298
7767_1298,7768_1297
7767_1298,7768_1298
7767_1301,7767_1302
7767_1301,7768_1300
7767_1301,7768_1301
7767_1301,7768_1302
7767_1302,7768_1301
7767_1302,7768_1302
7768_1297,7768_1298
7768_1300,7768_1301
7768_1300,7769_1300
7768_1300,7769_1301
7768_1301,7768_1302
7768_1301,7769_1300
7768_1301,7769_1301
7768_1301,7769_1302
7768_1302,7769_1301
7768_1302,7769_1302
7768_1302,7769_1303
7769_1300,7769_1301
7769_1300,7770_1300
7769_1300,7770_1301
7769_1301,7769_1302
7769_1301,7770_1300
7769_1301,7770_1301
7769_1301,7770_1302
7769_1302,7769_1303
7769_1302,7770_1301
7769_1302,7770_1302
7769_1303,7770_1302
7770_1300,7770_1301
7770_1300,7771_1300
7770_1300,7771_1301
7770_1301,7770_1302
7770_1301,7771_1300
7770_1301,7771_1301
7770_1302,7771_1301
7770_1302,7771_1303
7770_1324,7771_1324
7770_1324,7771_1325
7771_1288,7772_1288
7771_1293,7771_1294
7771_1294,7772_1295
7771_1300,7771_1301
7771_1324,7771_1325
7772_1288,7773_1289
7772_1290,7773_1289
7772_1290,7773_1291
7773_1291,7774_1292
7774_1292,7774_1293
7774_1292,7775_1293
7774_1293,7774_1294
7774_1293,7775_1293
7774_1294,7774_1295
7774_1294,7775_1293
7797_1261,7798_1260
