Grid_ID,Grid_X,Grid_Y,Hawkes_Intensity,VICTIM COUNT,Accused Count,Unique_Crime_Types,Crime_Count,Risk_Label
100_7761,100,7761,0.0,0.0,1.0,1,1,0
1033_7799,1033,7799,0.0,0.0,3.0,1,1,0
1074_7911,1074,7911,0.0,0.0,0.0,1,1,0
1079_7878,1079,7878,0.0,0.0,0.0,1,1,0
1115_7907,1115,7907,0.0,0.0,1.0,1,1,0
11295_7753,11295,7753,0.0,0.0,0.0,1,1,0
11299_7760,11299,7760,0.0,0.0,2.0,1,1,0
1151_7735,1151,7735,0.0,0.0,1.0,1,1,0
1159_7734,1159,7734,0.0,0.0,0.0,1,1,0
1194_7866,1194,7866,61.53645762018107,0.0002074688796680498,0.783402489626556,1,4820,2
1200_7700,1200,7700,0.16374962359082346,0.0,2.8,6,10,0
1200_7725,1200,7725,0.03701764723208137,0.0,1.0,3,3,0
1200_7755,1200,7755,0.0,0.0,2.0,1,1,0
1201_7712,1201,7712,0.0,0.0,7.0,1,1,0
1201_7725,1201,7725,0.0,0.0,4.0,1,1,0
1201_7734,1201,7734,0.0,0.0,0.0,1,1,0
1201_7746,1201,7746,0.0,0.0,2.0,1,1,0
1201_7759,1201,7759,0.0,0.0,0.0,1,1,0
1202_7723,1202,7723,0.016686634980163,0.0,1.0,2,2,0
1202_7725,1202,7725,0.025705412604890374,0.0,0.5,3,4,0
1202_7734,1202,7734,6.0179458564766444e-34,0.0,0.0,2,2,0
1202_7751,1202,7751,0.0,0.0,0.0,1,1,0
1202_7772,1202,7772,0.0,0.0,1.0,1,1,0
1203_7702,1203,7702,0.0,0.0,0.0,1,1,0
1203_7756,1203,7756,0.0,0.0,2.0,1,1,0
1203_7762,1203,7762,0.0,0.0,0.0,1,1,0
1204_7761,1204,7761,0.0,0.0,0.0,1,1,0
1205_7703,1205,7703,0.0,0.0,1.0,1,1,0
1205_7725,1205,7725,0.3032653298563167,0.0,1.0,1,2,0
1206_7713,1206,7713,0.0,0.0,2.0,1,1,0
1206_7757,1206,7757,0.0,0.0,0.0,1,1,0
1208_7754,1208,7754,0.0,0.0,9.0,1,1,0
1208_7760,1208,7760,0.0,0.0,0.0,1,1,0
1209_6817,1209,6817,0.0,0.0,3.0,1,1,0
1209_7703,1209,7703,0.0,0.0,1.0,1,1,0
1209_7705,1209,7705,0.012505655033427565,0.0,2.0,3,3,0
1209_7706,1209,7706,0.0,0.0,1.0,1,1,0
1209_7736,1209,7736,0.0,0.0,0.0,1,1,0
1209_7750,1209,7750,0.0,0.0,3.0,1,1,0
1209_7753,1209,7753,0.0,0.0,5.0,1,1,0
1209_7754,1209,7754,0.22466448205861075,0.0,1.0,1,2,0
1209_7755,1209,7755,9.205289683375e-05,0.0,2.0,1,2,0
1209_7756,1209,7756,0.378205442367389,0.0,1.4878048780487805,22,41,1
1209_7760,1209,7760,9.861806742684125,0.0017331022530329288,0.1317157712305026,4,1154,2
1209_7771,1209,7771,0.0,0.0,1.0,1,1,0
1209_7799,1209,7799,0.2482926518957047,0.0,0.5,2,2,0
1210_7754,1210,7754,0.0,0.0,1.0,1,1,0
1211_7755,1211,7755,0.23547384221399445,0.0,1.0,3,5,0
1212_1325,1212,1325,0.0,0.0,1.0,1,1,0
1212_7512,1212,7512,0.0,0.0,12.0,1,1,0
1212_7712,1212,7712,0.009795915227141624,0.0,1.75,4,4,0
1212_7714,1212,7714,0.0,0.0,8.0,1,1,0
1212_7721,1212,7721,0.0,0.0,0.0,1,1,0
1212_7722,1212,7722,0.0,0.0,0.0,1,1,0
1212_7723,1212,7723,0.0,0.0,0.0,1,1,0
1212_7724,1212,7724,0.0,0.0,0.0,1,1,0
1212_7732,1212,7732,0.0,0.0,0.0,1,1,0
1212_7742,1212,7742,0.00749778841023885,0.0,0.0,1,2,0
1212_7744,1212,7744,0.0,0.0,1.0,1,1,0
1212_7745,1212,7745,5.899595941370378e-65,0.0,0.5,2,2,0
1212_7747,1212,7747,0.0,0.0,1.0,1,1,0
1212_7748,1212,7748,0.0,0.0,1.0,1,1,0
1212_7749,1212,7749,0.0,0.0,1.0,1,1,0
1212_7765,1212,7765,0.2744058180470132,0.0,1.5,2,2,0
1212_7777,1212,7777,0.0,0.0,0.0,1,1,0
1213_7712,1213,7712,0.08264944411079325,0.0,0.0,1,2,0
1213_7721,1213,7721,0.0,0.0,0.0,1,1,0
1214_7714,1214,7714,0.0,0.0,3.0,1,1,0
1214_7716,1214,7716,0.12262648039048075,0.0,0.6666666666666666,3,3,0
1214_7735,1214,7735,0.0,0.0,1.0,1,1,0
1214_7745,1214,7745,0.5503960749473634,0.0,0.5,1,6,0
1214_7748,1214,7748,0.0,0.0,1.0,1,1,0
1214_7754,1214,7754,0.00020486748948985,0.0,1.0,1,2,0
1215_7664,1215,7664,0.0,0.0,0.0,1,1,0
1215_7710,1215,7710,7.107423294653355e-21,0.0,1.0,1,2,0
1215_7712,1215,7712,0.0,0.0,1.0,1,1,0
1215_7715,1215,7715,7.205782754820446e-65,0.0,4.5,2,2,0
1215_7745,1215,7745,0.0003732929041883,0.0,1.0,2,2,0
1215_7757,1215,7757,0.0,0.0,0.0,1,1,0
1215_7758,1215,7758,0.0,0.0,1.0,1,1,0
1215_7759,1215,7759,0.0,0.0,2.0,1,1,0
1216_7715,1216,7715,0.0,0.0,2.0,1,1,0
1216_7745,1216,7745,0.0,0.0,1.0,1,1,0
1216_7757,1216,7757,0.0030483732827578,0.0,1.5,2,2,0
1217_7736,1217,7736,0.0,0.0,1.0,1,1,0
1217_7745,1217,7745,0.0,0.0,1.0,1,1,0
1218_7637,1218,7637,0.0,0.0,1.0,1,1,0
1218_7714,1218,7714,0.0,0.0,3.0,1,1,0
1219_7706,1219,7706,0.27440231770750123,0.0,1.0,1,3,0
1219_7748,1219,7748,0.0,0.0,0.0,1,1,0
1219_7770,1219,7770,1.4559026765476952,0.0,1.9545454545454546,10,22,1
121_763,121,763,0.0,0.0,1.0,1,1,0
1221_7712,1221,7712,0.0665606808070998,0.0,0.0,4,5,0
1221_7714,1221,7714,0.0,0.0,0.0,1,1,0
1221_7753,1221,7753,0.0,0.0,1.0,1,1,0
1221_7756,1221,7756,0.0,0.0,6.0,1,1,0
1221_7759,1221,7759,0.0,0.0,1.0,1,1,0
1222_7712,1222,7712,0.0,0.0,8.0,1,1,0
1222_7760,1222,7760,0.7220265444907777,0.0,0.0,1,3,0
1222_7780,1222,7780,0.4524187090179798,0.0,0.0,1,2,0
1223_7711,1223,7711,0.0,0.0,1.0,1,1,0
1223_7712,1223,7712,0.0,0.0,0.0,1,1,0
1223_7715,1223,7715,0.0,0.0,2.0,1,1,0
1223_7723,1223,7723,0.0,0.0,1.0,1,1,0
1223_7735,1223,7735,0.0,0.0,1.0,1,1,0
1223_7752,1223,7752,0.0,0.0,0.0,1,1,0
1223_7754,1223,7754,0.0,0.0,1.0,1,1,0
1223_7765,1223,7765,0.0,0.0,1.0,1,1,0
1223_7798,1223,7798,0.0,0.0,1.0,1,1,0
1224_7723,1224,7723,0.0,0.0,0.0,1,1,0
1224_7725,1224,7725,0.0,0.0,0.0,1,1,0
1224_7728,1224,7728,0.0,0.0,5.0,1,1,0
1224_7736,1224,7736,0.0,0.0,0.0,1,1,0
1224_7737,1224,7737,0.0,0.0,0.0,1,1,0
1224_7739,1224,7739,0.1362658965170063,0.0,1.0,2,2,0
1224_7754,1224,7754,1.2794724456254852e-54,0.0,0.0,2,2,0
1224_7756,1224,7756,0.0,0.0,0.0,1,1,0
1225_6612,1225,6612,0.0,0.0,1.0,1,1,0
1225_7684,1225,7684,0.0,0.0,1.0,1,1,0
1225_7702,1225,7702,0.0,0.0,2.0,1,1,0
1225_7712,1225,7712,0.00749778841023885,0.0,6.0,2,2,0
1225_7715,1225,7715,1.9420126141852964e-22,0.0,0.5,2,2,0
1225_7720,1225,7720,0.0006154559513367,0.0,7.0,2,2,0
1225_7723,1225,7723,0.01844158370061995,0.0,0.5,2,2,0
1225_7724,1225,7724,0.0,0.0,5.0,1,1,0
1225_7725,1225,7725,0.0050609049584892495,0.0,0.75,3,4,0
1225_7726,1225,7726,0.2744058180470132,0.0,1.0,2,2,0
1225_7732,1225,7732,0.0,0.0,1.0,1,1,0
1225_7754,1225,7754,0.10164241852505339,0.0,2.5,3,4,0
1225_7756,1225,7756,2.3758662761730385e-100,0.0,1.5,2,2,0
1225_7757,1225,7757,0.0,0.0,1.0,1,1,0
1225_7785,1225,7785,0.0,0.0,4.0,1,1,0
1225_7787,1225,7787,0.0,0.0,2.0,1,1,0
1226_7664,1226,7664,0.0,0.0,1.0,1,1,0
1226_7723,1226,7723,0.0,0.0,5.0,1,1,0
1226_7725,1226,7725,0.0,0.0,1.0,1,1,0
1226_7736,1226,7736,0.0,0.0,2.0,1,1,0
1226_7739,1226,7739,0.0,0.0,2.0,1,1,0
1226_7750,1226,7750,0.00411487352451,0.0,1.0,2,2,0
1226_7771,1226,7771,0.0,0.0,1.0,1,1,0
1227_7709,1227,7709,0.0,0.0,2.0,1,1,0
1227_7750,1227,7750,0.0,0.0,1.0,1,1,0
1228_7606,1228,7606,0.0,0.0,0.0,1,1,0
1228_7661,1228,7661,0.0,0.0,6.0,1,1,0
1228_7662,1228,7662,0.0,0.0,0.0,1,1,0
1228_7663,1228,7663,0.36941711157515744,0.0,1.1666666666666667,20,36,1
1228_7723,1228,7723,0.0,0.0,0.0,1,1,0
1228_7750,1228,7750,2.3054798724041108e-11,0.0,5.5,2,2,0
1228_7752,1228,7752,0.019405786870923532,0.0,1.0,3,3,0
1228_7760,1228,7760,0.0,0.0,1.0,1,1,0
1228_7763,1228,7763,0.27291149093393857,0.0,0.3333333333333333,1,3,0
1229_7365,1229,7365,4.1752843785765155,0.0,1.0059055118110236,4,508,2
1229_7582,1229,7582,0.0,0.0,0.0,1,1,0
1229_7665,1229,7665,0.0,0.0,4.0,1,1,0
1229_7710,1229,7710,8.576560286530025e-55,0.0,0.5,2,2,0
1229_7757,1229,7757,2.5144861166147445e-08,0.0,1.0,3,3,0
1230_7660,1230,7660,0.0,0.0,1.0,1,1,0
1230_7666,1230,7666,0.0,0.0,2.0,1,1,0
1230_7751,1230,7751,0.0,0.0,1.0,1,1,0
1230_7753,1230,7753,0.0,0.0,4.0,1,1,0
1231_7664,1231,7664,0.0,0.0,1.0,1,1,0
1231_7669,1231,7669,1.158457695772546,0.0,0.9,2,10,0
1231_7765,1231,7765,0.0,0.0,3.0,1,1,0
1232_7667,1232,7667,0.0,0.0,1.0,1,1,0
1232_7712,1232,7712,0.0371196871317355,0.0,0.3333333333333333,3,3,0
1232_7715,1232,7715,0.0,0.0,0.0,1,1,0
1232_7723,1232,7723,0.01366186122364625,0.0,0.0,2,2,0
1232_7732,1232,7732,9.957632154680805e-10,0.0,1.0,3,3,0
1232_7756,1232,7756,0.0,0.0,0.0,1,1,0
1232_7761,1232,7761,0.0,0.0,0.0,1,1,0
1232_7763,1232,7763,0.0,0.0,1.0,1,1,0
1232_7765,1232,7765,0.0,0.0,0.0,1,1,0
1233_7722,1233,7722,1.0521118188388043e-17,0.0,2.5,2,2,0
1233_7733,1233,7733,0.0,0.0,5.0,1,1,0
1233_7750,1233,7750,0.0,0.0,0.0,1,1,0
1233_7761,1233,7761,0.0,0.0,0.0,1,1,0
1234_1257,1234,1257,0.0,0.0,1.0,1,1,0
1234_7731,1234,7731,0.0,0.0,1.0,1,1,0
1234_7742,1234,7742,0.0,0.0,0.0,1,1,0
1234_7756,1234,7756,0.0,0.0,0.0,1,1,0
1234_7761,1234,7761,0.0,0.0,1.0,1,1,0
1234_7764,1234,7764,0.0,0.0,1.0,1,1,0
1235_7662,1235,7662,0.0,0.0,0.0,1,1,0
1235_7720,1235,7720,0.0,0.0,1.0,1,1,0
1235_7725,1235,7725,7.711781305652834e-16,0.0,2.0,3,3,0
1235_7726,1235,7726,1.2276310702744192e-38,0.0,1.0,2,2,0
1235_7732,1235,7732,0.0,0.0,1.0,1,1,0
1235_7735,1235,7735,6.616561308895721e-32,0.0,2.0,2,2,0
1235_7736,1235,7736,0.0,0.0,3.0,1,1,0
1235_7752,1235,7752,0.0,0.0,0.0,1,1,0
1235_7753,1235,7753,0.0,0.0,0.0,1,1,0
1235_7755,1235,7755,6.908162955397681e-10,0.0,2.0,2,2,0
1235_7757,1235,7757,0.0,0.0,1.0,1,1,0
1235_7763,1235,7763,0.0,0.0,0.0,1,1,0
1235_7765,1235,7765,0.022679488491634585,0.0,0.25,3,4,0
1236_7705,1236,7705,0.0,0.0,0.0,1,1,0
1236_7721,1236,7721,0.0,0.0,7.0,1,1,0
1236_7723,1236,7723,0.0,0.0,1.0,1,1,0
1236_7725,1236,7725,3.746143292938849,0.0,1.0,4,39,1
1236_7726,1236,7726,0.0,0.0,1.0,1,1,0
1236_7732,1236,7732,0.3129474926675296,0.0,0.0,4,6,0
1236_7735,1236,7735,0.0,0.0,1.0,1,1,0
1236_7736,1236,7736,3.367980061285027e-05,0.0,0.3333333333333333,3,3,0
1236_7756,1236,7756,2.304810526507535e-13,0.0,5.333333333333333,3,3,0
1236_7758,1236,7758,0.0,0.0,1.0,1,1,0
1236_7765,1236,7765,1.376822467487358e-05,0.0,2.0,2,2,0
1236_7786,1236,7786,0.0,0.0,1.0,1,1,0
1236_7789,1236,7789,0.0,0.0,1.0,1,1,0
1237_7745,1237,7745,0.0,0.0,1.0,1,1,0
1237_7756,1237,7756,0.0,0.0,1.0,1,1,0
1239_7677,1239,7677,0.0,0.0,4.0,1,1,0
1239_7752,1239,7752,0.0,0.0,0.0,1,1,0
1239_7769,1239,7769,0.0,0.0,0.0,1,1,0
1241_7719,1241,7719,1.3613679951472035e-78,0.0,0.0,1,2,0
1241_7721,1241,7721,0.0,0.0,1.0,1,1,0
1242_7712,1242,7712,1.4019637542207343e-12,0.0,0.5,1,2,0
1242_7724,1242,7724,5.641323247748302e-09,0.0,0.0,1,2,0
1242_7764,1242,7764,0.0,0.0,1.0,1,1,0
1242_7799,1242,7799,0.0,0.0,1.0,1,1,0
1244_7729,1244,7729,0.0,0.0,2.0,1,1,0
1244_7731,1244,7731,0.0,0.0,5.0,1,1,0
1244_7761,1244,7761,1.7370453080526502,0.0,1.0789473684210527,8,380,2
1245_7623,1245,7623,3.876716746396395,0.0,1.0376344086021505,5,372,2
1245_7667,1245,7667,0.0,0.0,1.0,1,1,0
1245_7710,1245,7710,0.0,0.0,0.0,1,1,0
1245_7712,1245,7712,0.0020195089331247816,0.0,0.4,2,5,0
1245_7723,1245,7723,5.351992690356578e-66,0.0,1.0,2,2,0
1245_7724,1245,7724,0.0055242251339204,0.0,1.6666666666666667,3,3,0
1245_7725,1245,7725,0.0,0.0,2.0,1,1,0
1245_7726,1245,7726,0.0,0.0,0.0,1,1,0
1245_7730,1245,7730,0.0,0.0,0.0,1,1,0
1245_7732,1245,7732,0.0,0.0,1.0,1,1,0
1245_7734,1245,7734,9.141656745246297e-41,0.0,0.5,2,2,0
1245_7737,1245,7737,0.0,0.0,2.0,1,1,0
1245_7745,1245,7745,0.9244876553307558,0.0,1.4736842105263157,12,19,1
1245_7746,1245,7746,0.0,0.0,7.0,1,1,0
1245_7747,1245,7747,0.0,0.0,0.0,1,1,0
1245_7748,1245,7748,0.0,0.0,13.0,1,1,0
1245_7753,1245,7753,0.0,0.0,1.0,1,1,0
1245_7754,1245,7754,0.09396925731168777,0.0,1.4,3,5,0
1245_7755,1245,7755,7.556161909927503e-06,0.0,1.5,2,2,0
1245_7756,1245,7756,0.0557897766347103,0.0,0.25,3,4,0
1245_7757,1245,7757,0.0,0.0,0.0,1,1,0
1245_7758,1245,7758,0.08499882273795527,0.0,0.6666666666666666,3,3,0
1245_7759,1245,7759,0.11095711033260973,0.0,1.3333333333333333,1,3,0
1245_7766,1245,7766,0.0,0.0,0.0,1,1,0
1245_7774,1245,7774,0.0,0.0,8.0,1,1,0
1245_7787,1245,7787,0.0,0.0,1.0,1,1,0
1245_7794,1245,7794,0.0,0.0,0.0,1,1,0
1245_7798,1245,7798,1.3129792229087974e-64,0.0,1.0,2,2,0
1246_7712,1246,7712,0.0,0.0,0.0,1,1,0
1246_7715,1246,7715,0.0,0.0,3.0,1,1,0
1246_7724,1246,7724,0.0,0.0,1.0,1,1,0
1246_7725,1246,7725,0.0,0.0,2.0,1,1,0
1246_7745,1246,7745,0.0,0.0,4.0,1,1,0
1247_7712,1247,7712,0.0,0.0,0.0,1,1,0
1247_7737,1247,7737,0.0,0.0,1.0,1,1,0
1247_7747,1247,7747,0.5,0.0,1.0,1,2,0
1247_7748,1247,7748,0.0,0.0,1.0,1,1,0
1247_7752,1247,7752,0.0,0.0,0.0,1,1,0
1248_7638,1248,7638,8.41225718333973,0.0005817335660267597,1.1000581733566026,87,1719,2
1248_7745,1248,7745,8.59172387965828e-17,0.0,2.0,2,2,0
1248_7765,1248,7765,0.0,0.0,0.0,1,1,0
1248_7787,1248,7787,0.0,0.0,0.0,1,1,0
1249_7726,1249,7726,0.0,0.0,0.0,1,1,0
1249_7745,1249,7745,0.0,0.0,0.0,1,1,0
1250_7734,1250,7734,0.25258527965272853,0.0,1.25,10,12,1
1250_7735,1250,7735,0.3572615744182669,0.0,1.2380952380952381,14,21,1
1250_7736,1250,7736,0.09094629233101824,0.0,0.0,5,5,0
1250_7737,1250,7737,0.045124726687325346,0.0,1.0,5,5,0
1250_7738,1250,7738,0.7633804441134121,0.0,1.0,3,8,0
1250_7739,1250,7739,0.11873583157501995,0.0,1.1428571428571428,5,7,0
1250_7740,1250,7740,0.516350839948639,0.0,0.55,5,20,1
1251_7695,1251,7695,0.0,0.0,0.0,1,1,0
1251_7725,1251,7725,0.0,0.0,3.0,1,1,0
1251_7731,1251,7731,0.0,0.0,0.0,1,1,0
1251_7732,1251,7732,9.853328619611572e-70,0.0,2.0,2,2,0
1251_7734,1251,7734,0.0008390323615032827,0.0,0.5,4,4,0
1251_7735,1251,7735,0.5326424495902816,0.0,0.7045454545454546,22,44,1
1251_7736,1251,7736,0.24002120039960895,0.0,1.5454545454545454,11,11,1
1251_7737,1251,7737,0.007549347450337446,0.0,1.75,3,4,0
1251_7739,1251,7739,0.5426317420217607,0.0,1.1304347826086956,8,23,1
1251_7740,1251,7740,3.7371123691781442e-06,0.0,0.3333333333333333,1,3,0
1252_1739,1252,1739,0.0,0.0,1.0,1,1,0
1252_7721,1252,7721,0.0,0.0,1.0,1,1,0
1252_7725,1252,7725,2.4530473653246404e-35,0.0,1.0,2,2,0
1252_7728,1252,7728,0.022455458636147934,0.0,1.3333333333333333,3,3,0
1252_7731,1252,7731,6.033522931567791e-35,0.0,0.5,2,2,0
1252_7732,1252,7732,3.386436824542689e-05,0.0,1.0,2,2,0
1252_7733,1252,7733,0.0,0.0,1.0,1,1,0
1252_7734,1252,7734,0.015202736179812623,0.0,0.5,4,4,0
1252_7735,1252,7735,0.6505090838714938,0.0,1.0666666666666667,23,45,1
1252_7736,1252,7736,1.0691769545373124,0.0,0.9420289855072463,25,69,2
1252_7737,1252,7737,0.8553101596729111,0.0,0.5,20,36,1
1252_7738,1252,7738,0.14940713194630748,0.0,0.25,3,8,0
1252_7739,1252,7739,0.826609227512765,0.0,0.5,5,18,1
1252_7744,1252,7744,0.0,0.0,1.0,1,1,0
1252_7745,1252,7745,2.0221039196337994e-115,0.0,0.0,2,2,0
1252_7752,1252,7752,0.0,0.0,0.0,1,1,0
1252_7753,1252,7753,0.0,0.0,1.0,1,1,0
1253_1730,1253,1730,0.0,0.0,0.0,1,1,0
1253_6817,1253,6817,0.0,0.0,0.0,1,1,0
1253_7586,1253,7586,2.98085100850241,0.0,1.0802568218298556,84,623,2
1253_7720,1253,7720,0.0,0.0,1.0,1,1,0
1253_7724,1253,7724,0.0,0.0,0.0,1,1,0
1253_7728,1253,7728,0.0,0.0,1.0,1,1,0
1253_7729,1253,7729,0.0,0.0,2.0,1,1,0
1253_7730,1253,7730,0.0,0.0,0.0,1,1,0
1253_7732,1253,7732,0.0,0.0,0.0,1,1,0
1253_7733,1253,7733,0.0,0.0,0.0,1,1,0
1253_7734,1253,7734,0.0,0.0,0.0,1,1,0
1253_7735,1253,7735,0.4795585836502414,0.0,0.32,12,25,1
1253_7736,1253,7736,0.20547921117214374,0.0,0.6,11,20,1
1253_7737,1253,7737,0.3421754946394959,0.0,0.9047619047619048,13,21,1
1253_7738,1253,7738,0.013901684227409134,0.0,0.75,2,4,0
1253_7739,1253,7739,0.0,0.0,1.0,1,1,0
1253_7740,1253,7740,0.0,0.0,1.0,1,1,0
1253_7742,1253,7742,0.0,0.0,0.0,1,1,0
1253_7743,1253,7743,0.01844158370061995,0.0,1.0,2,2,0
1253_7749,1253,7749,0.0,0.0,1.0,1,1,0
1253_7753,1253,7753,0.17154641054250255,0.0,1.0,5,6,0
1253_7783,1253,7783,0.0,0.0,1.0,1,1,0
1253_7789,1253,7789,2.5172876793824915e-45,0.0,0.5,2,2,0
1253_7793,1253,7793,0.0037055281547550925,0.0,1.0,2,3,0
1253_793,1253,793,0.0,0.0,1.0,1,1,0
1254_7693,1254,7693,0.0,0.0,1.0,1,1,0
1254_7702,1254,7702,4.851245243702704e-28,0.0,1.5,2,2,0
1254_7708,1254,7708,0.0,0.0,0.0,1,1,0
1254_7714,1254,7714,0.0,0.0,1.0,1,1,0
1254_7720,1254,7720,0.0,0.0,5.0,1,1,0
1254_7724,1254,7724,2.5348099311611434e-09,0.0,0.5,2,2,0
1254_7725,1254,7725,0.9367885677347375,0.0,1.375,7,24,1
1254_7726,1254,7726,0.0,0.0,0.0,1,1,0
1254_7728,1254,7728,0.10117232038163243,0.0,0.7272727272727273,9,11,1
1254_7729,1254,7729,8.621017525414783e-57,0.0,0.0,1,2,0
1254_7730,1254,7730,0.0006992981461783751,0.0,1.75,4,4,0
1254_7731,1254,7731,5.4031963885363924e-31,0.0,0.5,2,2,0
1254_7732,1254,7732,0.00045594098277725,0.0,1.0,2,2,0
1254_7733,1254,7733,0.0,0.0,1.0,1,1,0
1254_7734,1254,7734,0.033419614574267904,0.0,0.0,3,3,0
1254_7736,1254,7736,4.207741722884084e-89,0.0,1.0,2,2,0
1254_7739,1254,7739,0.0,0.0,1.0,1,1,0
1254_7741,1254,7741,0.0,0.0,1.0,1,1,0
1254_7742,1254,7742,0.0,0.0,0.0,1,1,0
1254_7743,1254,7743,0.0,0.0,0.0,1,1,0
1254_7744,1254,7744,3.248806128622979e-105,0.0,4.5,2,2,0
1254_7745,1254,7745,0.23304203325592399,0.0,1.6666666666666667,3,3,0
1254_7748,1254,7748,0.0,0.0,1.0,1,1,0
1254_7751,1254,7751,0.0,0.0,0.0,1,1,0
1254_7752,1254,7752,0.06165624171700869,0.0,1.2,3,5,0
1254_7754,1254,7754,0.0005287141767822081,0.0,2.2857142857142856,6,7,0
1254_7756,1254,7756,0.06182564841102925,0.0,0.8333333333333334,6,6,0
1254_7758,1254,7758,6.381380755717585e-18,0.0,5.0,2,2,0
1254_7759,1254,7759,0.025065335443282395,0.0,1.25,3,4,0
1254_7765,1254,7765,0.0,0.0,0.0,1,1,0
1254_7789,1254,7789,0.0,0.0,1.0,1,1,0
1254_7792,1254,7792,0.20665578815244331,0.0,0.8333333333333334,5,12,1
1254_7795,1254,7795,0.0,0.0,1.0,1,1,0
1255_1748,1255,1748,0.0,0.0,1.0,1,1,0
1255_7728,1255,7728,0.005817377202937696,0.0,0.5,5,6,0
1255_7729,1255,7729,0.14964621949977006,0.0,0.9166666666666666,7,12,1
1255_7730,1255,7730,6.17049020433e-05,0.0,0.0,1,2,0
1255_7732,1255,7732,0.0971116178558082,0.0,1.2222222222222223,7,9,0
1255_7733,1255,7733,0.18393972058572114,0.0,0.0,2,2,0
1255_7734,1255,7734,0.11174972896847248,0.0,1.2857142857142858,4,7,0
1255_7735,1255,7735,0.8552586352707371,0.0,0.875,5,8,0
1255_7736,1255,7736,0.0,0.0,8.0,1,1,0
1255_7737,1255,7737,0.3333333333333333,0.0,1.3333333333333333,3,3,0
1255_7738,1255,7738,0.00372329153546215,0.0,1.0,1,2,0
1255_7740,1255,7740,0.0,0.0,1.0,1,1,0
1255_7741,1255,7741,0.19977188601957233,0.0,1.4,5,5,0
1255_7742,1255,7742,0.0,0.0,0.0,1,1,0
1255_7743,1255,7743,0.0,0.0,1.0,1,1,0
1255_7744,1255,7744,0.03201481884587598,0.0,0.25,3,4,0
1255_7745,1255,7745,0.0,0.0,0.0,1,1,0
1255_7746,1255,7746,0.33926009647584454,0.0,1.2222222222222223,1,9,0
1255_7747,1255,7747,0.00045594098277725,0.0,1.5,2,2,0
1255_7749,1255,7749,0.0024957969534551,0.0,1.0,1,2,0
1255_7751,1255,7751,0.0,0.0,1.0,1,1,0
1255_7752,1255,7752,0.0006777216174839595,0.0,1.0,2,3,0
1255_7753,1255,7753,0.7024187090179798,0.0,0.25,2,4,0
1255_7758,1255,7758,0.0,0.0,1.0,1,1,0
1255_7760,1255,7760,0.06122821412649095,0.0,3.0,1,2,0
1255_7762,1255,7762,0.0,0.0,1.0,1,1,0
1255_7763,1255,7763,0.0,0.0,0.0,1,1,0
1255_7767,1255,7767,0.0,0.0,1.0,1,1,0
1255_7865,1255,7865,0.0,0.0,2.0,1,1,0
1256_1293,1256,1293,0.0,0.0,1.0,1,1,0
1256_7704,1256,7704,0.0,0.0,2.0,1,1,0
1256_7712,1256,7712,0.0,0.0,7.0,1,1,0
1256_7723,1256,7723,0.0,0.0,0.0,1,1,0
1256_7725,1256,7725,0.05019930743985987,0.0,0.3333333333333333,5,6,0
1256_7728,1256,7728,0.4696968800758057,0.0,2.8333333333333335,5,6,0
1256_7729,1256,7729,0.12123403256527134,0.0,0.2727272727272727,5,11,1
1256_7730,1256,7730,0.0,0.0,1.0,1,1,0
1256_7731,1256,7731,0.16588410306515058,0.0,0.88,15,25,1
1256_7732,1256,7732,0.15143626858153378,0.0,1.3333333333333333,3,6,0
1256_7733,1256,7733,0.3259210358634806,0.0,0.8571428571428571,3,7,0
1256_7734,1256,7734,0.13575488562795884,0.0,1.2,8,10,0
1256_7735,1256,7735,9.322294853089755e-12,0.0,0.6666666666666666,3,3,0
1256_7736,1256,7736,0.1416937231679173,0.0,0.8333333333333334,3,6,0
1256_7737,1256,7737,2.793341756493153e-10,0.0,1.0,3,3,0
1256_7738,1256,7738,0.2561449913467863,0.0,0.8571428571428571,6,7,0
1256_7739,1256,7739,0.11892947678423099,0.0,2.5555555555555554,8,9,0
1256_7740,1256,7740,0.0,0.0,0.0,1,1,0
1256_7741,1256,7741,0.1508751412388254,0.0,0.75,9,16,1
1256_7742,1256,7742,0.9680436212111349,0.0,1.125,10,16,1
1256_7743,1256,7743,0.0,0.0,2.0,1,1,0
1256_7744,1256,7744,0.40881902901712797,0.0,1.125,7,8,0
1256_7745,1256,7745,0.18312861600116534,0.0,1.0,3,3,0
1256_7751,1256,7751,0.0,0.0,0.0,1,1,0
1256_7753,1256,7753,0.0010091849151252668,0.0,3.6666666666666665,3,3,0
1256_7754,1256,7754,1.4661488645683425e-68,0.0,0.5,2,2,0
1256_7756,1256,7756,0.18781566407378752,0.0,0.8571428571428571,3,7,0
1256_7757,1256,7757,0.0,0.0,0.0,1,1,0
1256_7761,1256,7761,0.8514138130931045,0.0,0.0,1,4,0
1256_7763,1256,7763,0.0,0.0,0.0,1,1,0
1256_7765,1256,7765,0.27991902816661496,0.0,0.25,3,4,0
1256_7768,1256,7768,0.0,0.0,0.0,1,1,0
1256_7769,1256,7769,1.1194546333376318e-41,0.0,1.5,2,2,0
1256_7783,1256,7783,0.0,0.0,0.0,1,1,0
1256_7786,1256,7786,0.0,0.0,0.0,1,1,0
1256_7793,1256,7793,0.0002922725853388233,0.0,0.16666666666666666,3,6,0
1256_7795,1256,7795,0.0,0.0,1.0,1,1,0
1256_7798,1256,7798,2.1132230784609084e-16,0.0,0.5,2,2,0
1257_1257,1257,1257,0.0,0.0,1.0,1,1,0
1257_739,1257,739,0.0,0.0,0.0,1,1,0
1257_7434,1257,7434,0.0,0.0,1.0,1,1,0
1257_7728,1257,7728,0.0,0.0,0.0,1,1,0
1257_7729,1257,7729,0.015441628363055246,0.0,0.7777777777777778,9,9,0
1257_7730,1257,7730,0.03926120694650743,0.0,1.8888888888888888,7,9,0
1257_7731,1257,7731,0.8181898375954536,0.0,1.5578947368421052,41,95,2
1257_7732,1257,7732,0.6019909557016377,0.0,1.7037037037037037,34,81,2
1257_7733,1257,7733,3.1420606224028513,0.004366812227074236,1.1004366812227073,38,229,2
1257_7734,1257,7734,3.3859392867284077,0.0,0.9574468085106383,10,141,2
1257_7735,1257,7735,0.20097288784891484,0.0,0.2222222222222222,6,9,0
1257_7736,1257,7736,0.14849709800456168,0.0,1.5,4,4,0
1257_7737,1257,7737,1.8727432803151462e-124,0.0,1.5,1,2,0
1257_7738,1257,7738,0.354405315154217,0.0,0.6470588235294118,11,17,1
1257_7739,1257,7739,1.2909054381180587,0.0,0.4897959183673469,23,49,2
1257_7740,1257,7740,0.15458741978825918,0.0,0.7333333333333333,5,15,1
1257_7741,1257,7741,0.25773861708034246,0.0,0.6363636363636364,8,22,1
1257_7742,1257,7742,0.37867616785082153,0.0,1.0555555555555556,8,18,1
1257_7743,1257,7743,0.0,0.0,1.0,1,1,0
1257_7744,1257,7744,0.2744058180470132,0.0,1.0,2,2,0
1257_7748,1257,7748,0.0,0.0,6.0,1,1,0
1257_7753,1257,7753,0.0,0.0,1.0,1,1,0
1257_7754,1257,7754,0.08219898798053547,0.0,1.0,3,3,0
1257_7755,1257,7755,0.0,0.0,19.0,1,1,0
1257_7756,1257,7756,0.0,0.0,0.0,1,1,0
1257_7757,1257,7757,1.2215981877023883,0.0,0.9375,3,16,1
1257_7768,1257,7768,0.0,0.0,0.0,1,1,0
1257_7798,1257,7798,0.0,0.0,1.0,1,1,0
1258_7653,1258,7653,0.38175238651060744,0.0,0.75,9,12,1
1258_7703,1258,7703,0.0,0.0,2.0,1,1,0
1258_7705,1258,7705,0.0,0.0,0.0,1,1,0
1258_7723,1258,7723,0.0,0.0,1.0,1,1,0
1258_7724,1258,7724,0.0,0.0,0.0,1,1,0
1258_7725,1258,7725,0.00749778841023885,0.0,0.5,2,2,0
1258_7728,1258,7728,0.20328482987029955,0.0,3.0,2,2,0
1258_7730,1258,7730,0.0,0.0,1.0,1,1,0
1258_7731,1258,7731,0.31548243679366866,0.0,1.064516129032258,16,31,1
1258_7732,1258,7732,0.5844722390539798,0.0,0.5882352941176471,12,17,1
1258_7733,1258,7733,0.3481427046417947,0.0,1.096774193548387,16,31,1
1258_7734,1258,7734,0.1310189642298838,0.0,0.9473684210526315,10,19,1
1258_7735,1258,7735,0.027701254599246727,0.0,0.75,4,4,0
1258_7736,1258,7736,0.0205212496559747,0.0,2.0,4,4,0
1258_7737,1258,7737,0.0,0.0,2.0,1,1,0
1258_7738,1258,7738,0.0,0.0,6.0,1,1,0
1258_7740,1258,7740,0.0,0.0,1.0,1,1,0
1258_7741,1258,7741,0.0006801840187739,0.0,1.0,2,2,0
1258_7745,1258,7745,3.325278469282902e-114,0.0,1.5,2,2,0
1258_7746,1258,7746,0.0,0.0,1.0,1,1,0
1258_7752,1258,7752,0.37040911034085894,0.0,1.5,2,2,0
1258_7753,1258,7753,0.0,0.0,1.0,1,1,0
1258_7756,1258,7756,0.14177099776446783,0.0,0.4,5,5,0
1258_7758,1258,7758,8.371700215532057e-09,0.0,2.0,3,3,0
1258_7759,1258,7759,0.24693940689390595,0.0,1.3333333333333333,3,3,0
1258_7765,1258,7765,0.0,0.0,1.0,1,1,0
1258_7775,1258,7775,0.0,0.0,0.0,1,1,0
1258_7778,1258,7778,0.0,0.0,0.0,1,1,0
1258_7794,1258,7794,0.0,0.0,0.0,1,1,0
1258_7797,1258,7797,0.0,0.0,1.0,1,1,0
1258_7798,1258,7798,0.0,0.0,0.0,1,1,0
1259_1734,1259,1734,0.0,0.0,1.0,1,1,0
1259_7703,1259,7703,0.0913417620263673,0.0,1.0,2,2,0
1259_7712,1259,7712,1.8793712570284268e-48,0.0,6.5,2,2,0
1259_7714,1259,7714,0.0,0.0,1.0,1,1,0
1259_7715,1259,7715,0.00083077863658695,0.0,2.5,2,2,0
1259_7721,1259,7721,0.0,0.0,0.0,1,1,0
1259_7726,1259,7726,8.283894237186104e-05,0.0,1.3333333333333333,3,3,0
1259_7728,1259,7728,0.1924194166290138,0.0,3.0,4,4,0
1259_7729,1259,7729,0.43287189938169857,0.0,0.5555555555555556,5,9,0
1259_7730,1259,7730,0.0903149075784548,0.0,1.1428571428571428,6,7,0
1259_7731,1259,7731,0.0004534560125159333,0.0,0.3333333333333333,2,3,0
1259_7732,1259,7732,0.09747757615132592,0.0,1.0,3,7,0
1259_7733,1259,7733,0.5366416934533799,0.0,1.0689655172413792,10,29,1
1259_7734,1259,7734,0.4237973949056052,0.0,1.1714285714285715,35,70,2
1259_7735,1259,7735,0.8742063782310598,0.0,1.3559322033898304,40,118,2
1259_7752,1259,7752,1.9451947855037544e-100,0.0,0.5,2,2,0
1259_7753,1259,7753,0.0,0.0,1.0,1,1,0
1259_7754,1259,7754,0.0,0.0,3.0,1,1,0
1259_7756,1259,7756,0.0,0.0,1.0,1,1,0
1259_7757,1259,7757,0.0608945080175782,0.0,1.0,3,3,0
1259_7758,1259,7758,0.0,0.0,2.0,1,1,0
1259_7759,1259,7759,0.08321777185162046,0.0,2.75,4,4,0
1259_7761,1259,7761,0.0,0.0,39.0,1,1,0
1259_7766,1259,7766,0.0,0.0,1.0,1,1,0
1259_7787,1259,7787,0.0,0.0,1.0,1,1,0
125_707,125,707,0.0,0.0,1.0,1,1,0
125_771,125,771,0.0,0.0,1.0,1,1,0
125_773,125,773,0.8658765186099978,0.0,0.9629629629629629,3,27,1
125_7735,125,7735,0.03040503131260895,0.0,0.0,2,2,0
125_774,125,774,0.3992369839681092,0.0,1.0,3,15,1
125_777,125,777,0.0,0.0,1.0,1,1,0
1260_7711,1260,7711,0.0,0.0,6.0,1,1,0
1260_7751,1260,7751,0.0,0.0,1.0,1,1,0
1260_7770,1260,7770,0.0,0.0,0.0,1,1,0
1261_7704,1261,7704,3.079149887323534e-09,0.0,2.3333333333333335,3,3,0
1261_7706,1261,7706,0.0,0.0,0.0,1,1,0
1261_7717,1261,7717,0.0,0.0,3.0,1,1,0
1261_7725,1261,7725,0.0,0.0,2.0,1,1,0
1261_7756,1261,7756,0.0,0.0,1.0,1,1,0
1261_7765,1261,7765,0.0,0.0,1.0,1,1,0
1262_7735,1262,7735,3.849408057671929e-18,0.0,6.0,2,3,0
1262_7756,1262,7756,0.0,0.0,0.0,1,1,0
1263_6931,1263,6931,0.0,0.0,1.0,1,1,0
1263_7649,1263,7649,0.0,0.0,5.0,1,1,0
1263_7712,1263,7712,0.10830953522592757,0.0,1.3636363636363635,10,11,1
1263_7713,1263,7713,0.0,0.0,0.0,1,1,0
1263_7736,1263,7736,0.00372329153546215,0.0,0.0,2,2,0
1263_7755,1263,7755,0.0,0.0,0.0,1,1,0
1263_7763,1263,7763,0.0,0.0,0.0,1,1,0
1264_1264,1264,1264,0.0,0.0,1.0,1,1,0
1264_7625,1264,7625,0.0,0.0,0.0,1,1,0
1264_7736,1264,7736,0.0,0.0,0.0,1,1,0
1264_7755,1264,7755,0.0,0.0,0.0,1,1,0
1264_7761,1264,7761,0.0,0.0,1.0,1,1,0
1265_1265,1265,1265,0.0,0.0,1.0,1,1,0
1265_7712,1265,7712,5.021156365970565e-80,0.0,1.0,2,2,0
1265_7713,1265,7713,0.0,0.0,0.0,1,1,0
1265_7715,1265,7715,0.0,0.0,1.0,1,1,0
1265_7725,1265,7725,0.0011545191743001985,0.0,1.0,4,4,0
1265_7726,1265,7726,0.0,0.0,4.0,1,1,0
1265_7735,1265,7735,2.8673392046041632e-18,0.0,2.5,2,2,0
1265_7736,1265,7736,0.0,0.0,1.0,1,1,0
1265_7738,1265,7738,0.0,0.0,2.0,1,1,0
1265_7745,1265,7745,0.0,0.0,0.0,1,1,0
1265_7747,1265,7747,4.780492105170728e-61,0.0,0.5,2,2,0
1265_7751,1265,7751,0.0,0.0,0.0,1,1,0
1265_7753,1265,7753,0.0,0.0,1.0,1,1,0
1265_7755,1265,7755,0.0022582904713063,0.0,1.0,2,2,0
1265_7756,1265,7756,0.006180588051339467,0.0,1.0,6,6,0
1265_7758,1265,7758,0.0,0.0,3.0,1,1,0
1265_7759,1265,7759,0.0,0.0,1.0,1,1,0
1265_7763,1265,7763,0.0,0.0,1.0,1,1,0
1265_7765,1265,7765,0.2700463205503316,0.0,0.45454545454545453,7,11,1
1265_7768,1265,7768,0.0,0.0,0.0,1,1,0
1265_7795,1265,7795,0.10094825899732765,0.0,0.0,1,2,0
1266_7756,1266,7756,0.0,0.0,1.0,1,1,0
1266_7758,1266,7758,0.0006154559513367,0.0,2.0,2,2,0
1266_7759,1266,7759,0.0,0.0,4.0,1,1,0
1266_7765,1266,7765,1.5454093742041603e-11,0.0,0.5,2,2,0
1266_7778,1266,7778,0.0,0.0,0.0,1,1,0
1266_7793,1266,7793,0.0,0.0,0.0,1,1,0
1266_7794,1266,7794,0.0,0.0,0.0,1,1,0
1267_7658,1267,7658,0.016450996051480177,0.0,2.5,4,4,0
1267_7702,1267,7702,0.0,0.0,0.0,1,1,0
1267_7725,1267,7725,0.0,0.0,3.0,1,1,0
1268_6808,1268,6808,0.0,0.0,1.0,1,1,0
1268_7708,1268,7708,0.8660113010719588,0.0,1.1,5,10,0
1268_7747,1268,7747,0.0,0.0,1.0,1,1,0
1268_7756,1268,7756,0.0,0.0,1.0,1,1,0
1268_7757,1268,7757,0.0,0.0,5.0,1,1,0
1268_7761,1268,7761,0.08219898798053547,0.0,1.0,2,3,0
1268_7762,1268,7762,0.20328482987029955,0.0,1.0,2,2,0
1268_7765,1268,7765,1.1211031728572989e-05,0.0,0.6666666666666666,3,3,0
1268_7770,1268,7770,0.0,0.0,0.0,1,1,0
1269_7712,1269,7712,0.0,0.0,2.0,1,1,0
1269_7715,1269,7715,0.0,0.0,1.0,1,1,0
1269_7736,1269,7736,0.0,0.0,0.0,1,1,0
1269_7752,1269,7752,0.0,0.0,1.0,1,1,0
1269_7763,1269,7763,1.1870605725692234e-25,0.0,3.0,2,2,0
1269_7781,1269,7781,0.0,0.0,0.0,1,1,0
1270_7726,1270,7726,0.0,0.0,4.0,1,1,0
1270_7754,1270,7754,0.0,0.0,1.0,1,1,0
1271_7751,1271,7751,2.533290832270493,0.0,1.125,5,384,2
1271_7762,1271,7762,0.0,0.0,1.0,1,1,0
1271_7770,1271,7770,0.0,0.0,9.0,1,1,0
1271_7771,1271,7771,0.0,0.0,1.0,1,1,0
1272_7740,1272,7740,4.100409898102693,0.0,1.0,5,272,2
1272_7748,1272,7748,2.8451881937917332e-15,0.0,1.0,2,2,0
1272_7777,1272,7777,0.0,0.0,0.0,1,1,0
1273_7769,1273,7769,0.0,0.0,2.0,1,1,0
1273_7801,1273,7801,12.703695781211632,0.0,0.451847365233192,1,1651,2
1274_7724,1274,7724,0.01844158370061995,0.0,0.0,1,2,0
1274_7748,1274,7748,6.16867065860635e-07,0.0,1.0,3,3,0
1274_7757,1274,7757,0.0,0.0,1.0,1,1,0
1274_7771,1274,7771,0.0,0.0,0.0,1,1,0
1275_6635,1275,6635,0.0,0.0,0.0,1,1,0
1275_7708,1275,7708,0.30426474711850937,0.0,1.0,3,11,1
1275_7736,1275,7736,0.0,0.0,1.0,1,1,0
1275_7753,1275,7753,0.2744058180470132,0.0,1.0,2,2,0
1275_7754,1275,7754,4.583043868123801e-06,0.0,1.5,2,2,0
1275_7755,1275,7755,0.0,0.0,0.0,1,1,0
1275_7761,1275,7761,0.0,0.0,1.0,1,1,0
1275_7789,1275,7789,0.0,0.0,0.0,1,1,0
1275_7796,1275,7796,0.0,0.0,1.0,1,1,0
1276_6817,1276,6817,0.0,0.0,0.0,1,1,0
1276_7663,1276,7663,2.2271996060464936,0.0,1.0588235294117647,3,34,1
1276_7724,1276,7724,0.0,0.0,0.0,1,1,0
1276_7756,1276,7756,0.0,0.0,0.0,1,1,0
1276_7778,1276,7778,0.0,0.0,1.0,1,1,0
1277_7716,1277,7716,0.0,0.0,2.0,1,1,0
1277_7725,1277,7725,0.0,0.0,2.0,1,1,0
1277_7754,1277,7754,0.0,0.0,1.0,1,1,0
1277_7756,1277,7756,0.0,0.0,1.0,1,1,0
1277_7777,1277,7777,0.0,0.0,1.0,1,1,0
1277_7798,1277,7798,0.0,0.0,1.0,1,1,0
1278_7712,1278,7712,0.0,0.0,1.0,1,1,0
1278_7723,1278,7723,0.0,0.0,1.0,1,1,0
1278_7725,1278,7725,2.673685264987284e-107,0.0,0.0,2,2,0
1278_7750,1278,7750,2.6705254432547685,0.0,1.0436241610738255,72,596,2
1278_7756,1278,7756,0.16446390769882796,0.0,0.5,3,4,0
1278_7762,1278,7762,0.0,0.0,3.0,1,1,0
1278_7769,1278,7769,0.0,0.0,1.0,1,1,0
1278_7776,1278,7776,0.0,0.0,0.0,1,1,0
1278_7778,1278,7778,0.0,0.0,1.0,1,1,0
1278_7787,1278,7787,0.0,0.0,3.0,1,1,0
1278_7789,1278,7789,0.15163266555761667,0.0,0.5,3,4,0
1278_7796,1278,7796,0.0,0.0,0.0,1,1,0
1279_7712,1279,7712,2.719533186898972,0.0,1.0116959064327486,6,171,2
1279_7716,1279,7716,0.0,0.0,5.0,1,1,0
1279_7725,1279,7725,0.0,0.0,2.0,1,1,0
1279_7738,1279,7738,0.0,0.0,8.0,1,1,0
1279_7744,1279,7744,0.0,0.0,0.0,1,1,0
1279_7748,1279,7748,0.0,0.0,4.0,1,1,0
1279_7750,1279,7750,0.0,0.0,2.0,1,1,0
1279_7755,1279,7755,0.0,0.0,0.0,1,1,0
1279_7762,1279,7762,0.006674653994935489,0.0,0.6,5,5,0
1279_7770,1279,7770,0.0,0.0,5.0,1,1,0
1280_7488,1280,7488,0.0,0.0,0.0,1,1,0
1280_7701,1280,7701,0.0,0.0,0.0,1,1,0
1280_7715,1280,7715,0.0,0.0,1.0,1,1,0
1280_7742,1280,7742,4.714159400135873,0.0,0.9111776447105788,86,1002,2
1280_7753,1280,7753,0.0,0.0,1.0,1,1,0
1280_7754,1280,7754,0.0,0.0,0.0,1,1,0
1280_7764,1280,7764,0.0,0.0,0.0,1,1,0
1281_7755,1281,7755,0.0,0.0,1.0,1,1,0
1281_7758,1281,7758,0.0,0.0,0.0,1,1,0
1281_7760,1281,7760,0.0,0.0,9.0,1,1,0
1281_7764,1281,7764,0.0,0.0,1.0,1,1,0
1281_7766,1281,7766,0.0,0.0,7.0,1,1,0
1281_7768,1281,7768,0.3032653298563167,0.0,0.5,2,2,0
1282_7684,1282,7684,2.557169396095987,0.0,0.9931350114416476,7,437,2
1282_7755,1282,7755,0.0,0.0,0.0,1,1,0
1282_7756,1282,7756,2.2796014634151736e-84,0.0,1.0,2,2,0
1282_7765,1282,7765,2.0948481321795387,0.0,0.125,4,8,0
1282_7766,1282,7766,0.0,0.0,1.0,1,1,0
1282_7779,1282,7779,0.0,0.0,0.0,1,1,0
1283_7745,1283,7745,0.0,0.0,1.0,1,1,0
1283_7746,1283,7746,0.33516002301781966,0.0,2.5,2,2,0
1283_7747,1283,7747,0.0,0.0,1.0,1,1,0
1283_7751,1283,7751,0.0,0.0,2.0,1,1,0
1283_7752,1283,7752,0.0,0.0,4.0,1,1,0
1283_7753,1283,7753,0.5123000518062912,0.0,4.166666666666667,3,6,0
1283_7754,1283,7754,0.0,0.0,0.0,1,1,0
1283_7756,1283,7756,2.5925322051357123,0.0,3.735930735930736,19,462,2
1283_7757,1283,7757,0.016595689455954667,0.0,1.0,2,3,0
1283_7758,1283,7758,0.0,0.0,0.0,1,1,0
1283_7759,1283,7759,0.9459367561324612,0.0,1.2307692307692308,4,13,1
1283_7761,1283,7761,0.13014576215171095,0.0,1.0,2,6,0
1283_7762,1283,7762,0.0608945080175782,0.0,1.0,2,3,0
1283_7763,1283,7763,5.668657470742371,0.0,1.0119047619047619,80,1008,2
1283_7764,1283,7764,6.157783528931419e-45,0.0,1.0,3,3,0
1283_7765,1283,7765,0.016801378186661563,0.0,0.5,3,4,0
1283_7766,1283,7766,6.525708601406529e-24,0.0,0.75,4,4,0
1283_7767,1283,7767,0.09672577927594148,0.0,1.1111111111111112,3,18,1
1283_7768,1283,7768,8.357689423713926e-45,0.0,1.5,2,2,0
1283_7773,1283,7773,0.0,0.0,2.0,1,1,0
1284_7673,1284,7673,2.4394204595539755,0.0,1.4278959810874705,66,423,2
1284_7700,1284,7700,0.0,0.0,1.0,1,1,0
1284_7746,1284,7746,0.0,0.0,0.0,1,1,0
1284_7754,1284,7754,0.0,0.0,0.0,1,1,0
1284_7755,1284,7755,2.6440154649850428e-64,0.0,0.5,2,2,0
1284_7756,1284,7756,1.3187051791355431e-27,0.0,2.0,2,2,0
1284_7757,1284,7757,0.26377215449117886,0.0,1.391304347826087,7,23,1
1284_7758,1284,7758,0.28564049396138413,0.0,0.8958333333333334,26,48,2
1284_7759,1284,7759,0.07438643890231403,0.0,0.7777777777777778,8,9,0
1284_7760,1284,7760,0.011219161272234508,0.0,1.5,5,8,0
1284_7761,1284,7761,0.05047413135921397,0.0,1.0,1,4,0
1284_7762,1284,7762,5.278000831081085e-07,0.0,1.3333333333333333,3,3,0
1284_7763,1284,7763,0.02002035097647108,0.0,1.0,6,12,1
1284_7764,1284,7764,0.5670885603819744,0.0,1.2903225806451613,14,31,1
1284_7765,1284,7765,0.28518199916863457,0.0,1.4285714285714286,14,21,1
1284_7766,1284,7766,3.7777065883153558,0.0,1.0434782608695652,26,69,2
1284_7767,1284,7767,0.6150522640613264,0.0,1.0253164556962024,10,79,2
1284_7768,1284,7768,0.09357550134585692,0.0,1.0,7,9,0
1284_7772,1284,7772,0.0,0.0,0.0,1,1,0
1285_3533,1285,3533,0.0,0.0,0.0,1,1,0
1285_766,1285,766,0.0,0.0,1.0,1,1,0
1285_7723,1285,7723,0.0,0.0,1.0,1,1,0
1285_7725,1285,7725,0.0,0.0,0.0,1,1,0
1285_7734,1285,7734,0.0,0.0,2.0,1,1,0
1285_7736,1285,7736,0.0,0.0,1.0,1,1,0
1285_7744,1285,7744,0.0,0.0,2.0,1,1,0
1285_7746,1285,7746,0.0,0.0,11.0,1,1,0
1285_7751,1285,7751,0.0,0.0,0.0,1,1,0
1285_7752,1285,7752,0.20384620815378654,0.0,0.8888888888888888,4,9,0
1285_7753,1285,7753,0.04572013558668279,0.0,0.75,4,4,0
1285_7754,1285,7754,0.01365005413534607,0.0,1.0,5,9,0
1285_7755,1285,7755,0.4217308027635649,0.0,0.6666666666666666,4,9,0
1285_7756,1285,7756,0.0006924901674711509,0.0,1.75,4,4,0
1285_7757,1285,7757,0.2767239023329585,0.0,1.8571428571428572,5,7,0
1285_7758,1285,7758,0.12217052337456609,0.0,0.9354838709677419,17,31,1
1285_7759,1285,7759,0.15942679923126937,0.0,1.7333333333333334,9,15,1
1285_7760,1285,7760,0.023633304407539992,0.0,1.1428571428571428,6,7,0
1285_7761,1285,7761,0.11208662815639318,0.0,1.6666666666666667,8,12,1
1285_7762,1285,7762,0.03739215480565876,0.0,0.75,3,4,0
1285_7763,1285,7763,0.1516779989700828,0.0,1.8333333333333333,6,6,0
1285_7764,1285,7764,0.21485471564286676,0.0,0.8,4,5,0
1285_7765,1285,7765,1.1486479621114614,0.0,1.5892857142857142,26,56,2
1285_7766,1285,7766,0.2944076609608763,0.0,1.0491803278688525,14,61,2
1285_7767,1285,7767,0.29855105980715096,0.0,0.84,11,25,1
1285_7768,1285,7768,0.0,0.0,0.0,1,1,0
1285_7769,1285,7769,0.0,0.0,1.0,1,1,0
1285_7778,1285,7778,0.0,0.0,4.0,1,1,0
1285_7786,1285,7786,0.0,0.0,0.0,1,1,0
1285_7789,1285,7789,0.0,0.0,2.0,1,1,0
1286_1286,1286,1286,0.0,0.0,1.0,1,1,0
1286_7745,1286,7745,0.0,0.0,2.0,1,1,0
1286_7750,1286,7750,0.020270020875072636,0.0,1.0,1,3,0
1286_7751,1286,7751,0.1900854518180839,0.0,1.4285714285714286,2,7,0
1286_7752,1286,7752,0.00023207757085052638,0.0,1.1666666666666667,4,6,0
1286_7753,1286,7753,0.20073506490894255,0.0,1.1428571428571428,7,14,1
1286_7754,1286,7754,0.0005011463976591705,0.0,3.0,3,3,0
1286_7755,1286,7755,0.0006764768787652334,0.0,0.6666666666666666,3,3,0
1286_7756,1286,7756,0.0602388423824433,0.0,1.4,5,5,0
1286_7757,1286,7757,0.13192559485263697,0.0,0.7692307692307693,10,26,1
1286_7758,1286,7758,0.2493806999169327,0.0,0.7916666666666666,18,48,2
1286_7759,1286,7759,0.299629084773623,0.0,1.75,14,20,1
1286_7760,1286,7760,1.1443395198470099,0.0,0.7857142857142857,6,14,1
1286_7761,1286,7761,0.13220643718449493,0.0,1.1,10,10,0
1286_7762,1286,7762,0.037489500098268236,0.0,1.8333333333333333,7,12,1
1286_7763,1286,7763,0.00041991133501335123,0.0,1.375,4,8,0
1286_7764,1286,7764,0.036314761815339075,0.0,0.6666666666666666,6,9,0
1286_7765,1286,7765,5.0270893903213345,0.0,1.353526970954357,101,1205,2
1286_7766,1286,7766,0.2224883131066818,0.0,0.5,6,10,0
1286_7767,1286,7767,0.15486214775761595,0.0,2.375,7,8,0
1286_7768,1286,7768,1.5133309920828283e-05,0.0,1.6666666666666667,3,3,0
1286_7769,1286,7769,0.0,0.0,0.0,1,1,0
1286_7771,1286,7771,0.0,0.0,1.0,1,1,0
1286_7780,1286,7780,5.468209529655672,0.0,1.1672158154859966,99,1214,2
1286_7783,1286,7783,0.0,0.0,2.0,1,1,0
1286_7785,1286,7785,0.02475785940477793,0.0,0.6666666666666666,2,3,0
1286_7786,1286,7786,7.350335667559055e-34,0.0,1.0,2,2,0
1286_7787,1286,7787,0.0,0.0,0.0,1,1,0
1286_7789,1286,7789,0.0,0.0,0.0,1,1,0
1286_7795,1286,7795,0.0,0.0,1.0,1,1,0
1286_7796,1286,7796,0.0,0.0,1.0,1,1,0
1286_7798,1286,7798,2.7414584860913823e-78,0.0,0.0,2,2,0
1287_2757,1287,2757,0.0,0.0,0.0,1,1,0
1287_7487,1287,7487,0.055099629407195504,0.0,3.3333333333333335,2,3,0
1287_754,1287,754,0.0,0.0,1.0,1,1,0
1287_7737,1287,7737,0.6665015492628347,0.0,0.16666666666666666,2,6,0
1287_7739,1287,7739,0.0,0.0,0.0,1,1,0
1287_7744,1287,7744,0.0,0.0,1.0,1,1,0
1287_7748,1287,7748,0.0,0.0,0.0,1,1,0
1287_7749,1287,7749,0.02567595659058898,0.0,1.0909090909090908,6,11,1
1287_7750,1287,7750,0.039391515341962995,0.0,1.3125,11,16,1
1287_7751,1287,7751,0.06333279429967416,0.0,1.2857142857142858,4,7,0
1287_7752,1287,7752,0.07984548142011685,0.0,1.1428571428571428,5,7,0
1287_7753,1287,7753,0.22077576087724005,0.0,0.7777777777777778,5,9,0
1287_7754,1287,7754,0.6406994943669895,0.0,1.5416666666666667,9,24,1
1287_7755,1287,7755,0.022626594999947743,0.0,1.75,7,8,0
1287_7756,1287,7756,0.0853609085663231,0.0,0.875,14,24,1
1287_7757,1287,7757,0.2503138740922978,0.0,0.625,17,40,1
1287_7758,1287,7758,0.25476067489457416,0.0,0.8409090909090909,20,44,1
1287_7759,1287,7759,0.36518619776057776,0.0,1.2307692307692308,14,26,1
1287_7760,1287,7760,0.3934150584977381,0.0,0.868421052631579,18,38,1
1287_7761,1287,7761,0.07182514185502842,0.0,1.1666666666666667,9,12,1
1287_7762,1287,7762,0.3805306985697113,0.0,2.142857142857143,9,14,1
1287_7763,1287,7763,0.6570029388074072,0.0,1.2857142857142858,10,14,1
1287_7764,1287,7764,0.04219680796865995,0.0,1.4,12,15,1
1287_7765,1287,7765,0.39103847182111284,0.0,0.8936170212765957,20,47,2
1287_7766,1287,7766,0.5042675793816626,0.0,1.5,16,30,1
1287_7767,1287,7767,0.21010854781701674,0.0,1.0,10,19,1
1287_7770,1287,7770,0.0,0.0,1.0,1,1,0
1287_7771,1287,7771,0.01118538592808275,0.0,1.5,2,2,0
1287_7779,1287,7779,0.0,0.0,2.0,1,1,0
1287_7784,1287,7784,0.0,0.0,0.0,1,1,0
1287_7786,1287,7786,2.4278126361829767e-31,0.0,1.0,2,2,0
1287_7787,1287,7787,8.503340007407022e-13,0.0,0.5,2,2,0
1287_7789,1287,7789,0.0,0.0,0.0,1,1,0
1287_7793,1287,7793,0.0,0.0,0.0,1,1,0
1288_1284,1288,1284,0.0,0.0,2.0,1,1,0
1288_7737,1288,7737,0.01118538592808275,0.0,0.0,1,2,0
1288_7738,1288,7738,0.3652714050160586,0.0,0.0,1,3,0
1288_7745,1288,7745,0.0,0.0,0.0,1,1,0
1288_7746,1288,7746,0.18371339340342327,0.0,1.0,1,3,0
1288_7747,1288,7747,0.0005011463976591666,0.0,1.6666666666666667,3,3,0
1288_7748,1288,7748,0.11233226187133236,0.0,1.5,4,4,0
1288_7749,1288,7749,0.006180881617584825,0.0,0.5,4,4,0
1288_7750,1288,7750,6.782278967020014e-05,0.0,1.3333333333333333,3,3,0
1288_7751,1288,7751,0.001420906424133416,0.0,1.4,5,5,0
1288_7752,1288,7752,0.0,0.0,2.0,1,1,0
1288_7753,1288,7753,4.5698636212802813e-07,0.0,2.0,3,3,0
1288_7754,1288,7754,0.4508800490594645,0.0,1.0416666666666667,15,24,1
1288_7755,1288,7755,0.5640742639708839,0.0,1.0952380952380953,25,63,2
1288_7756,1288,7756,0.5223992411376482,0.0,1.2317073170731707,33,82,2
1288_7757,1288,7757,3.8785216291522313,0.0010893246187363835,1.3867102396514162,97,918,2
1288_7758,1288,7758,0.29029098254381963,0.0,0.7941176470588235,15,34,1
1288_7759,1288,7759,0.5402655547868319,0.0,0.5,10,16,1
1288_7760,1288,7760,0.28587023840740744,0.0,1.2424242424242424,23,33,1
1288_7761,1288,7761,0.2421454266022132,0.0,1.3055555555555556,21,36,1
1288_7762,1288,7762,0.40718043116212804,0.0,0.5,15,22,1
1288_7763,1288,7763,0.1608175098991753,0.0,0.2727272727272727,6,11,1
1288_7764,1288,7764,0.25974150285745684,0.0,0.8888888888888888,17,45,1
1288_7765,1288,7765,0.2359246083791603,0.0,0.6153846153846154,11,26,1
1288_7766,1288,7766,0.0,0.0,1.0,1,1,0
1288_7767,1288,7767,0.06375908305360986,0.0,1.2857142857142858,6,14,1
1288_7768,1288,7768,0.2729102510259939,0.0,2.6666666666666665,2,3,0
1288_7769,1288,7769,0.0011153218191599296,0.0,0.3333333333333333,3,3,0
1288_7770,1288,7770,0.1481636441363436,0.0,1.4,5,5,0
1288_7771,1288,7771,0.24525796997761926,0.0,1.2941176470588236,14,34,1
1288_7772,1288,7772,4.497346483576e-05,0.0,1.0,5,5,0
1288_7773,1288,7773,0.08270912492747878,0.0,1.0,7,10,0
1289_1289,1289,1289,0.0,0.0,2.0,1,1,0
1289_756,1289,756,0.0,0.0,0.0,1,1,0
1289_7732,1289,7732,0.0,0.0,1.0,1,1,0
1289_7734,1289,7734,0.0,0.0,1.0,1,1,0
1289_7738,1289,7738,0.0,0.0,3.0,1,1,0
1289_7746,1289,7746,0.6768147174334005,0.0,1.0,3,6,0
1289_7747,1289,7747,0.0446762499108231,0.0,1.0,2,7,0
1289_7748,1289,7748,0.14940746372905145,0.0,1.6363636363636365,7,11,1
1289_7749,1289,7749,0.05450636016698786,0.0,0.8,4,5,0
1289_7750,1289,7750,0.0,0.0,0.0,1,1,0
1289_7751,1289,7751,0.007377326816387586,0.0,0.8,4,5,0
1289_7752,1289,7752,0.00037309026008205834,0.0,1.3333333333333333,9,9,0
1289_7753,1289,7753,4.39876275362568,0.0,1.0,7,685,2
1289_7754,1289,7754,0.17355842273746822,0.0,0.7777777777777778,14,27,1
1289_7755,1289,7755,0.17309425529726177,0.0,1.0816326530612246,20,49,2
1289_7756,1289,7756,0.42653908121258505,0.0,0.7547169811320755,28,53,2
1289_7757,1289,7757,0.49187753657485894,0.0,1.2040816326530612,25,49,2
1289_7758,1289,7758,0.0520133589756939,0.0,0.3,7,10,0
1289_7759,1289,7759,0.15657951274833268,0.0,0.7272727272727273,6,11,1
1289_7760,1289,7760,0.3715102935368525,0.0,0.8367346938775511,21,49,2
1289_7761,1289,7761,2.738304614894432,0.0,1.087323943661972,25,355,2
1289_7762,1289,7762,5.3466670218733165,0.0,0.7837582625118036,91,1059,2
1289_7763,1289,7763,0.43158205273677264,0.0,0.8955223880597015,25,67,2
1289_7764,1289,7764,0.31097796110599124,0.0,0.6410256410256411,18,39,1
1289_7765,1289,7765,0.216437860127414,0.0,0.8709677419354839,16,31,1
1289_7766,1289,7766,0.0019891064083685924,0.0,0.6,7,10,0
1289_7767,1289,7767,0.2355590809498497,0.0,1.1,13,20,1
1289_7768,1289,7768,0.03192026463348803,0.0,0.4,5,5,0
1289_7769,1289,7769,8.748611930727559e-24,0.0,0.5,2,2,0
1289_7770,1289,7770,0.1880937624151604,0.0,1.25,9,12,1
1289_7771,1289,7771,0.6557028037489745,0.0,1.0,16,24,1
1289_7772,1289,7772,0.02234569729136467,0.10526315789473684,2.3157894736842106,14,19,1
1289_7773,1289,7773,0.0001842237618776425,0.0,4.6,4,5,0
1289_7778,1289,7778,4.583043868123801e-06,0.0,0.0,2,2,0
1289_7779,1289,7779,0.0,0.0,0.0,1,1,0
1289_7789,1289,7789,3.903593312755616e-18,0.0,0.5,3,4,0
1289_7798,1289,7798,0.0,0.0,1.0,1,1,0
1289_7799,1289,7799,0.0,0.0,1.0,1,1,0
1290_5877,1290,5877,0.0,0.0,2.0,1,1,0
1290_7638,1290,7638,0.01844158370061995,0.0,2.5,2,2,0
1290_7664,1290,7664,0.0,0.0,1.0,1,1,0
1290_7735,1290,7735,0.0,0.0,1.0,1,1,0
1290_7744,1290,7744,0.0,0.0,5.0,1,1,0
1290_7746,1290,7746,0.3519383109661898,0.0,2.6666666666666665,6,9,0
1290_7747,1290,7747,0.3535301870695687,0.0,1.3333333333333333,22,33,1
1290_7748,1290,7748,0.37191872768369083,0.0,1.1470588235294117,17,34,1
1290_7749,1290,7749,0.0027192358455929433,0.0,2.230769230769231,12,13,1
1290_7750,1290,7750,0.08660946451020701,0.0,1.48,16,25,1
1290_7751,1290,7751,0.08919345892086807,0.0,0.75,17,24,1
1290_7752,1290,7752,0.14064989335295666,0.0,1.3846153846153846,19,26,1
1290_7753,1290,7753,0.1895519467925212,0.0,1.04,14,25,1
1290_7754,1290,7754,0.432725554991486,0.0,1.6065573770491803,23,61,2
1290_7755,1290,7755,0.5632398305695155,0.0,1.1864406779661016,24,59,2
1290_7756,1290,7756,0.886830567631938,0.0,1.5172413793103448,33,87,2
1290_7757,1290,7757,0.5653219010708801,0.0,1.0,22,48,2
1290_7758,1290,7758,1.9416728901292335,0.0,1.2352941176470589,16,34,1
1290_7759,1290,7759,0.5436607750524654,0.0,1.0,9,22,1
1290_7760,1290,7760,1.00867978398599,0.0,0.7,29,110,2
1290_7761,1290,7761,0.34331811848562416,0.0,0.5517241379310345,15,29,1
1290_7762,1290,7762,0.5410725515376713,0.0,1.25,25,48,2
1290_7763,1290,7763,0.5348223232895284,0.0,1.4125,27,80,2
1290_7764,1290,7764,0.6116059800590559,0.0,0.8529411764705882,16,34,1
1290_7765,1290,7765,14.34522744296797,0.0006333122229259025,0.2799240025332489,10,1579,2
1290_7766,1290,7766,0.17862013044990338,0.0,1.0,11,20,1
1290_7767,1290,7767,0.5761967738163781,0.0,1.15,18,40,1
1290_7768,1290,7768,0.08285563471314329,0.0,0.4090909090909091,11,22,1
1290_7769,1290,7769,0.3074128702562725,0.0,0.7241379310344828,11,29,1
1290_7770,1290,7770,0.13602640690620127,0.0,1.2058823529411764,18,34,1
1290_7771,1290,7771,0.005980862180229793,0.0,1.1,6,10,0
1290_7772,1290,7772,0.17357118862709664,0.0,1.3076923076923077,9,13,1
1290_7773,1290,7773,4.703064452149588e-16,0.0,2.0,2,2,0
1290_7795,1290,7795,0.0,0.0,3.0,1,1,0
1291_1211,1291,1211,0.0,0.0,1.0,1,1,0
1291_1291,1291,1291,1.917072725219241e-17,0.0,0.5,2,2,0
1291_762,1291,762,0.0,0.0,5.0,1,1,0
1291_7700,1291,7700,0.0,0.0,2.0,1,1,0
1291_7702,1291,7702,0.0,0.0,0.0,1,1,0
1291_7705,1291,7705,0.0,0.0,1.0,1,1,0
1291_7729,1291,7729,0.0,0.0,1.0,1,1,0
1291_7733,1291,7733,3.998171552447621,0.0,1.2170626349892009,91,926,2
1291_7737,1291,7737,2.3987343511877537,0.0,1.4453125,85,512,2
1291_7740,1291,7740,0.0,0.0,0.0,1,1,0
1291_7745,1291,7745,0.0,0.0,2.0,1,1,0
1291_7746,1291,7746,2.5147789304665476e-05,0.0,1.0,3,4,0
1291_7747,1291,7747,0.40223213875333835,0.0,1.4181818181818182,24,55,2
1291_7748,1291,7748,0.6616745066794694,0.0,1.0606060606060606,40,132,2
1291_7749,1291,7749,0.09428183894234558,0.0,0.7222222222222222,13,18,1
1291_7750,1291,7750,0.1598123984525349,0.0,2.0,14,19,1
1291_7751,1291,7751,0.4220123643281612,0.0,1.1081081081081081,21,37,1
1291_7752,1291,7752,0.6412883072724173,0.0,1.4722222222222223,21,36,1
1291_7753,1291,7753,0.2172641155981587,0.0,1.8695652173913044,18,23,1
1291_7754,1291,7754,0.3728567169171797,0.0,0.7209302325581395,17,43,1
1291_7755,1291,7755,3.76309808563409,0.0,0.8265682656826568,30,542,2
1291_7756,1291,7756,0.580299265218883,0.0,1.25,31,84,2
1291_7757,1291,7757,1.0674783456955368,0.0,1.15625,45,128,2
1291_7758,1291,7758,0.7593684337141982,0.0,1.0476190476190477,34,84,2
1291_7759,1291,7759,0.9874428006436394,0.0,0.8,17,55,2
1291_7760,1291,7760,3.342097424666108,0.0,1.0071942446043165,42,556,2
1291_7761,1291,7761,1.252472619980949,0.006993006993006993,0.9020979020979021,34,143,2
1291_7762,1291,7762,0.7850902574600523,0.0,1.0303030303030303,19,66,2
1291_7763,1291,7763,0.8537440251143783,0.0,0.8275862068965517,25,87,2
1291_7764,1291,7764,0.411266265124685,0.0,0.9444444444444444,14,36,1
1291_7765,1291,7765,4.270489520649258,0.00964630225080386,1.0482315112540193,12,622,2
1291_7766,1291,7766,0.5599988539305142,0.0,1.24,14,25,1
1291_7767,1291,7767,3.2608215249065777,0.002881844380403458,1.531700288184438,89,694,2
1291_7768,1291,7768,0.2670915873728742,0.0,0.6538461538461539,13,26,1
1291_7769,1291,7769,0.13103686445329793,0.0,0.9090909090909091,9,11,1
1291_7770,1291,7770,0.001241125367305032,0.0,0.3333333333333333,5,6,0
1291_7771,1291,7771,0.010137939520207613,0.0,1.0,10,11,1
1291_7772,1291,7772,0.2691111149820796,0.0,1.6363636363636365,13,22,1
1291_7773,1291,7773,0.14905739776998836,0.0,1.4444444444444444,6,9,0
1291_7774,1291,7774,8.547417703522657e-15,0.0,1.0,2,2,0
1291_7778,1291,7778,0.0,0.0,0.0,1,1,0
1291_7780,1291,7780,1.3293622244289294,0.0,0.0,1,6,0
1291_7798,1291,7798,0.0,0.0,2.0,1,1,0
1291_7804,1291,7804,0.0,0.0,1.0,1,1,0
1292_4757,1292,4757,0.0,0.0,1.0,1,1,0
1292_758,1292,758,0.0,0.0,1.0,1,1,0
1292_7720,1292,7720,0.0,0.0,0.0,1,1,0
1292_7733,1292,7733,0.0,0.0,1.0,1,1,0
1292_7735,1292,7735,0.0,0.0,5.0,1,1,0
1292_7746,1292,7746,0.09196986029297799,0.0,1.0,4,4,0
1292_7747,1292,7747,0.22712862950338672,0.0,2.142857142857143,10,14,1
1292_7748,1292,7748,0.6457492893384694,0.0,1.2736842105263158,33,95,2
1292_77484,1292,77484,0.0,0.0,1.0,1,1,0
1292_7749,1292,7749,0.25819349003687214,0.0,1.1951219512195121,23,41,1
1292_7750,1292,7750,0.4117208880189469,0.0,1.8181818181818181,15,22,1
1292_7751,1292,7751,0.37659120872193685,0.0,1.3428571428571427,24,35,1
1292_7752,1292,7752,0.1255155298491472,0.0,0.9230769230769231,17,26,1
1292_7753,1292,7753,0.3865361237484971,0.0,1.2241379310344827,30,58,2
1292_7754,1292,7754,0.5870679082038264,0.0,1.0476190476190477,36,147,2
1292_7755,1292,7755,0.611539699176542,0.0,0.9787234042553191,31,94,2
1292_7756,1292,7756,1.0070674804681885,0.0,1.5263157894736843,34,114,2
1292_7757,1292,7757,0.42808836205626777,0.0,1.271604938271605,32,81,2
1292_7758,1292,7758,1.290362652182246,0.004830917874396135,0.9951690821256038,46,207,2
1292_7759,1292,7759,0.5198355191407488,0.0,1.7169811320754718,22,53,2
1292_7760,1292,7760,1.6531053621695027,0.0,1.1255605381165918,44,223,2
1292_7761,1292,7761,0.801239251173575,0.0,1.3010752688172043,35,93,2
1292_7762,1292,7762,0.5707238586799508,0.0,0.6111111111111112,19,36,1
1292_7763,1292,7763,0.508389825689309,0.0,0.9310344827586207,23,58,2
1292_7764,1292,7764,0.5081826719462155,0.0,0.8974358974358975,8,39,1
1292_7765,1292,7765,0.20841806934239113,0.0,0.6875,11,32,1
1292_7766,1292,7766,0.7889956810774609,0.0,0.9701492537313433,28,67,2
1292_7767,1292,7767,0.8076413841781541,0.0,1.3580246913580247,24,81,2
1292_7768,1292,7768,0.13471241293934041,0.0,0.5454545454545454,8,11,1
1292_7769,1292,7769,0.34381661550970855,0.0,1.0,12,21,1
1292_7770,1292,7770,0.16605608267572944,0.0,1.125,6,8,0
1292_7771,1292,7771,0.07834273868881597,0.0,0.38095238095238093,11,21,1
1292_7772,1292,7772,0.056025966125960475,0.0,1.1111111111111112,7,9,0
1292_7773,1292,7773,0.18109064866191033,0.0,1.0357142857142858,12,28,1
1292_7774,1292,7774,0.1429101062249472,0.0,4.285714285714286,6,7,0
1292_7777,1292,7777,0.0,0.0,1.0,1,1,0
1292_7795,1292,7795,0.0,0.0,2.0,1,1,0
1292_7796,1292,7796,0.0,0.0,0.0,1,1,0
1293_1257,1293,1257,0.0,0.0,1.0,1,1,0
1293_1293,1293,1293,4.1684053949813856e-08,0.0,3.0,2,2,0
1293_7720,1293,7720,0.0,0.0,7.0,1,1,0
1293_7724,1293,7724,0.0,0.0,3.0,1,1,0
1293_7725,1293,7725,0.0,0.0,5.0,1,1,0
1293_7729,1293,7729,0.0,0.0,1.0,1,1,0
1293_7737,1293,7737,0.0,0.0,1.0,1,1,0
1293_7744,1293,7744,9.276956813079893e-08,0.0,0.5,2,2,0
1293_7746,1293,7746,0.012446785005541895,0.0,1.0,3,4,0
1293_7747,1293,7747,0.33706859506999903,0.0,1.391304347826087,14,23,1
1293_7748,1293,7748,0.3621850007153812,0.0,1.5,24,46,2
1293_7749,1293,7749,0.3382178044066089,0.0,1.0714285714285714,13,28,1
1293_7750,1293,7750,0.11888775623068198,0.0,1.5454545454545454,6,11,1
1293_7751,1293,7751,0.25608685695733036,0.0,1.2982456140350878,28,57,2
1293_7752,1293,7752,0.26360742851162383,0.0,1.2692307692307692,27,52,2
1293_7753,1293,7753,0.9228710665882096,0.0,1.2516556291390728,46,151,2
1293_7754,1293,7754,0.775361741079133,0.0,1.6906474820143884,38,139,2
1293_7755,1293,7755,0.9160886796413523,0.0,1.481203007518797,41,133,2
1293_7756,1293,7756,0.7239687008076026,0.0,1.2426470588235294,49,136,2
1293_7757,1293,7757,0.9636979761944069,0.0,1.4216867469879517,51,166,2
1293_7758,1293,7758,0.8240576218993443,0.0,1.3840579710144927,42,138,2
1293_7759,1293,7759,0.1125854560876039,0.0,0.875,16,24,1
1293_7760,1293,7760,6.028821554392025,0.0,1.1851239669421487,53,605,2
1293_7761,1293,7761,1.1193004731210892,0.0,1.2272727272727273,30,88,2
1293_7762,1293,7762,0.6335682070761934,0.0,1.1267605633802817,25,71,2
1293_7763,1293,7763,0.3886120872779757,0.0,1.4025974025974026,30,77,2
1293_7766,1293,7766,12.036181687501577,0.0007032348804500703,0.45850914205344584,2,1422,2
1293_7767,1293,7767,0.29442043525908523,0.0,0.38095238095238093,12,21,1
1293_7768,1293,7768,0.2481599814384046,0.0,1.0769230769230769,11,13,1
1293_7769,1293,7769,0.5429242564127666,0.0,1.1428571428571428,12,21,1
1293_7770,1293,7770,0.3458483712892153,0.0,1.1176470588235294,12,17,1
1293_7771,1293,7771,0.047676284332501,0.0,1.0,10,10,0
1293_7772,1293,7772,0.1372720292246212,0.0,0.9230769230769231,20,26,1
1293_7773,1293,7773,0.08803562472063128,0.0,0.8235294117647058,10,17,1
1293_7774,1293,7774,0.42222707886883765,0.0,0.8795180722891566,30,83,2
1293_7775,1293,7775,0.21034165853024767,0.0,0.64,15,25,1
1293_7776,1293,7776,0.00020155708584055628,0.0,0.4,5,5,0
1293_7777,1293,7777,0.0,0.0,1.0,1,1,0
1293_7796,1293,7796,0.0,0.0,1.0,1,1,0
1293_7797,1293,7797,0.4524187090179798,0.0,0.0,2,2,0
1293_7798,1293,7798,0.0,0.0,0.0,1,1,0
1294_1294,1294,1294,0.0,0.0,1.0,1,1,0
1294_7704,1294,7704,3.813613639425223,0.0,0.9556962025316456,4,316,2
1294_7705,1294,7705,0.0,0.0,1.0,1,1,0
1294_7721,1294,7721,0.0,0.0,2.0,1,1,0
1294_7747,1294,7747,0.2318817973623278,0.0,1.4375,13,16,1
1294_7748,1294,7748,0.35467871786653177,0.0,0.8947368421052632,10,19,1
1294_7749,1294,7749,0.3129655603622196,0.0,2.5172413793103448,21,29,1
1294_7750,1294,7750,0.024081733901133016,0.0,0.75,7,8,0
1294_7751,1294,7751,0.07728975789272538,0.0,1.2857142857142858,14,21,1
1294_7752,1294,7752,1.2533684143871553,0.0,0.9714285714285714,61,280,2
1294_7753,1294,7753,7.30306691414184,0.0,0.6681081081081081,47,925,2
1294_7754,1294,7754,1.0032880254912406,0.0,0.918918918918919,56,222,2
1294_7755,1294,7755,1.1716652102486171,0.0,1.7516339869281046,54,153,2
1294_7756,1294,7756,0.964065874607979,0.0,1.48,59,225,2
1294_7757,1294,7757,1.9358527819318985,0.0,1.3745928338762214,58,307,2
1294_7758,1294,7758,0.24752775607667682,0.0,0.6551724137931034,13,29,1
1294_7759,1294,7759,1.0910999525559044,0.0,1.1023622047244095,43,127,2
1294_7760,1294,7760,1.1110683208617862,0.0,1.103448275862069,52,232,2
1294_7761,1294,7761,0.9112274477301623,0.01875,1.25625,44,160,2
1294_7762,1294,7762,0.765018263183204,0.00625,1.075,45,160,2
1294_7763,1294,7763,0.11331973707027908,0.0,1.0666666666666667,12,15,1
1294_7764,1294,7764,0.23673319176302232,0.0,0.9333333333333333,8,15,1
1294_7765,1294,7765,0.12288796833213612,0.0,1.2727272727272727,9,11,1
1294_7766,1294,7766,0.0,0.0,0.0,1,1,0
1294_7767,1294,7767,0.15184766486228066,0.0,1.1666666666666667,4,6,0
1294_7768,1294,7768,0.23140407927189552,0.0,1.1111111111111112,9,9,0
1294_7769,1294,7769,0.31071921867312546,0.0,1.8333333333333333,11,12,1
1294_7770,1294,7770,0.7340474458275793,0.0,0.8620689655172413,13,29,1
1294_7771,1294,7771,0.22197377578903335,0.0,0.6923076923076923,12,26,1
1294_7772,1294,7772,0.10234445317157238,0.0,2.75,7,8,0
1294_7773,1294,7773,0.0005045924672062795,0.0,3.0,6,6,0
1294_7774,1294,7774,0.2848509179774589,0.0,0.9107142857142857,28,56,2
1294_7775,1294,7775,0.0877823014891075,0.0,0.6428571428571429,15,28,1
1294_7776,1294,7776,0.00032834152611993853,0.0,0.4,5,5,0
1294_7789,1294,7789,5.320036393912733e-25,0.0,0.0,2,2,0
1294_7795,1294,7795,0.0,0.0,1.0,1,1,0
1295_1295,1295,1295,6.272076431648672e-50,0.0,0.0,2,2,0
1295_1756,1295,1756,6.890327774472859e-09,0.0,2.0,2,2,0
1295_7342,1295,7342,0.01366186122364625,0.0,0.5,2,2,0
1295_7700,1295,7700,0.0,0.0,0.0,1,1,0
1295_7706,1295,7706,0.0,0.0,1.0,1,1,0
1295_7715,1295,7715,0.7558505928732735,0.0,1.7333333333333334,8,15,1
1295_7724,1295,7724,0.0,0.0,4.0,1,1,0
1295_7725,1295,7725,0.0,0.0,1.0,1,1,0
1295_7733,1295,7733,1.408965785694648,0.0,1.425,41,80,2
1295_7736,1295,7736,0.0,0.0,1.0,1,1,0
1295_7738,1295,7738,0.0,0.0,1.0,1,1,0
1295_7742,1295,7742,0.0,0.0,1.0,1,1,0
1295_7744,1295,7744,0.0,0.0,5.0,1,1,0
1295_7745,1295,7745,0.6595858189847223,0.0,1.3846153846153846,10,13,1
1295_7747,1295,7747,0.17923182571776913,0.0,1.0,10,18,1
1295_7748,1295,7748,0.4226107135416972,0.0,1.2727272727272727,18,22,1
1295_7749,1295,7749,0.4479042572869836,0.0,1.0625,18,32,1
1295_7750,1295,7750,0.062800953908918,0.0,1.263157894736842,14,19,1
1295_7751,1295,7751,0.5148397421479419,0.0,0.9166666666666666,31,96,2
1295_7752,1295,7752,1.3866357596360523,0.0,1.5992779783393503,67,277,2
1295_7753,1295,7753,0.8745728610816388,0.0,0.7906976744186046,51,215,2
1295_7754,1295,7754,1.563255743923711,0.005235602094240838,0.9031413612565445,68,382,2
1295_7755,1295,7755,1.0009741480557621,0.0,1.190217391304348,50,184,2
1295_7756,1295,7756,0.9554887331414397,0.0,1.2777777777777777,67,252,2
1295_7757,1295,7757,1.9333453672494745,0.0,1.4041570438799076,72,433,2
1295_7758,1295,7758,6.789995007973833,0.0,1.04586129753915,61,894,2
1295_7759,1295,7759,2.278796945147867,0.0,1.432532347504621,82,541,2
1295_7760,1295,7760,0.661471432611943,0.0,1.7297297297297298,30,74,2
1295_7761,1295,7761,1.2870642404870276,0.007518796992481203,1.556390977443609,55,266,2
1295_7762,1295,7762,0.39262020627427485,0.0,1.35,40,80,2
1295_7763,1295,7763,0.22565282124925565,0.0,2.5128205128205128,23,39,1
1295_7764,1295,7764,0.33711567159436995,0.0,1.196078431372549,26,51,2
1295_7765,1295,7765,1.0669866873725065,0.0,0.9672131147540983,23,61,2
1295_7766,1295,7766,2.6493301783023475,0.0,1.0952380952380953,20,42,1
1295_7767,1295,7767,0.07518777612668963,0.0,1.3333333333333333,5,6,0
1295_7768,1295,7768,0.5326625436487987,0.0,0.6842105263157895,11,19,1
1295_7769,1295,7769,1.1281427407036826,0.0,0.5581395348837209,16,43,1
1295_7770,1295,7770,1.8170329901443163,0.0,1.3444444444444446,28,90,2
1295_7771,1295,7771,0.4850673795184779,0.0,0.5671641791044776,23,67,2
1295_7772,1295,7772,0.15018200075997465,0.0,0.7428571428571429,19,35,1
1295_7773,1295,7773,0.18124099430156926,0.0,1.0681818181818181,21,44,1
1295_7774,1295,7774,0.12524030182084187,0.0,1.2857142857142858,14,28,1
1295_7775,1295,7775,0.0,0.0,0.0,1,1,0
1295_7776,1295,7776,2.9576812778018696e-30,0.0,0.0,2,2,0
1295_7785,1295,7785,4.6026448416875e-05,0.0,1.5,4,4,0
1295_7786,1295,7786,0.0,0.0,0.0,1,1,0
1295_7795,1295,7795,0.0,0.0,2.0,1,1,0
1296_1257,1296,1257,0.0,0.0,3.0,1,1,0
1296_1296,1296,1296,0.0,0.0,3.0,1,1,0
1296_6411,1296,6411,0.0,0.0,1.0,1,1,0
1296_7104,1296,7104,0.0,0.0,0.0,1,1,0
1296_752,1296,752,0.0,0.0,1.0,1,1,0
1296_7694,1296,7694,3.3787643287695097,0.0,1.048780487804878,4,246,2
1296_7705,1296,7705,0.0,0.0,0.0,1,1,0
1296_7712,1296,7712,0.0,0.0,1.0,1,1,0
1296_7716,1296,7716,0.0,0.0,0.0,1,1,0
1296_7717,1296,7717,0.0,0.0,1.0,1,1,0
1296_7723,1296,7723,0.0,0.0,0.0,1,1,0
1296_7724,1296,7724,0.0,0.0,1.0,1,1,0
1296_7726,1296,7726,2.3174304989964884e-13,0.0,1.0,2,2,0
1296_7728,1296,7728,0.0,0.0,0.0,1,1,0
1296_7729,1296,7729,0.0,0.0,1.0,1,1,0
1296_7732,1296,7732,0.2234400154023485,0.0,1.0,3,3,0
1296_7734,1296,7734,3.087120073522584e-10,0.0,0.6666666666666666,3,3,0
1296_7736,1296,7736,0.11059774228468149,0.0,0.8333333333333334,4,6,0
1296_7739,1296,7739,0.0,0.0,0.0,1,1,0
1296_7740,1296,7740,0.2610911477348009,0.0,0.5,3,4,0
1296_7747,1296,7747,0.06395017269530555,0.0,1.75,9,12,1
1296_7748,1296,7748,0.23706230199170472,0.0,0.42857142857142855,7,14,1
1296_7749,1296,7749,0.3978351178291184,0.0,1.1136363636363635,20,44,1
1296_7750,1296,7750,0.26342806144543757,0.0,1.6451612903225807,20,31,1
1296_7751,1296,7751,0.5094199795622789,0.0,1.4078947368421053,33,76,2
1296_7752,1296,7752,1.213957449767175,0.0,1.308695652173913,50,230,2
1296_7753,1296,7753,1.2254982877302014,0.0,0.8357142857142857,43,140,2
1296_7754,1296,7754,0.6404815484597072,0.0,1.0390625,41,128,2
1296_7755,1296,7755,1.0504353238601394,0.0,1.1875,42,208,2
1296_7756,1296,7756,3.9481256441193406,0.0,1.0128824476650564,54,621,2
1296_7757,1296,7757,3.593127178598621,0.0,1.3197353914002206,90,907,2
1296_7758,1296,7758,3.640070791572012,0.0012515644555694619,1.2390488110137672,84,799,2
1296_7759,1296,7759,1.0979285657176698,0.0,1.8860759493670887,50,158,2
1296_7760,1296,7760,1.174557299918847,0.0,1.9420289855072463,46,138,2
1296_7761,1296,7761,0.4832213685688714,0.021505376344086023,1.6559139784946237,34,93,2
1296_7762,1296,7762,0.271591104413417,0.0,1.0188679245283019,24,53,2
1296_7763,1296,7763,1.2982475154592332,0.0,0.6767676767676768,31,99,2
1296_7764,1296,7764,0.5006016044541193,0.0,1.0396039603960396,38,101,2
1296_7765,1296,7765,0.7341194413301438,0.0,1.0232558139534884,39,86,2
1296_7766,1296,7766,0.4179698772837434,0.0,1.4285714285714286,23,42,1
1296_7767,1296,7767,0.7017041425455691,0.0,0.5,18,38,1
1296_7768,1296,7768,0.1479877195273947,0.0,0.4,10,20,1
1296_7769,1296,7769,0.47796302228363613,0.0,1.0,9,19,1
1296_7770,1296,7770,0.6404370880223648,0.0,0.7073170731707317,19,41,1
1296_7771,1296,7771,1.2830837862497286,0.0,0.75,23,52,2
1296_7772,1296,7772,0.29881097242489685,0.0,1.6,7,10,0
1296_7773,1296,7773,0.2693350209486318,0.0,0.92,14,25,1
1296_7774,1296,7774,0.1942533037463277,0.0,1.1764705882352942,13,17,1
1296_7775,1296,7775,0.42571623786505197,0.0,0.6,13,30,1
1296_7776,1296,7776,0.313191815160392,0.0,0.8,6,10,0
1296_7777,1296,7777,6.871256471851441e-07,0.0,1.25,4,4,0
1296_7787,1296,7787,0.0,0.0,0.0,1,1,0
1296_7790,1296,7790,14.732507938772011,0.0,0.14042553191489363,2,1645,2
1296_7795,1296,7795,0.0,0.0,2.0,1,1,0
1296_7796,1296,7796,0.09075728411006093,0.0,1.8,4,5,0
1297_1158,1297,1158,0.0,0.0,1.0,1,1,0
1297_1253,1297,1253,0.0,0.0,1.0,1,1,0
1297_1257,1297,1257,1.694747163098462e-08,0.0,1.0,1,2,0
1297_6817,1297,6817,0.0,0.0,4.0,1,1,0
1297_755,1297,755,0.0,0.0,1.0,1,1,0
1297_7694,1297,7694,0.0,0.0,1.0,1,1,0
1297_7705,1297,7705,0.0,0.0,2.0,1,1,0
1297_7712,1297,7712,0.0,0.0,1.0,1,1,0
1297_7726,1297,7726,0.7904408818489067,0.0,1.4210526315789473,11,19,1
1297_7734,1297,7734,1.5489655283157483e-14,0.0,0.6666666666666666,3,3,0
1297_7739,1297,7739,0.0,0.0,2.0,1,1,0
1297_7741,1297,7741,0.0,0.0,1.0,1,1,0
1297_7747,1297,7747,0.0,0.0,1.0,1,1,0
1297_7748,1297,7748,3.8536969492354474e-55,0.0,2.5,2,2,0
1297_7749,1297,7749,0.35312059264630863,0.0,2.0681818181818183,25,44,1
1297_7750,1297,7750,0.8994860445899237,0.0,1.5444444444444445,36,90,2
1297_7751,1297,7751,0.567525015602328,0.0,1.1683168316831682,37,101,2
1297_7752,1297,7752,1.0940354246893667,0.0,1.3662790697674418,56,172,2
1297_7753,1297,7753,1.4984750987110982,0.007352941176470588,0.9779411764705882,42,136,2
1297_7754,1297,7754,1.1671274932245375,0.0,1.0751445086705202,39,173,2
1297_7755,1297,7755,1.3150649574007243,0.0,1.078358208955224,47,268,2
1297_7756,1297,7756,0.6631927868777855,0.0,1.1404494382022472,50,178,2
1297_7757,1297,7757,3.8689697585940337,0.0,1.3480769230769232,67,520,2
1297_7758,1297,7758,1.3861706019855125,0.0,1.7428571428571429,54,210,2
1297_7759,1297,7759,3.442135085802723,0.0,0.9868995633187773,44,458,2
1297_7760,1297,7760,1.3901214702405822,0.0,1.890547263681592,57,201,2
1297_7761,1297,7761,0.5739154971187262,0.0,1.5114503816793894,44,131,2
1297_7762,1297,7762,0.9466744076842484,0.0,1.037037037037037,36,162,2
1297_7763,1297,7763,0.38391993755056175,0.0,0.7391304347826086,17,46,2
1297_7764,1297,7764,0.378751866364269,0.0,0.7894736842105263,26,76,2
1297_7765,1297,7765,0.3806592322019304,0.0,0.8035714285714286,24,56,2
1297_7766,1297,7766,0.2055671768765692,0.0,0.5789473684210527,15,19,1
1297_7767,1297,7767,5.748431551450874,0.0,1.1315240083507307,100,1437,2
1297_7768,1297,7768,0.46861528895930665,0.0,1.1111111111111112,14,18,1
1297_7769,1297,7769,0.6949823686841502,0.0,0.7333333333333333,18,45,1
1297_7770,1297,7770,0.16448389793019144,0.0,0.3888888888888889,14,18,1
1297_7771,1297,7771,0.2614227206115783,0.0,0.7083333333333334,13,24,1
1297_7772,1297,7772,0.1502422867640519,0.0,1.8333333333333333,9,12,1
1297_7773,1297,7773,0.10531581940523237,0.0,1.1538461538461537,9,13,1
1297_7774,1297,7774,4.236667425353963,0.0,1.189265536723164,13,708,2
1297_7775,1297,7775,0.8384180837427782,0.0,1.3928571428571428,22,56,2
1297_7776,1297,7776,0.3803469371665056,0.0,0.8125,13,32,1
1297_7777,1297,7777,0.13045482894114263,0.0,1.7777777777777777,8,9,0
1297_7786,1297,7786,0.0,0.0,0.0,1,1,0
1297_7794,1297,7794,0.0,0.0,1.0,1,1,0
1297_7795,1297,7795,4.6788114844200887e-14,0.0,1.0,2,2,0
1297_7797,1297,7797,1.8172621844277556e-35,0.0,2.0,2,2,0
1297_7798,1297,7798,0.0,0.0,1.0,1,1,0
1297_9741,1297,9741,3.4304921998467204e-10,0.0,0.5,2,2,0
1298_7321,1298,7321,0.0,0.0,2.0,1,1,0
1298_7490,1298,7490,0.0,0.0,0.0,1,1,0
1298_755,1298,755,0.0,0.0,0.0,1,1,0
1298_760,1298,760,0.0,0.0,1.0,1,1,0
1298_7707,1298,7707,4.189139834368292,0.0,0.9913419913419913,5,231,2
1298_7712,1298,7712,0.3032653298563167,0.0,1.0,1,2,0
1298_7723,1298,7723,2.5180423251950364e-08,0.0,0.6666666666666666,3,3,0
1298_7726,1298,7726,0.0,0.0,4.0,1,1,0
1298_7732,1298,7732,0.0,0.0,1.0,1,1,0
1298_7734,1298,7734,0.0,0.0,0.0,1,1,0
1298_7735,1298,7735,0.0,0.0,3.0,1,1,0
1298_7736,1298,7736,0.0,0.0,3.0,1,1,0
1298_7741,1298,7741,0.0,0.0,0.0,1,1,0
1298_7744,1298,7744,1.74957570821194e-59,0.0,2.0,2,2,0
1298_7745,1298,7745,0.27252460119683186,0.0,3.75,4,4,0
1298_7747,1298,7747,0.2005691097662051,0.0,1.4444444444444444,7,9,0
1298_7748,1298,7748,0.2165963223948813,0.0,0.6363636363636364,9,11,1
1298_7749,1298,7749,3.3491161405299077,0.0,0.7083333333333334,18,48,2
1298_7750,1298,7750,0.544439345889935,0.0,1.1891891891891893,34,74,2
1298_7751,1298,7751,0.6740260664621602,0.0,1.1363636363636365,30,66,2
1298_7752,1298,7752,1.6024442022850076,0.0,0.7090909090909091,30,110,2
1298_7753,1298,7753,3.255786734862332,0.005813953488372093,0.7732558139534884,46,172,2
1298_7754,1298,7754,0.5240769878812697,0.0,1.6640625,40,128,2
1298_7755,1298,7755,3.846424796787856,0.0009718172983479105,1.2332361516034986,92,1029,2
1298_7756,1298,7756,0.8529218723687028,0.0,1.3255813953488371,34,86,2
1298_7757,1298,7757,1.1110187982522521,0.0,2.362162162162162,51,185,2
1298_7758,1298,7758,2.634643707162992,0.0,1.2464788732394365,33,426,2
1298_7759,1298,7759,1.014555659259948,0.0,1.7847222222222223,41,144,2
1298_7760,1298,7760,8.184837408096515,0.000651890482398957,1.0378096479791394,104,1534,2
1298_7761,1298,7761,1.8833037353347701,0.0,1.1088709677419355,78,496,2
1298_7762,1298,7762,0.1404244085278477,0.0,1.1612903225806452,18,31,1
1298_7763,1298,7763,0.035836672894752224,0.0,0.9473684210526315,8,19,1
1298_7764,1298,7764,1.2158500749182302,0.0,0.75,11,40,1
1298_7765,1298,7765,0.010091498527204366,0.0,1.0,3,3,0
1298_7766,1298,7766,0.10037481126884146,0.0,1.0666666666666667,12,15,1
1298_7767,1298,7767,0.09326607899297835,0.0,1.2142857142857142,10,14,1
1298_7768,1298,7768,0.12027473115849756,0.0,1.619047619047619,10,21,1
1298_7769,1298,7769,0.07787975951062696,0.0,1.3157894736842106,6,19,1
1298_7770,1298,7770,0.28977597784535764,0.0,0.9230769230769231,8,13,1
1298_7771,1298,7771,0.00075688868634395,0.0,2.5,4,4,0
1298_7772,1298,7772,0.09782863489916616,0.0,1.3333333333333333,9,12,1
1298_7773,1298,7773,0.3495927463835371,0.0,1.1290322580645162,15,31,1
1298_7774,1298,7774,0.684986002444709,0.0,0.391304347826087,12,23,1
1298_7775,1298,7775,0.7266099912667898,0.0,0.71875,13,32,1
1298_7776,1298,7776,0.5481616583864648,0.0,0.6842105263157895,18,38,1
1298_7777,1298,7777,6.16867065860635e-07,0.0,0.3333333333333333,3,3,0
1298_7785,1298,7785,0.0,0.0,6.0,1,1,0
1298_7786,1298,7786,0.0,0.0,1.0,1,1,0
1298_7796,1298,7796,0.0,0.0,0.0,1,1,0
1298_7798,1298,7798,2.5079943307214e-07,0.0,0.3333333333333333,3,3,0
1298_9798,1298,9798,0.0,0.0,0.0,1,1,0
1299_100,1299,100,0.0,0.0,0.0,1,1,0
1299_1259,1299,1259,0.0,0.0,1.0,1,1,0
1299_1299,1299,1299,2.442395976327111e-72,0.0,1.0,2,2,0
1299_1300,1299,1300,2.269358145903806e-07,0.0,1.6666666666666667,3,3,0
1299_7715,1299,7715,0.0,0.0,0.0,1,1,0
1299_7725,1299,7725,0.0,0.0,0.0,1,1,0
1299_7726,1299,7726,4.1469095803786784e-06,0.0,1.5,2,2,0
1299_7733,1299,7733,0.0,0.0,1.0,1,1,0
1299_7735,1299,7735,0.0,0.0,1.0,1,1,0
1299_7736,1299,7736,0.19680769717932436,0.0,2.75,4,4,0
1299_7744,1299,7744,1.848131927660728,0.0,0.14285714285714285,2,7,0
1299_7746,1299,7746,5.114116912785026e-07,0.0,1.0,3,4,0
1299_7747,1299,7747,0.22970079388198672,0.0,0.5,4,4,0
1299_7748,1299,7748,0.04003943601338356,0.0,1.4,3,5,0
1299_7749,1299,7749,0.12090140186589304,0.0,0.3333333333333333,11,12,1
1299_7750,1299,7750,1.0823621043884852,0.0,0.7752808988764045,35,89,2
1299_7751,1299,7751,0.3346507777408959,0.0,0.92,14,25,1
1299_7752,1299,7752,1.0051985527643499,0.0,1.294392523364486,49,214,2
1299_7753,1299,7753,0.7886361456289055,0.005780346820809248,1.1849710982658959,50,173,2
1299_7754,1299,7754,1.269151843542682,0.0,1.3611111111111112,54,252,2
1299_7755,1299,7755,1.0487968973630861,0.0,0.9502487562189055,51,201,2
1299_7756,1299,7756,0.8055619064864136,0.0,1.0890410958904109,41,146,2
1299_7757,1299,7757,2.7207831397605022,0.0,1.3255813953488371,58,516,2
1299_7758,1299,7758,0.5304273732571404,0.0,1.8055555555555556,33,108,2
1299_7759,1299,7759,0.5414505893653776,0.0,1.3218390804597702,33,87,2
1299_7760,1299,7760,2.0341195159361436,0.0,1.0746812386156648,75,549,2
1299_7761,1299,7761,1.7956062328024218,0.0,1.05,27,60,2
1299_7762,1299,7762,0.054506361652798464,0.0,0.6,4,5,0
1299_7763,1299,7763,0.22470620473553327,0.0,1.0,4,5,0
1299_7764,1299,7764,0.08352778329388127,0.0,0.3333333333333333,6,6,0
1299_7765,1299,7765,1.3170426276104144,0.0,0.6956521739130435,14,23,1
1299_7766,1299,7766,0.1516795012143628,0.0,1.4285714285714286,12,28,1
1299_7767,1299,7767,1.254097099075685,0.0,1.0273972602739727,28,73,2
1299_7768,1299,7768,0.4607040548617672,0.0,0.9,17,40,1
1299_7769,1299,7769,7.58609544031474,0.0,0.9622641509433962,32,106,2
1299_7770,1299,7770,4.389549538720749,0.0,1.2,9,80,2
1299_7771,1299,7771,0.6599732759939813,0.0,0.9302325581395349,20,43,1
1299_7772,1299,7772,0.3469846579570818,0.0,0.875,10,16,1
1299_7773,1299,7773,0.0,0.0,0.0,1,1,0
1299_7774,1299,7774,0.09096114902037075,0.0,0.0,5,7,0
1299_7775,1299,7775,0.19594239351722634,0.0,0.9583333333333334,14,24,1
1299_7776,1299,7776,0.49433397178614785,0.0,0.5609756097560976,20,41,1
1299_7777,1299,7777,0.0,0.0,0.0,1,1,0
1299_7783,1299,7783,0.0,0.0,1.0,1,1,0
1299_7790,1299,7790,0.0,0.0,1.0,1,1,0
1299_7795,1299,7795,1.5386990445799933e-48,0.0,0.5,2,2,0
1299_7796,1299,7796,0.0,0.0,1.0,1,1,0
1299_7799,1299,7799,0.0,0.0,0.0,1,1,0
1299_8023,1299,8023,0.0,0.0,1.0,1,1,0
129_775,129,775,0.07894639120949082,0.0,0.75,3,4,0
12_77,12,77,2.9523577987041287,0.0,1.0164835164835164,12,364,2
12_7737,12,7737,0.0,0.0,1.0,1,1,0
1300_1300,1300,1300,0.0,0.0,4.0,1,1,0
1300_52,1300,52,0.0,0.0,1.0,1,1,0
1300_7353,1300,7353,0.0,0.0,3.0,1,1,0
1300_7610,1300,7610,0.0,0.0,0.0,1,1,0
1300_7700,1300,7700,1.5859020676685134,0.0,1.4259259259259258,22,54,2
1300_7701,1300,7701,0.0,0.0,1.0,1,1,0
1300_7703,1300,7703,2.323762893356753,0.0,0.7857142857142857,13,14,1
1300_7706,1300,7706,0.49780809250242813,0.0,1.4,4,5,0
1300_7712,1300,7712,0.3588819134071274,0.0,2.875,6,8,0
1300_7714,1300,7714,3.883699633408217e-58,0.0,1.5,2,2,0
1300_7715,1300,7715,0.2744058180470132,0.0,1.0,1,2,0
1300_7720,1300,7720,0.2744058180470132,0.0,0.0,1,2,0
1300_7721,1300,7721,6.272076431648672e-50,0.0,0.5,2,2,0
1300_7724,1300,7724,0.0,0.0,1.0,1,1,0
1300_7725,1300,7725,0.0,0.0,0.0,1,1,0
1300_7727,1300,7727,0.0,0.0,1.0,1,1,0
1300_7729,1300,7729,0.2532087635424804,0.0,1.8571428571428572,6,7,0
1300_7730,1300,7730,3.007519988185333,0.0,1.367816091954023,26,87,2
1300_7731,1300,7731,1.141856746666601,0.0,1.32,14,25,1
1300_7732,1300,7732,0.11614869767473479,0.0,1.8571428571428572,5,7,0
1300_7733,1300,7733,2.0586871118601212e-08,0.0,0.3333333333333333,3,3,0
1300_7734,1300,7734,0.4980058969930582,0.0,0.8666666666666667,12,30,1
1300_7735,1300,7735,0.713813984441596,0.0,0.7619047619047619,14,42,1
1300_7736,1300,7736,0.10094825899732765,0.0,2.0,2,2,0
1300_7739,1300,7739,0.3017301210893524,0.0,0.8,5,5,0
1300_7744,1300,7744,2.2914179473475794e-86,0.0,0.5,2,2,0
1300_7745,1300,7745,0.0,0.0,0.0,1,1,0
1300_7747,1300,7747,0.0734135193752204,0.0,0.6666666666666666,4,6,0
1300_7748,1300,7748,0.20174162968658244,0.0,1.0,6,8,0
1300_7749,1300,7749,0.9025043066142882,0.0,1.2837837837837838,33,74,2
1300_7750,1300,7750,1.1067204660365266,0.0,1.4893617021276595,37,94,2
1300_7751,1300,7751,0.6468475771504707,0.0,0.8709677419354839,17,31,1
1300_7752,1300,7752,1.4152212133942876,0.0,1.1563517915309447,64,307,2
1300_7753,1300,7753,0.6722444661407091,0.0,1.4320987654320987,49,162,2
1300_7754,1300,7754,0.5363674103021016,0.0,1.457142857142857,39,105,2
1300_7755,1300,7755,0.9614227542897072,0.0,1.0070422535211268,41,142,2
1300_7756,1300,7756,0.3706466550159625,0.0,1.0945945945945945,28,74,2
1300_7757,1300,7757,0.9241801561988923,0.0,1.48471615720524,57,229,2
1300_7758,1300,7758,0.4429005799319252,0.0,1.33,40,100,2
1300_7759,1300,7759,1.0350274018652998,0.0,1.4036697247706422,34,109,2
1300_7760,1300,7760,0.6078863227393985,0.0,1.1538461538461537,36,78,2
1300_7761,1300,7761,0.4606744057967733,0.0,1.0769230769230769,21,65,2
1300_7762,1300,7762,0.5976554547054037,0.0,1.0909090909090908,13,22,1
1300_7763,1300,7763,0.8713557083376885,0.0,0.6296296296296297,13,27,1
1300_7764,1300,7764,1.290682881199289,0.0,0.8571428571428571,17,21,1
1300_7765,1300,7765,0.6993822725975862,0.0,0.8181818181818182,7,11,1
1300_7766,1300,7766,0.7886727189182792,0.0,1.2439024390243902,19,41,1
1300_7767,1300,7767,0.24600272971337614,0.0,1.7727272727272727,12,22,1
1300_7768,1300,7768,0.2847692039820285,0.0,1.0666666666666667,16,45,1
1300_7769,1300,7769,1.771623727980059,0.0,0.9516129032258065,40,186,2
1300_7770,1300,7770,1.2691840884408583,0.0,0.6989247311827957,30,93,2
1300_7771,1300,7771,0.5095750761489589,0.0,1.15,22,60,2
1300_7772,1300,7772,0.36322884588766585,0.0,0.8260869565217391,13,23,1
1300_7773,1300,7773,0.17569699228359645,0.0,1.3333333333333333,4,6,0
1300_7774,1300,7774,0.14870806341407164,0.0,0.6666666666666666,10,15,1
1300_7775,1300,7775,0.23207971852359277,0.0,0.7916666666666666,13,24,1
1300_7776,1300,7776,0.006039497049671201,0.0,0.4,4,5,0
1300_7783,1300,7783,0.0,0.0,2.0,1,1,0
1301_1170,1301,1170,0.150597105956101,0.0,1.0,2,2,0
1301_1759,1301,1759,0.0,0.0,1.0,1,1,0
1301_7382,1301,7382,0.0,0.0,0.0,1,1,0
1301_7403,1301,7403,0.0,0.0,3.0,1,1,0
1301_7701,1301,7701,0.0,0.0,1.0,1,1,0
1301_7702,1301,7702,2.52173831283944e-07,0.0,3.5,2,2,0
1301_7703,1301,7703,0.012383349825156001,0.0,1.3333333333333333,3,3,0
1301_7705,1301,7705,0.0,0.0,1.0,1,1,0
1301_7706,1301,7706,0.0,0.0,0.0,1,1,0
1301_7707,1301,7707,0.0,0.0,5.0,1,1,0
1301_7712,1301,7712,2.2995276893261583e-10,0.0,0.0,2,2,0
1301_7713,1301,7713,0.0,0.0,1.0,1,1,0
1301_7719,1301,7719,0.0,0.0,1.0,1,1,0
1301_7723,1301,7723,0.0,0.0,1.0,1,1,0
1301_7725,1301,7725,0.0,0.0,1.0,1,1,0
1301_7729,1301,7729,6.43632933824139e-60,0.0,2.5,2,2,0
1301_7730,1301,7730,0.45401132684392914,0.0,1.7647058823529411,10,17,1
1301_7731,1301,7731,0.15768114553513446,0.0,0.6666666666666666,6,9,0
1301_7732,1301,7732,0.012162012710270785,0.0,1.0,5,5,0
1301_7733,1301,7733,0.4678176371583841,0.0,0.9285714285714286,5,14,1
1301_7734,1301,7734,3.291071016675586e-110,0.0,1.0,2,2,0
1301_7735,1301,7735,0.48096547852097127,0.0,1.8636363636363635,14,22,1
1301_7736,1301,7736,0.3015079074870404,0.0,2.5,4,4,0
1301_7737,1301,7737,0.25,0.0,1.5,3,4,0
1301_7738,1301,7738,0.0,0.0,0.0,1,1,0
1301_7743,1301,7743,0.0,0.0,0.0,1,1,0
1301_7745,1301,7745,0.2482926518957047,0.0,0.0,2,2,0
1301_7747,1301,7747,0.01118538592808275,0.0,3.0,2,2,0
1301_7748,1301,7748,0.20931884201496392,0.0,1.7647058823529411,10,17,1
1301_7749,1301,7749,5.363168399972295,0.0,1.1115843270868824,98,1174,2
1301_7750,1301,7750,0.6052892963864434,0.0,1.2112676056338028,22,71,2
1301_7751,1301,7751,2.8688181895139984,0.0,1.5630434782608695,73,460,2
1301_7752,1301,7752,1.2199858766194154,0.0,1.2817869415807561,64,291,2
1301_7753,1301,7753,1.4040257976881176,0.0,1.2682119205298013,56,302,2
1301_7754,1301,7754,0.7906578090995612,0.0,1.0,41,159,2
1301_7755,1301,7755,9.394803608773215,0.0,0.6013215859030837,33,454,2
1301_7756,1301,7756,0.33509306906079933,0.0,1.0,7,48,2
1301_7757,1301,7757,0.7312699320108684,0.0,1.1267605633802817,25,71,2
1301_7758,1301,7758,0.5335543806922255,0.0,0.9080459770114943,20,87,2
1301_7759,1301,7759,0.6912204097560719,0.0,1.3676470588235294,42,136,2
1301_7760,1301,7760,1.349040469076234,0.0,1.4184397163120568,52,282,2
1301_7761,1301,7761,1.8269000391452956,0.0,1.9793814432989691,44,194,2
1301_7762,1301,7762,0.36579539205452044,0.0,1.9473684210526316,11,19,1
1301_7763,1301,7763,1.080883373844089,0.0,0.7027027027027027,16,37,1
1301_7764,1301,7764,1.517133872262816,0.0,1.1551724137931034,24,58,2
1301_7765,1301,7765,0.13393397650490782,0.0,2.4375,13,16,1
1301_7766,1301,7766,0.2283499247674789,0.0,1.48,13,25,1
1301_7767,1301,7767,0.4509933791365674,0.0,0.9696969696969697,17,33,1
1301_7768,1301,7768,0.6095186202106144,0.0,0.9512195121951219,21,41,1
1301_7769,1301,7769,0.43966179798355637,0.0,0.9761904761904762,22,42,1
1301_7770,1301,7770,2.4233696872142487,0.0,1.3009118541033435,79,329,2
1301_7771,1301,7771,1.1656884344714011,0.0,0.9135802469135802,26,81,2
1301_7772,1301,7772,4.838720519374274e-27,0.0,0.0,2,2,0
1301_7773,1301,7773,0.0,0.0,0.0,1,1,0
1301_7774,1301,7774,0.0,0.0,0.0,1,1,0
1301_7775,1301,7775,0.054105132255853894,0.0,1.2,3,5,0
1301_7776,1301,7776,0.3158207102155872,0.0,1.04,15,25,1
1301_7778,1301,7778,0.0,0.0,1.0,1,1,0
1301_7868,1301,7868,0.0,0.0,0.0,1,1,0
1302_1302,1302,1302,0.0,0.0,4.0,1,1,0
1302_1758,1302,1758,0.0,0.0,1.0,1,1,0
1302_1762,1302,1762,0.0,0.0,1.0,1,1,0
1302_6654,1302,6654,0.0,0.0,0.0,1,1,0
1302_6817,1302,6817,0.0,0.0,4.0,1,1,0
1302_7665,1302,7665,1.3308066094450313,0.0,1.1068702290076335,4,131,2
1302_769,1302,769,0.0,0.0,1.0,1,1,0
1302_7700,1302,7700,0.0,0.0,2.0,1,1,0
1302_7703,1302,7703,0.0,0.0,1.0,1,1,0
1302_7704,1302,7704,0.0,0.0,0.0,1,1,0
1302_7705,1302,7705,0.0,0.0,2.0,1,1,0
1302_7710,1302,7710,0.10094825899732765,0.0,3.0,2,2,0
1302_7712,1302,7712,1.309589432867334e-63,0.0,1.5,2,2,0
1302_7713,1302,7713,0.0,0.0,0.0,1,1,0
1302_7721,1302,7721,0.0,0.0,0.0,1,1,0
1302_7725,1302,7725,0.20217688657087782,0.0,0.0,3,3,0
1302_7728,1302,7728,0.0,0.0,2.0,1,1,0
1302_7729,1302,7729,0.0,0.0,2.0,1,1,0
1302_7730,1302,7730,3.1388696408676657e-53,0.0,1.0,1,2,0
1302_7731,1302,7731,0.042746867166093494,0.0,1.3333333333333333,2,9,0
1302_7732,1302,7732,0.00015827143111527334,0.0,0.6666666666666666,8,9,0
1302_7733,1302,7733,0.4079323484908464,0.0,0.7,6,10,0
1302_7739,1302,7739,0.0,0.0,0.0,1,1,0
1302_7741,1302,7741,0.0,0.0,0.0,1,1,0
1302_7746,1302,7746,0.0,0.0,1.0,1,1,0
1302_7747,1302,7747,0.19983915322583387,0.0,1.0769230769230769,9,13,1
1302_7748,1302,7748,0.23080257265979323,0.0,1.7142857142857142,24,35,1
1302_7749,1302,7749,0.24676795841992105,0.0,1.3269230769230769,29,52,2
1302_7750,1302,7750,0.17734266928990444,0.0,1.4807692307692308,23,52,2
1302_7751,1302,7751,0.9437195924869488,0.0,1.1065573770491803,33,122,2
1302_7752,1302,7752,0.5957301383825969,0.0,1.064516129032258,24,62,2
1302_7753,1302,7753,0.5611835304666565,0.0,1.196969696969697,30,132,2
1302_7754,1302,7754,0.6774788231094018,0.0,1.0444444444444445,19,135,2
1302_7755,1302,7755,0.7491083886104252,0.0,1.0393700787401574,31,127,2
1302_7756,1302,7756,0.26188398969140564,0.0,0.9285714285714286,15,56,2
1302_7757,1302,7757,0.6962431917898816,0.0,1.225,39,120,2
1302_7758,1302,7758,1.1821640672547797,0.0,1.1122448979591837,30,196,2
1302_7759,1302,7759,1.333945137088747,0.0,1.3390410958904109,45,292,2
1302_7760,1302,7760,0.4863985208845713,0.0,1.0909090909090908,31,110,2
1302_7761,1302,7761,0.7385948061638556,0.0,1.3615384615384616,42,130,2
1302_7762,1302,7762,0.5814244170089604,0.0,1.0,19,27,1
1302_7763,1302,7763,0.6266290503661849,0.0,1.0350877192982457,25,57,2
1302_7764,1302,7764,0.9034521078967566,0.0,0.8536585365853658,23,41,1
1302_7765,1302,7765,0.25176662508828473,0.0,1.2,13,20,1
1302_7766,1302,7766,0.3454585173840921,0.0,1.0,9,14,1
1302_7767,1302,7767,0.02382869622950008,0.0,1.0909090909090908,6,11,1
1302_7768,1302,7768,0.1917885580454278,0.0,0.9130434782608695,16,23,1
1302_7769,1302,7769,0.7389657631637543,0.0,1.0634920634920635,26,63,2
1302_7770,1302,7770,0.22346221347859513,0.0,0.40625,18,32,1
1302_7771,1302,7771,0.17441259977704673,0.0,0.84375,18,32,1
1302_7772,1302,7772,0.42503121368973085,0.0,0.8888888888888888,8,9,0
1302_7774,1302,7774,6.313872535364007e-16,0.0,2.6666666666666665,3,3,0
1302_7775,1302,7775,2.0968978291897725e-13,0.0,3.0,2,2,0
1302_7776,1302,7776,0.10826594399885016,0.0,0.9285714285714286,8,14,1
1302_7777,1302,7777,0.0,0.0,0.0,1,1,0
1302_7787,1302,7787,0.0371367891071669,0.0,1.0,1,2,0
1302_7795,1302,7795,0.0,0.0,2.0,1,1,0
1303_1303,1303,1303,5.2517149443040155e-20,0.0,1.0,2,2,0
1303_1706,1303,1706,0.0,0.0,0.0,1,1,0
1303_1758,1303,1758,0.737687106475089,0.0,1.0,1,3,0
1303_1788,1303,1788,0.0,0.0,1.0,1,1,0
1303_6703,1303,6703,0.0,0.0,2.0,1,1,0
1303_7582,1303,7582,0.0,0.0,1.0,1,1,0
1303_7702,1303,7702,0.0,0.0,0.0,1,1,0
1303_7703,1303,7703,0.0,0.0,0.0,1,1,0
1303_7705,1303,7705,0.0,0.0,17.0,1,1,0
1303_7723,1303,7723,0.0,0.0,1.0,1,1,0
1303_7729,1303,7729,0.16706389689707918,0.0,1.0,4,5,0
1303_7732,1303,7732,0.1349673253956504,0.0,0.8,2,5,0
1303_7733,1303,7733,0.3016124726786532,0.0,0.6666666666666666,2,3,0
1303_7736,1303,7736,0.0,0.0,0.0,1,1,0
1303_7737,1303,7737,0.0,0.0,2.0,1,1,0
1303_7744,1303,7744,2.772783288898873,0.0,1.527027027027027,44,222,2
1303_7747,1303,7747,1.3803862860185991e-06,0.0,1.0,1,2,0
1303_7748,1303,7748,0.1258310519274126,0.0,1.679245283018868,25,53,2
1303_7749,1303,7749,0.2780913897951776,0.0,1.7254901960784315,24,51,2
1303_7750,1303,7750,0.41550094219885547,0.0,1.4883720930232558,37,86,2
1303_7751,1303,7751,0.9926309974565651,0.0,1.4951456310679612,52,206,2
1303_7752,1303,7752,0.9120839355034324,0.0,1.0662650602409638,35,166,2
1303_7753,1303,7753,0.6365900631923326,0.0,1.096774193548387,17,124,2
1303_7754,1303,7754,0.12868548161423252,0.0,1.0,11,30,1
1303_7755,1303,7755,0.3190747627806084,0.0,1.3875,29,80,2
1303_7756,1303,7756,0.6079817262759182,0.0,1.5692307692307692,47,130,2
1303_7757,1303,7757,0.757739217932844,0.0,1.5051546391752577,50,194,2
1303_7758,1303,7758,2.5771831668188,0.0,1.196808510638298,37,188,2
1303_7759,1303,7759,0.8482656972297988,0.0,1.27007299270073,36,137,2
1303_7760,1303,7760,0.8224194257779475,0.0,0.8263473053892215,35,167,2
1303_7761,1303,7761,1.258753794627058,0.0,1.1777777777777778,19,45,1
1303_7762,1303,7762,0.5274589127359678,0.0,0.9230769230769231,12,26,1
1303_7763,1303,7763,0.5553306568636092,0.0,1.0909090909090908,17,33,1
1303_7764,1303,7764,0.21437963458549855,0.0,1.6521739130434783,16,23,1
1303_7765,1303,7765,0.046271687793179916,0.0,1.7777777777777777,9,9,0
1303_7766,1303,7766,0.4235498985987758,0.0,1.2222222222222223,8,9,0
1303_7767,1303,7767,0.0021609501992191304,0.0,1.5,5,6,0
1303_7768,1303,7768,1.5211754559679954e-07,0.0,1.6666666666666667,3,3,0
1303_7769,1303,7769,0.2701497572583716,0.0,0.2857142857142857,9,14,1
1303_7770,1303,7770,3.8705030796428905e-18,0.0,0.5,2,2,0
1303_7771,1303,7771,0.3604717981105311,0.0,1.2857142857142858,12,14,1
1303_7773,1303,7773,1.171815996576457e-20,0.0,0.5,2,2,0
1303_7774,1303,7774,1.4719656075641843e-05,0.0,0.3333333333333333,5,6,0
1303_7775,1303,7775,0.00328200108911317,0.0,1.0,6,10,0
1303_77756,1303,77756,0.0,0.0,1.0,1,1,0
1303_7776,1303,7776,0.02308107586526067,0.0,1.4285714285714286,5,7,0
1303_7777,1303,7777,0.0,0.0,1.0,1,1,0
1303_7787,1303,7787,0.0,0.0,1.0,1,1,0
1303_7788,1303,7788,1.5593012830963866,0.0,1.2794117647058822,3,68,2
1304_1304,1304,1304,0.0,0.0,1.0,1,1,0
1304_1752,1304,1752,0.0,0.0,2.0,1,1,0
1304_7676,1304,7676,1.6823746764459329,0.0,1.0352112676056338,4,142,2
1304_7721,1304,7721,0.0,0.0,1.0,1,1,0
1304_7732,1304,7732,1.1263840538680962e-05,0.0,1.0,3,5,0
1304_7733,1304,7733,0.0,0.0,1.0,1,1,0
1304_7734,1304,7734,0.5,0.0,0.0,1,2,0
1304_7735,1304,7735,0.0,0.0,0.0,1,1,0
1304_7736,1304,7736,0.0,0.0,5.0,1,1,0
1304_7739,1304,7739,0.0,0.0,1.0,1,1,0
1304_7742,1304,7742,2.1890283504965677e-107,0.0,1.0,2,2,0
1304_7747,1304,7747,0.0,0.0,0.0,1,1,0
1304_7748,1304,7748,0.530131384199785,0.0,1.4186046511627908,22,43,1
1304_7749,1304,7749,0.1930279947622406,0.0,0.9459459459459459,14,37,1
1304_7750,1304,7750,1.4861912792050869,0.0,1.0142857142857142,32,210,2
1304_7751,1304,7751,0.7933859496854344,0.0,0.8888888888888888,27,171,2
1304_7752,1304,7752,0.38477985924963776,0.0,0.7,12,50,2
1304_7753,1304,7753,0.14790565576619594,0.0,1.12,17,25,1
1304_7754,1304,7754,0.8157334691605659,0.0,0.9689922480620154,35,129,2
1304_7755,1304,7755,0.751616007229713,0.0,0.9186046511627907,44,172,2
1304_7756,1304,7756,0.38040241062071484,0.0,1.2222222222222223,38,90,2
1304_7757,1304,7757,0.6485062064888777,0.0,1.4753086419753085,49,162,2
1304_7758,1304,7758,0.1613510048038211,0.0,1.471698113207547,25,53,2
1304_7759,1304,7759,0.4062585991045092,0.0,1.3863636363636365,20,44,1
1304_7760,1304,7760,0.3963639593949097,0.0,1.0555555555555556,12,18,1
1304_7761,1304,7761,5.821884928561245,0.0006472491909385113,1.4433656957928802,104,1545,2
1304_7762,1304,7762,0.48598045733241707,0.0,1.5076923076923077,30,65,2
1304_7763,1304,7763,0.1130901086264364,0.0,1.2222222222222223,8,9,0
1304_7764,1304,7764,0.020487710089865052,0.0,1.5555555555555556,7,9,0
1304_7765,1304,7765,6.8194463241e-05,0.0,3.0,2,2,0
1304_7766,1304,7766,4.1576435955178394e-07,0.0,1.0,2,2,0
1304_7767,1304,7767,1.5681505648231268e-14,0.0,0.75,3,4,0
1304_7768,1304,7768,0.0,0.0,5.0,1,1,0
1304_7769,1304,7769,0.3050001490545574,0.0,0.25,3,4,0
1304_7770,1304,7770,0.3032653298563167,0.0,3.0,2,2,0
1304_7771,1304,7771,0.0,0.0,0.0,1,1,0
1304_7772,1304,7772,0.0,0.0,0.0,1,1,0
1304_7773,1304,7773,2.4233987483759742,0.0,1.018058690744921,62,443,2
1305_6523,1305,6523,0.00411487352451,0.0,2.5,2,2,0
1305_6875,1305,6875,0.0,0.0,3.0,1,1,0
1305_7702,1305,7702,0.0,0.0,0.0,1,1,0
1305_7703,1305,7703,0.0,0.0,1.0,1,1,0
1305_7705,1305,7705,0.0,0.0,0.0,1,1,0
1305_7712,1305,7712,0.0,0.0,6.0,1,1,0
1305_7713,1305,7713,0.0,0.0,1.0,1,1,0
1305_7725,1305,7725,0.0,0.0,0.0,1,1,0
1305_7728,1305,7728,0.0,0.0,6.0,1,1,0
1305_7729,1305,7729,0.09008238506119243,0.0,2.0,7,8,0
1305_7730,1305,7730,4.70178966005022e-09,0.0,2.1666666666666665,6,6,0
1305_7731,1305,7731,0.0,0.0,1.0,1,1,0
1305_7732,1305,7732,0.22691651077823674,0.0,1.1764705882352942,5,17,1
1305_7733,1305,7733,0.0760965961923251,0.0,0.8333333333333334,2,6,0
1305_7738,1305,7738,0.0,0.0,1.0,1,1,0
1305_7744,1305,7744,0.0,0.0,2.0,1,1,0
1305_7749,1305,7749,0.020725157612002058,0.0,0.9166666666666666,9,12,1
1305_7750,1305,7750,0.413115187311297,0.0,1.2391304347826086,15,46,2
1305_7751,1305,7751,0.24254599898816714,0.0,0.85,12,20,1
1305_7752,1305,7752,0.21906686054598198,0.0,0.42857142857142855,6,14,1
1305_7753,1305,7753,0.38218181833155873,0.0,1.183673469387755,20,49,2
1305_7754,1305,7754,0.35981477336015977,0.0,1.135135135135135,16,37,1
1305_7755,1305,7755,0.5731322061028121,0.0,0.6875,25,80,2
1305_7756,1305,7756,2.598597566975468,0.0,0.5079365079365079,17,63,2
1305_7757,1305,7757,0.2855443166135263,0.0,1.7333333333333334,10,15,1
1305_7758,1305,7758,2.8072136255535427,0.0,1.451962110960758,99,739,2
1305_7759,1305,7759,0.7049120722482214,0.0,1.2962962962962963,18,27,1
1305_7760,1305,7760,0.44677078269021686,0.0,1.3461538461538463,14,26,1
1305_7761,1305,7761,0.18723570906850226,0.0,1.125,7,8,0
1305_7762,1305,7762,0.21637045623502313,0.0,1.5,25,50,2
1305_7763,1305,7763,0.27396787095268127,0.0,1.25,21,32,1
1305_7764,1305,7764,0.49325776430377255,0.0,1.2105263157894737,22,57,2
1305_7765,1305,7765,0.12175240819693496,0.0,1.0,9,11,1
1305_7766,1305,7766,0.03171308422467255,0.0,1.1428571428571428,7,7,0
1305_7767,1305,7767,0.043866394535572555,0.0,1.4285714285714286,4,7,0
1305_7773,1305,7773,0.0,0.0,3.0,1,1,0
1305_7776,1305,7776,0.0,0.0,0.0,1,1,0
1306_1365,1306,1365,0.0,0.0,0.0,1,1,0
1306_1754,1306,1754,0.0,0.0,1.0,1,1,0
1306_7698,1306,7698,0.0,0.0,0.0,1,1,0
1306_7710,1306,7710,0.0,0.0,1.0,1,1,0
1306_7713,1306,7713,0.0,0.0,1.0,1,1,0
1306_7723,1306,7723,0.0,0.0,3.0,1,1,0
1306_7728,1306,7728,5.15753642445341e-13,0.0,0.5,1,2,0
1306_7731,1306,7731,0.1660744198519877,0.0,1.2,7,10,0
1306_7748,1306,7748,0.0,0.0,0.0,1,1,0
1306_7749,1306,7749,0.018469268262070924,0.0,0.6666666666666666,4,6,0
1306_7750,1306,7750,0.3751295417171849,0.0,1.0892857142857142,28,56,2
1306_7751,1306,7751,0.16018179271401145,0.0,1.75,20,36,1
1306_7752,1306,7752,1.5021500018549866e-06,0.0,0.4,4,5,0
1306_7753,1306,7753,2.0641625365339773e-06,0.0,0.8888888888888888,5,9,0
1306_7754,1306,7754,0.02136694579241286,0.0,1.1428571428571428,4,7,0
1306_7755,1306,7755,0.45605568065116475,0.0,1.2666666666666666,26,60,2
1306_7756,1306,7756,0.45520291579407457,0.0,1.135135135135135,16,37,1
1306_7757,1306,7757,0.16264927673146604,0.0,2.25,7,8,0
1306_7758,1306,7758,0.32630757737646815,0.0,1.1333333333333333,13,15,1
1306_7759,1306,7759,7.937424046999159,0.0,1.0626506024096385,12,830,2
1306_7760,1306,7760,0.2123203704249892,0.0,1.0,6,10,0
1306_7761,1306,7761,0.19004830721304797,0.0,1.0,13,18,1
1306_7762,1306,7762,0.26903840862731937,0.0,1.3333333333333333,24,39,1
1306_7763,1306,7763,0.0695667040140152,0.0,1.1428571428571428,12,14,1
1306_7764,1306,7764,1.5900700619324097,0.0,1.0810810810810811,19,74,2
1306_7765,1306,7765,0.16911770217122074,0.0,1.3333333333333333,13,18,1
1306_7766,1306,7766,3.612520070465858e-30,0.0,1.0,2,2,0
1306_7767,1306,7767,0.10544061373870295,0.0,1.3,5,10,0
1306_8022,1306,8022,0.0,0.0,1.0,1,1,0
1307_7701,1307,7701,0.0,0.0,0.0,1,1,0
1307_7707,1307,7707,0.0,0.0,0.0,1,1,0
1307_7726,1307,7726,1.8859107392031955,0.0,0.6513761467889908,5,218,2
1307_7729,1307,7729,0.0,0.0,1.0,1,1,0
1307_7745,1307,7745,0.0,0.0,0.0,1,1,0
1307_7748,1307,7748,0.0,0.0,1.0,1,1,0
1307_7749,1307,7749,0.0,0.0,0.0,1,1,0
1307_7750,1307,7750,0.11841131710686023,0.0,1.2,16,25,1
1307_7751,1307,7751,0.40010800370283744,0.0,1.4605263157894737,32,76,2
1307_7752,1307,7752,0.07072154942309199,0.0,0.7647058823529411,9,17,1
1307_7753,1307,7753,0.1837148689534788,0.0,1.1666666666666667,12,24,1
1307_7754,1307,7754,0.0892754831635794,0.0,1.1428571428571428,6,7,0
1307_7755,1307,7755,0.39505622437604254,0.0,1.1818181818181819,26,44,1
1307_7756,1307,7756,0.27681374943355797,0.0,1.0588235294117647,15,34,1
1307_7757,1307,7757,0.055099629407195504,0.0,1.0,3,3,0
1307_7758,1307,7758,0.28557530123486063,0.0,0.5,4,6,0
1307_7759,1307,7759,0.43039098116917585,0.0,1.6153846153846154,7,13,1
1307_7760,1307,7760,0.12626136145660347,0.0,0.6666666666666666,4,6,0
1307_7761,1307,7761,0.08738725634350171,0.0,0.8823529411764706,12,17,1
1307_7762,1307,7762,3.077739140069719,0.0,1.7369519832985387,79,479,2
1307_7763,1307,7763,1.7257674217494694,0.0,1.6746987951807228,31,83,2
1307_7764,1307,7764,2.2736361875304065,0.0,1.4069767441860466,83,516,2
1307_7765,1307,7765,0.15785437487579237,0.0,0.9411764705882353,11,17,1
1307_7766,1307,7766,0.005593455745430884,0.0,1.75,3,4,0
1307_7767,1307,7767,0.4887496990232597,0.0,1.8,4,5,0
1307_7787,1307,7787,0.0,0.0,0.0,1,1,0
1307_8018,1307,8018,0.0,0.0,3.0,1,1,0
1308_753,1308,753,0.0,0.0,3.0,1,1,0
1308_7728,1308,7728,2.5944758025273097e-18,0.0,0.0,2,2,0
1308_7729,1308,7729,0.0,0.0,1.0,1,1,0
1308_7731,1308,7731,5.156301486463989e-15,0.0,1.0,1,3,0
1308_7733,1308,7733,0.0,0.0,0.0,1,1,0
1308_7740,1308,7740,0.0,0.0,0.0,1,1,0
1308_7748,1308,7748,0.08401968503682634,0.0,1.380952380952381,13,21,1
1308_7749,1308,7749,0.001899066386219231,0.0,0.75,4,8,0
1308_7750,1308,7750,0.21192549039731734,0.0,1.9666666666666666,20,30,1
1308_7751,1308,7751,0.3129852615860552,0.0,3.75,8,8,0
1308_7752,1308,7752,0.0,0.0,1.0,1,1,0
1308_7753,1308,7753,0.09141192891083887,0.0,2.0,9,10,0
1308_7754,1308,7754,0.4018744788234582,0.0,1.2833333333333334,26,60,2
1308_7755,1308,7755,0.45222770975850346,0.0,1.265625,29,64,2
1308_7756,1308,7756,0.30851398535138647,0.0,1.619047619047619,14,21,1
1308_7758,1308,7758,0.12233850909377297,0.0,0.2857142857142857,6,7,0
1308_7759,1308,7759,0.30959050352493994,0.0,0.8181818181818182,7,11,1
1308_7760,1308,7760,0.4140316300625656,0.0,0.25,4,4,0
1308_7761,1308,7761,0.11071491565055114,0.0,1.625,7,8,0
1308_7762,1308,7762,0.3580332728641786,0.0,1.0,11,13,1
1308_7763,1308,7763,0.22168142721800677,0.0,1.0,12,23,1
1308_7764,1308,7764,0.17435194072281937,0.0,1.0909090909090908,7,11,1
1308_7765,1308,7765,0.0386400532823863,0.0,1.25,3,4,0
1308_7766,1308,7766,0.2729102510259939,0.0,1.6666666666666667,3,3,0
1308_7767,1308,7767,0.2262093545089899,0.0,2.0,3,4,0
1308_7777,1308,7777,0.05366619901539546,0.0,1.696969696969697,17,33,1
1308_8020,1308,8020,0.0,0.0,1.0,1,1,0
1309_7634,1309,7634,6.343650491412937,0.0,0.814621409921671,5,766,2
1309_7728,1309,7728,0.0,0.0,2.0,1,1,0
1309_7729,1309,7729,0.0,0.0,1.0,1,1,0
1309_7730,1309,7730,0.0,0.0,1.0,1,1,0
1309_7748,1309,7748,0.026099599260353816,0.0,1.0,6,8,0
1309_7749,1309,7749,0.009724073720498784,0.0,2.076923076923077,9,13,1
1309_7750,1309,7750,0.0,0.0,0.0,1,1,0
1309_7752,1309,7752,0.09715675681429643,0.0,1.3333333333333333,9,12,1
1309_7753,1309,7753,0.15598397826433788,0.0,1.3333333333333333,16,21,1
1309_7754,1309,7754,0.18054265368699443,0.0,1.5,16,24,1
1309_7755,1309,7755,0.28348077871745053,0.0,2.0,8,12,1
1309_7756,1309,7756,0.35411064203522585,0.0,1.1875,13,16,1
1309_7757,1309,7757,0.5075083508946981,0.0,0.8571428571428571,11,14,1
1309_7758,1309,7758,0.3994752962215673,0.0,0.6923076923076923,10,13,1
1309_7759,1309,7759,1.4144048702014245,0.0,0.7142857142857143,22,63,2
1309_7760,1309,7760,0.3645715703323125,0.0,2.0,5,6,0
1309_7761,1309,7761,4.473404272570472e-74,0.0,2.5,2,2,0
1309_7762,1309,7762,0.2289652258902568,0.0,1.457142857142857,21,35,1
1309_7763,1309,7763,0.10080197440134599,0.0,1.0,10,11,1
1309_7764,1309,7764,4.842683247289465e-66,0.0,0.5,2,2,0
1309_7765,1309,7765,0.18596071960676308,0.0,2.6470588235294117,12,17,1
1309_7766,1309,7766,0.4399627080203948,0.0,2.2,10,15,1
1309_7771,1309,7771,5.83412831361087e-22,0.0,2.5,2,2,0
1309_7820,1309,7820,0.0,0.0,6.0,1,1,0
1309_8020,1309,8020,0.0,0.0,1.0,1,1,0
130_773,130,773,2.778215158375381,0.0,1.0,3,87,2
130_7732,130,7732,0.0,0.0,1.0,1,1,0
130_774,130,774,0.0,0.0,1.0,1,1,0
130_775,130,775,0.5555381598318517,0.0,1.0,2,14,1
1310_1310,1310,1310,0.0,0.0,0.0,1,1,0
1310_7725,1310,7725,0.0,0.0,1.0,1,1,0
1310_7730,1310,7730,0.0,0.0,1.0,1,1,0
1310_7731,1310,7731,1.9515035547357065e-26,0.0,1.0,2,3,0
1310_7747,1310,7747,0.0,0.0,1.0,1,1,0
1310_7748,1310,7748,0.03998043777322283,0.0,1.3125,12,16,1
1310_7749,1310,7749,3.701202396424913e-07,0.0,4.0,5,5,0
1310_7750,1310,7750,6.805403275984052e-45,0.0,2.3333333333333335,3,3,0
1310_7751,1310,7751,1.1504625814580641e-15,0.0,3.3333333333333335,3,3,0
1310_7752,1310,7752,1.2308087162390162e-39,0.0,0.5,1,2,0
1310_7753,1310,7753,0.041327673202098646,0.0,1.0,4,4,0
1310_7754,1310,7754,4.1469095803786784e-06,0.0,0.5,2,2,0
1310_7755,1310,7755,2.904641452166351e-23,0.0,0.0,2,2,0
1310_7756,1310,7756,0.419072223839358,0.0,1.2,17,30,1
1310_7757,1310,7757,1.362689374351867,0.0,1.4054054054054055,17,37,1
1310_7758,1310,7758,2.1909117441452026,0.0,1.3157894736842106,18,38,1
1310_7759,1310,7759,0.19407482142211818,0.0,0.8888888888888888,9,9,0
1310_7760,1310,7760,0.6633696023564507,0.0,1.7727272727272727,13,22,1
1310_7761,1310,7761,4.2513072471820375e-06,0.0,1.0,5,5,0
1310_7762,1310,7762,0.08085996578322024,0.0,0.4166666666666667,9,12,1
1310_7763,1310,7763,0.31205080757911313,0.0,2.230769230769231,9,13,1
1310_7764,1310,7764,0.3035895681596143,0.0,1.0,12,12,1
1310_7765,1310,7765,0.08067045783488826,0.0,1.375,4,8,0
1310_7771,1310,7771,0.0055242251339204,0.0,1.0,3,3,0
1310_7818,1310,7818,0.4093653765389909,0.0,0.5,2,2,0
1311_7721,1311,7721,0.0,0.0,1.0,1,1,0
1311_7733,1311,7733,0.0,0.0,1.0,1,1,0
1311_7737,1311,7737,0.0,0.0,3.0,1,1,0
1311_7742,1311,7742,0.0371367891071669,0.0,1.5,2,2,0
1311_7746,1311,7746,5.269620766156191e-60,0.0,2.0,2,2,0
1311_7748,1311,7748,0.11017266796719496,0.0,1.2272727272727273,13,22,1
1311_7750,1311,7750,5.045341547447466,0.0,1.118811881188119,11,808,2
1311_7751,1311,7751,0.0,0.0,0.0,1,1,0
1311_7752,1311,7752,0.0,0.0,0.0,1,1,0
1311_7755,1311,7755,0.06495052260807326,0.0,1.1111111111111112,5,9,0
1311_7756,1311,7756,0.18150040018954633,0.0,1.4444444444444444,9,9,0
1311_7757,1311,7757,0.18914260254273768,0.0,1.3846153846153846,7,13,1
1311_7758,1311,7758,1.3728816753857205e-06,0.0,1.0,3,3,0
1311_7759,1311,7759,0.05012942186140185,0.0,1.5,2,2,0
1311_7760,1311,7760,0.10894468906149452,0.0,1.0,5,9,0
1311_7761,1311,7761,0.1276054987409139,0.0,0.8,10,10,0
1311_7762,1311,7762,0.13293090998592968,0.0,1.2,4,5,0
1311_7763,1311,7763,0.6517460311866471,0.0,0.6875,10,16,1
1311_7764,1311,7764,0.036934386120777936,0.0,2.0,3,3,0
1311_7765,1311,7765,0.0,0.0,2.0,1,1,0
1311_7767,1311,7767,3.4959949983229586e-56,0.0,2.5,2,2,0
1311_7768,1311,7768,0.01844158370061995,0.0,1.0,2,2,0
1311_7771,1311,7771,0.0,0.0,3.0,1,1,0
1312_7712,1312,7712,1.589028486661707,0.0,0.9130434782608695,16,23,1
1312_7721,1312,7721,2.9070202429479696e-62,0.0,5.0,2,2,0
1312_7723,1312,7723,0.0,0.0,0.0,1,1,0
1312_7725,1312,7725,0.0,0.0,1.0,1,1,0
1312_7731,1312,7731,0.0,0.0,1.0,1,1,0
1312_7732,1312,7732,1.4060317169487422,0.0,1.0,2,13,1
1312_7733,1312,7733,0.09131636910664541,0.0,1.0,2,3,0
1312_7734,1312,7734,3.697716175962437,0.0,1.54510556621881,76,521,2
1312_7736,1312,7736,3.2004581459274397,0.0,1.3351851851851853,69,540,2
1312_7742,1312,7742,0.16643554184903975,0.0,0.0,2,2,0
1312_7745,1312,7745,0.0,0.0,3.0,1,1,0
1312_7747,1312,7747,6.82893175825451e-05,0.0,1.3333333333333333,6,6,0
1312_7748,1312,7748,1.602157403516427e-05,0.0,1.5,6,8,0
1312_7749,1312,7749,0.0,0.0,0.0,1,1,0
1312_7750,1312,7750,0.0007644968070961294,0.0,1.0,4,4,0
1312_7751,1312,7751,0.0,0.0,3.0,1,1,0
1312_7752,1312,7752,0.0,0.0,0.0,1,1,0
1312_7753,1312,7753,7.382834462786628,0.0,1.053926206244087,8,1057,2
1312_7755,1312,7755,0.0,0.0,0.0,1,1,0
1312_7756,1312,7756,0.10337090169292595,0.0,0.8571428571428571,7,7,0
1312_7757,1312,7757,0.012294389133746633,0.0,0.6666666666666666,3,3,0
1312_7758,1312,7758,0.0007476225731619333,0.0,1.6666666666666667,3,3,0
1312_7760,1312,7760,0.0,0.0,1.0,1,1,0
1312_7761,1312,7761,0.2082402943672826,0.0,1.4285714285714286,16,28,1
1312_7762,1312,7762,0.4140748169373634,0.0,0.5454545454545454,8,11,1
1312_7763,1312,7763,0.2843503034089326,0.0,1.2272727272727273,15,22,1
1312_7764,1312,7764,1.9115594697361087e-18,0.0,2.6666666666666665,3,3,0
1312_7765,1312,7765,0.43813090208680805,0.0,0.3333333333333333,3,3,0
1312_7766,1312,7766,2.2080632911374476,0.0,1.989247311827957,82,465,2
1312_7767,1312,7767,0.3913153666935384,0.0,1.4,5,5,0
1312_7768,1312,7768,0.00015281321593849754,0.0,3.5,4,4,0
1312_7769,1312,7769,0.0,0.0,0.0,1,1,0
1312_8023,1312,8023,0.0,0.0,2.0,1,1,0
1312_8026,1312,8026,0.0,0.0,0.0,1,1,0
1313_1170,1313,1170,0.9003338465203876,0.0,0.5,4,4,0
1313_7713,1313,7713,0.06682928851693841,0.0,1.0,2,3,0
1313_7731,1313,7731,0.0,0.0,1.0,1,1,0
1313_7732,1313,7732,0.5968967349571228,0.0,1.0,4,7,0
1313_7733,1313,7733,0.0,0.0,1.0,1,1,0
1313_7740,1313,7740,0.0,0.0,1.0,1,1,0
1313_7745,1313,7745,4.458203941553893e-34,0.0,0.5,1,2,0
1313_7747,1313,7747,0.12732457938068978,0.0,1.1176470588235294,13,17,1
1313_7748,1313,7748,1.5440153339662846e-08,0.0,0.0,2,4,0
1313_7749,1313,7749,0.3333333333333333,0.0,1.6666666666666667,3,3,0
1313_7751,1313,7751,0.0,0.0,1.0,1,1,0
1313_7753,1313,7753,0.0,0.0,0.0,1,1,0
1313_7756,1313,7756,0.0,0.0,1.0,1,1,0
1313_7757,1313,7757,0.0070380539983418,0.0,1.25,3,4,0
1313_7758,1313,7758,0.026746492220598935,0.0,1.6666666666666667,2,3,0
1313_7759,1313,7759,0.0,0.0,1.0,1,1,0
1313_7760,1313,7760,0.0,0.0,0.0,1,1,0
1313_7761,1313,7761,0.25007859023997464,0.0,1.1,5,10,0
1313_7762,1313,7762,3.790162246422233e-12,0.0,0.3333333333333333,3,3,0
1313_7763,1313,7763,0.0,0.0,0.0,1,1,0
1313_7766,1313,7766,0.1687201535478708,0.0,1.8235294117647058,10,17,1
1313_7768,1313,7768,0.0,0.0,1.0,1,1,0
1313_7769,1313,7769,4.55806535522698e-06,0.0,0.6666666666666666,3,3,0
1313_7770,1313,7770,0.36721068094031395,0.0,1.3333333333333333,5,6,0
1313_7771,1313,7771,0.0,0.0,1.0,1,1,0
1313_7772,1313,7772,0.0,0.0,5.0,1,1,0
1313_7845,1313,7845,0.0,0.0,1.0,1,1,0
1314_7712,1314,7712,0.0,0.0,0.0,1,1,0
1314_7725,1314,7725,0.0,0.0,1.0,1,1,0
1314_7732,1314,7732,0.4122201513043415,0.0,0.7333333333333333,7,15,1
1314_7733,1314,7733,0.0082863377008806,0.0,1.0,1,2,0
1314_7742,1314,7742,0.0913417620263673,0.0,1.0,1,2,0
1314_7743,1314,7743,0.0022582904713063,0.0,1.0,2,2,0
1314_7746,1314,7746,0.3032653298563167,0.0,0.0,1,2,0
1314_7748,1314,7748,7.365780551325386e-07,0.0,0.5,3,4,0
1314_7750,1314,7750,0.0,0.0,0.0,1,1,0
1314_7758,1314,7758,0.16643554184903975,0.0,1.5,2,2,0
1314_7760,1314,7760,6.232787934756135e-11,0.0,2.0,3,3,0
1314_7761,1314,7761,0.1766004689946474,0.0,5.230769230769231,9,13,1
1314_7762,1314,7762,0.0668722601484548,0.0,1.3333333333333333,12,18,1
1314_7763,1314,7763,0.015202522315537405,0.0,2.5,4,4,0
1314_7764,1314,7764,2.1180682664418845e-19,0.0,1.0,3,3,0
1314_7765,1314,7765,0.013174217942623547,0.0,2.6,8,10,0
1314_7767,1314,7767,6.892726410446841e-06,0.0,1.8333333333333333,5,6,0
1314_7768,1314,7768,0.030614107063245476,0.0,3.25,4,4,0
1314_7770,1314,7770,9.461836220606356e-93,0.0,0.0,2,2,0
1315_7712,1315,7712,0.0,0.0,1.0,1,1,0
1315_7731,1315,7731,0.0410424993119494,0.0,0.5,2,2,0
1315_7732,1315,7732,0.0083433174900815,0.0,2.0,4,4,0
1315_7733,1315,7733,0.3590135689103233,0.0,1.0,1,5,0
1315_7734,1315,7734,0.0,0.0,1.0,1,1,0
1315_7747,1315,7747,3.768326877385e-05,0.0,0.75,1,4,0
1315_7750,1315,7750,0.0,0.0,0.0,1,1,0
1315_7751,1315,7751,0.0,0.0,1.0,1,1,0
1315_7753,1315,7753,0.0,0.0,1.0,1,1,0
1315_7756,1315,7756,0.0,0.0,0.0,1,1,0
1315_7758,1315,7758,0.0,0.0,2.0,1,1,0
1315_7760,1315,7760,1.376416471957755e-07,0.0,0.0,2,3,0
1315_7761,1315,7761,0.14165425131102943,0.0,0.9090909090909091,10,11,1
1315_7762,1315,7762,0.014513538254988006,0.0,2.5,9,10,0
1315_7766,1315,7766,0.23523993504784602,0.0,0.5,4,4,0
1315_7767,1315,7767,0.0,0.0,2.0,1,1,0
1315_7769,1315,7769,0.0,0.0,0.0,1,1,0
1315_7770,1315,7770,0.0,0.0,1.0,1,1,0
1315_7771,1315,7771,6.8663392493025e-05,0.0,2.75,4,4,0
1315_7772,1315,7772,1.8675988125124225e-09,0.0,0.6666666666666666,3,3,0
1316_7713,1316,7713,0.0,0.0,2.0,1,1,0
1316_7731,1316,7731,0.0,0.0,3.0,1,1,0
1316_7733,1316,7733,0.0,0.0,3.0,1,1,0
1316_7746,1316,7746,3.130765849989277e-52,0.0,0.0,1,2,0
1316_7753,1316,7753,2.19820689020555,0.0,0.6188118811881188,4,202,2
1316_7757,1316,7757,0.0,0.0,2.0,1,1,0
1316_7758,1316,7758,0.0,0.0,1.0,1,1,0
1316_7759,1316,7759,1.2128579478833285e-72,0.0,1.0,2,2,0
1316_7760,1316,7760,0.00011322566290727462,0.0,4.75,3,4,0
1316_7761,1316,7761,0.02550612092877469,0.0,2.625,6,8,0
1316_7762,1316,7762,1.734851355128519,0.0,1.7570422535211268,71,284,2
1316_7763,1316,7763,0.19240562510194834,0.0,1.6666666666666667,11,18,1
1316_7764,1316,7764,1.0139403698928327e-09,0.0,1.6,4,5,0
1316_7765,1316,7765,2.1387902466694546e-18,0.0,1.25,4,4,0
1316_7766,1316,7766,9.202575240123994e-07,0.0,5.333333333333333,2,3,0
1316_7767,1316,7767,0.3333334700349717,0.0,1.3333333333333333,2,3,0
1316_7768,1316,7768,0.0,0.0,1.0,1,1,0
1316_7771,1316,7771,0.0,0.0,1.0,1,1,0
1316_7772,1316,7772,8.065131892315838e-07,0.0,1.0,5,5,0
1317_7700,1317,7700,0.0,0.0,0.0,1,1,0
1317_7717,1317,7717,6.823547929080742,0.0,1.1842424242424243,99,1650,2
1317_7731,1317,7731,0.0,0.0,1.0,1,1,0
1317_7732,1317,7732,9.205289683375e-05,0.0,1.0,1,2,0
1317_7733,1317,7733,0.13616103738276494,0.0,1.0,2,3,0
1317_7753,1317,7753,4.602893598513757,0.0,1.3789778206364514,97,1037,2
1317_7758,1317,7758,0.0,0.0,0.0,1,1,0
1317_7759,1317,7759,0.0,0.0,0.0,1,1,0
1317_7761,1317,7761,1.221300368870264e-36,0.0,3.5,2,2,0
1317_7763,1317,7763,0.16746517012679424,0.0,1.0434782608695652,15,23,1
1317_7764,1317,7764,0.0,0.0,6.0,1,1,0
1317_7765,1317,7765,0.3333333333333333,0.0,1.3333333333333333,3,3,0
1317_7767,1317,7767,3.674897262818198,0.0010615711252653928,1.3036093418259023,89,942,2
1317_7768,1317,7768,0.0,0.0,0.0,1,1,0
1317_7769,1317,7769,0.04864792493028375,0.0,1.1111111111111112,8,9,0
1317_7770,1317,7770,0.0015137773726879,0.0,2.0,2,2,0
1317_7772,1317,7772,0.0,0.0,1.0,1,1,0
1318_7726,1318,7726,0.0,0.0,0.0,1,1,0
1318_7732,1318,7732,3.179510663043003e-16,0.0,1.0,2,4,0
1318_7753,1318,7753,0.0,0.0,4.0,1,1,0
1318_7755,1318,7755,0.5,0.0,1.0,1,2,0
1318_7756,1318,7756,0.0,0.0,1.0,1,1,0
1318_7757,1318,7757,0.0,0.0,0.0,1,1,0
1318_7758,1318,7758,0.0,0.0,1.0,1,1,0
1318_7763,1318,7763,0.0,0.0,1.0,1,1,0
1318_7764,1318,7764,0.06892655485262683,0.0,1.4615384615384615,10,13,1
1318_7765,1318,7765,0.15388187866709002,0.0,0.5,6,6,0
1318_7766,1318,7766,0.00012525862035834445,0.0,4.666666666666667,3,3,0
1318_7767,1318,7767,4.870981888302955e-11,0.0,0.5,4,4,0
1318_7768,1318,7768,1.9389733492440173e-17,0.0,0.25,4,4,0
1318_7769,1318,7769,0.12505180529214288,0.0,0.875,5,8,0
1318_7770,1318,7770,1.9022627932110783e-14,0.0,1.0,2,2,0
1318_7786,1318,7786,0.0,0.0,0.0,1,1,0
1318_7789,1318,7789,0.0,0.0,2.0,1,1,0
1319_7724,1319,7724,0.0,0.0,10.0,1,1,0
1319_7743,1319,7743,0.0,0.0,1.0,1,1,0
1319_7759,1319,7759,6.2290287892134245e-06,0.0,1.25,3,4,0
1319_7760,1319,7760,3.1282039700156636e-13,0.0,0.5,2,2,0
1319_7761,1319,7761,0.005585985434031738,0.0,2.8333333333333335,5,6,0
1319_7762,1319,7762,0.0,0.0,0.0,1,1,0
1319_7764,1319,7764,0.28702306782782105,0.0,1.2307692307692308,11,26,1
1319_7765,1319,7765,0.0118431172961758,0.0,1.2,1,5,0
1319_7766,1319,7766,0.003373651907639904,0.0,1.1666666666666667,3,6,0
1319_7767,1319,7767,0.0,0.0,10.0,1,1,0
1319_7768,1319,7768,1.2207017217670137,0.0,1.4202334630350195,60,257,2
1319_7769,1319,7769,6.086496601680753e-06,0.0,0.8,1,5,0
1319_7770,1319,7770,0.9000390758438672,0.0,1.2,22,55,2
1319_7771,1319,7771,7.995992679794352e-30,0.0,3.0,3,3,0
1319_7846,1319,7846,0.0,0.0,1.0,1,1,0
131_773,131,773,0.3506351243920379,0.0,1.0,2,8,0
1320_7681,1320,7681,3.049193660023081,0.0,1.5633587786259542,87,655,2
1320_7723,1320,7723,0.0,0.0,0.0,1,1,0
1320_7733,1320,7733,0.0410424993119494,0.0,1.0,1,2,0
1320_7756,1320,7756,0.0,0.0,2.0,1,1,0
1320_7759,1320,7759,0.0,0.0,1.0,1,1,0
1320_7760,1320,7760,1.1748491687264084e-21,0.0,0.5,2,2,0
1320_7762,1320,7762,0.0,0.0,3.0,1,1,0
1320_7763,1320,7763,3.063271192993191e-07,0.0,1.0,3,3,0
1320_7764,1320,7764,0.0521924159179017,0.0,0.6666666666666666,2,3,0
1320_7765,1320,7765,0.21337469781689514,0.0,1.1176470588235294,3,17,1
1320_7766,1320,7766,0.209077198347933,0.0,1.25,5,8,0
1320_7767,1320,7767,0.0,0.0,1.0,1,1,0
1320_7769,1320,7769,3.837138093483476e-12,0.0,1.25,4,4,0
1320_7770,1320,7770,0.3045401377130565,0.0,1.3333333333333333,4,6,0
1320_7771,1320,7771,0.20783163412625147,0.0,1.3333333333333333,5,6,0
1320_7772,1320,7772,0.0,0.0,7.0,1,1,0
1321_7715,1321,7715,0.0,0.0,2.0,1,1,0
1321_7721,1321,7721,0.027361666207966266,0.0,1.0,2,3,0
1321_7723,1321,7723,0.0,0.0,1.0,1,1,0
1321_7731,1321,7731,0.0,0.0,1.0,1,1,0
1321_7732,1321,7732,5.384140941292154e-107,0.0,1.0,2,2,0
1321_7756,1321,7756,0.0,0.0,0.0,1,1,0
1321_7760,1321,7760,0.5824715944743409,0.0,1.0,17,26,1
1321_7763,1321,7763,0.0,0.0,3.0,1,1,0
1321_7764,1321,7764,5.727815919772187e-17,0.0,0.6666666666666666,2,3,0
1321_7765,1321,7765,2.1854472884434904e-29,0.0,1.5,2,2,0
1321_7766,1321,7766,0.32969344887295693,0.0,1.25,7,8,0
1321_7767,1321,7767,0.17858808479970492,0.0,1.12,4,25,1
1321_7768,1321,7768,0.5,0.0,1.0,1,2,0
1321_7769,1321,7769,6.250764331933713e-10,0.0,0.0,2,2,0
1321_7771,1321,7771,0.0,0.0,1.0,1,1,0
1321_7773,1321,7773,0.00075171959648875,0.0,4.5,2,2,0
1321_7774,1321,7774,0.0,0.0,4.0,1,1,0
1322_7713,1322,7713,0.0,0.0,1.0,1,1,0
1322_7725,1322,7725,0.0,0.0,2.0,1,1,0
1322_7754,1322,7754,1.7405534199521552e-57,0.0,0.5,2,2,0
1322_7760,1322,7760,0.0,0.0,0.0,1,1,0
1322_7767,1322,7767,0.0,0.0,2.0,1,1,0
1322_7768,1322,7768,0.007476723883601434,0.0,1.0,1,5,0
1322_7769,1322,7769,0.0,0.0,1.0,1,1,0
1322_7770,1322,7770,0.1591161168527278,0.0,1.05,4,20,1
1322_7771,1322,7771,0.0,0.0,1.0,1,1,0
1322_7772,1322,7772,0.0,0.0,1.0,1,1,0
1322_7773,1322,7773,0.004092446634356133,0.0,0.3333333333333333,3,3,0
1322_7774,1322,7774,0.14375083527198007,0.0,1.5714285714285714,4,7,0
1323_7723,1323,7723,0.0,0.0,1.0,1,1,0
1323_7725,1323,7725,0.0,0.0,0.0,1,1,0
1323_7733,1323,7733,0.0,0.0,1.0,1,1,0
1323_7769,1323,7769,0.16455354393153784,0.0,1.0,4,7,0
1323_7770,1323,7770,0.01509869171115925,0.0,1.0,2,2,0
1323_7772,1323,7772,0.0,0.0,1.0,1,1,0
1324_7712,1324,7712,0.0,0.0,1.0,1,1,0
1324_7725,1324,7725,0.0,0.0,1.0,1,1,0
1324_7731,1324,7731,0.0,0.0,0.0,1,1,0
1324_7749,1324,7749,0.0,0.0,1.0,1,1,0
1324_7752,1324,7752,7.684797085426069,0.0,0.9922178988326849,8,514,2
1324_7754,1324,7754,0.0,0.0,1.0,1,1,0
1324_7756,1324,7756,0.0,0.0,1.0,1,1,0
1324_7761,1324,7761,0.0,0.0,5.0,1,1,0
1324_7767,1324,7767,0.0,0.0,3.0,1,1,0
1324_7769,1324,7769,0.0,0.0,8.0,1,1,0
1324_7770,1324,7770,0.13998375030168517,0.0,2.7142857142857144,11,14,1
1324_7771,1324,7771,3.682846092503357,0.0,1.0263157894736843,17,152,2
1325_7646,1325,7646,0.0,0.0,1.0,1,1,0
1325_7647,1325,7647,0.0,0.0,3.0,1,1,0
1325_7710,1325,7710,2.8608487294837963,0.00554016620498615,1.2853185595567866,66,361,2
1325_7712,1325,7712,0.0,0.0,0.0,1,1,0
1325_7715,1325,7715,0.0,0.0,1.0,1,1,0
1325_7723,1325,7723,1.141461517999369,0.0,1.8181818181818181,10,11,1
1325_7724,1325,7724,0.0,0.0,1.0,1,1,0
1325_7725,1325,7725,0.9354951628189303,0.0,1.4,13,20,1
1325_7726,1325,7726,0.0,0.0,1.0,1,1,0
1325_7732,1325,7732,0.045032494690547084,0.0,0.6,5,5,0
1325_7734,1325,7734,0.0,0.0,1.0,1,1,0
1325_7736,1325,7736,0.0,0.0,1.0,1,1,0
1325_7748,1325,7748,8.165485348583251e-36,0.0,0.5,2,2,0
1325_7752,1325,7752,1.960338961491816e-103,0.0,2.0,2,2,0
1325_7754,1325,7754,0.0,0.0,3.0,1,1,0
1325_7755,1325,7755,0.0,0.0,1.0,1,1,0
1325_7757,1325,7757,0.0,0.0,1.0,1,1,0
1325_7758,1325,7758,2.8498503037078917e-93,0.0,1.5,2,2,0
1325_7763,1325,7763,0.0371367891071669,0.0,0.0,1,2,0
1325_7765,1325,7765,2.195873964038584,0.0,1.6666666666666667,6,9,0
1325_7769,1325,7769,0.0002502257167203,0.0,1.5,1,2,0
1325_7770,1325,7770,6.268296025108704e-05,0.0,1.1666666666666667,2,6,0
1325_7771,1325,7771,0.04153153889479187,0.0,0.75,6,8,0
1325_7772,1325,7772,0.0,0.0,0.0,1,1,0
1325_7773,1325,7773,0.03360275636987485,0.0,0.5,2,2,0
1325_7785,1325,7785,0.0,0.0,1.0,1,1,0
1326_7646,1326,7646,0.0,0.0,2.0,1,1,0
1326_7755,1326,7755,0.0,0.0,1.0,1,1,0
1326_7757,1326,7757,0.20328482987029955,0.0,1.0,1,2,0
1326_7765,1326,7765,0.769260517397201,0.0,1.3333333333333333,3,3,0
1326_7771,1326,7771,0.2497665550068415,0.0,1.1363636363636365,4,22,1
1326_7772,1326,7772,0.2726020989193925,0.0,1.0,2,4,0
1326_7774,1326,7774,0.5,0.0,0.5,1,2,0
1327_7749,1327,7749,3.4502363528053515,0.0,1.3595360824742269,92,776,2
1327_7757,1327,7757,1.153934087752459,0.0,2.3815028901734103,45,173,2
1327_7770,1327,7770,0.3333333333333333,0.0,1.0,3,3,0
1327_7771,1327,7771,0.0417416648139239,0.0,1.75,4,8,0
1328_7703,1328,7703,0.0,0.0,1.0,1,1,0
1328_7752,1328,7752,0.0,0.0,1.0,1,1,0
1328_7776,1328,7776,0.0,0.0,1.0,1,1,0
1329_7732,1329,7732,0.0,0.0,0.0,1,1,0
1329_7753,1329,7753,0.0,0.0,1.0,1,1,0
1330_7753,1330,7753,0.0,0.0,0.0,1,1,0
1330_7755,1330,7755,0.33653816448738794,0.0,1.0,3,29,1
1331_7682,1331,7682,1.7418293708796186,0.0,1.3164983164983164,59,297,2
1331_7729,1331,7729,0.0,0.0,0.0,1,1,0
1332_7717,1332,7717,3.5753282048045487,0.0,1.0530973451327434,5,452,2
1333_7730,1333,7730,0.0,0.0,0.0,1,1,0
1334_1300,1334,1300,0.0,0.0,2.0,1,1,0
1334_7700,1334,7700,3.9825603146945388,0.0011876484560570072,1.1425178147268409,97,842,2
1334_7738,1334,7738,2.269327114658777e-07,0.0,1.0,1,3,0
1335_7709,1335,7709,2.8162535607813903,0.0,1.5462555066079295,84,681,2
1335_7727,1335,7727,0.8080841093504318,0.0,0.9285714285714286,6,56,2
1335_7746,1335,7746,0.0,0.0,1.0,1,1,0
1335_7749,1335,7749,0.0,0.0,0.0,1,1,0
1335_7759,1335,7759,0.0,0.0,1.0,1,1,0
1336_7725,1336,7725,0.15075675890635723,0.0,0.6666666666666666,2,3,0
1336_7746,1336,7746,0.0,0.0,4.0,1,1,0
1337_7713,1337,7713,0.0,0.0,0.0,1,1,0
1337_7772,1337,7772,0.0,0.0,0.0,1,1,0
1339_7758,1339,7758,0.0,0.0,1.0,1,1,0
1339_7792,1339,7792,0.0,0.0,1.0,1,1,0
1340_7754,1340,7754,0.0,0.0,1.0,1,1,0
1341_7741,1341,7741,0.0,0.0,0.0,1,1,0
1341_7765,1341,7765,1.682081844990951,0.0,2.2,5,5,0
1342_7754,1342,7754,0.0,0.0,1.0,1,1,0
1343_1754,1343,1754,0.0,0.0,2.0,1,1,0
1343_7697,1343,7697,0.5099343889116951,0.0,1.2708333333333333,25,48,2
1343_7750,1343,7750,0.0,0.0,1.0,1,1,0
1343_7753,1343,7753,0.0,0.0,4.0,1,1,0
1344_1344,1344,1344,0.0,0.0,1.0,1,1,0
1344_7652,1344,7652,2.8292012395550725,0.0,0.9873417721518988,3,79,2
1344_7735,1344,7735,0.0,0.0,1.0,1,1,0
1344_7750,1344,7750,3.810392047577293,0.0,1.0,1,14,1
1344_7755,1344,7755,0.0,0.0,1.0,1,1,0
1344_7756,1344,7756,0.0,0.0,1.0,1,1,0
1344_7768,1344,7768,0.0,0.0,1.0,1,1,0
1345_7622,1345,7622,2.7982479607944666,0.0014184397163120568,1.421276595744681,86,705,2
1345_7700,1345,7700,0.0,0.0,1.0,1,1,0
1345_7702,1345,7702,0.0,0.0,2.0,1,1,0
1345_7715,1345,7715,0.1852046883005128,0.0,1.0,4,4,0
1345_7722,1345,7722,0.0,0.0,1.0,1,1,0
1345_7725,1345,7725,1.1809390868757146e-23,0.0,1.5,2,2,0
1345_7744,1345,7744,0.0,0.0,0.0,1,1,0
1345_7745,1345,7745,0.10542737166846936,0.0,1.5,3,4,0
1345_7746,1345,7746,0.0,0.0,1.0,1,1,0
1345_7748,1345,7748,0.3333333333333333,0.0,0.6666666666666666,3,3,0
1345_7751,1345,7751,0.0,0.0,0.0,1,1,0
1345_7754,1345,7754,0.2234400153452131,0.0,2.6666666666666665,3,3,0
1345_7755,1345,7755,2.0806986971120744e-10,0.0,0.5,2,2,0
1345_7771,1345,7771,0.0329466917118435,0.0,0.0,3,3,0
1345_7774,1345,7774,0.7024239803598622,0.0,2.25,4,4,0
1345_7778,1345,7778,0.03360275636987485,0.0,1.5,1,2,0
1345_7784,1345,7784,0.0,0.0,1.0,1,1,0
1346_7744,1346,7744,0.0,0.0,1.0,1,1,0
1346_7745,1346,7745,0.0,0.0,0.0,1,1,0
1346_7746,1346,7746,0.13978760018625927,0.0,1.3333333333333333,2,3,0
1346_7748,1346,7748,0.0,0.0,1.0,1,1,0
1346_7754,1346,7754,0.0,0.0,1.0,1,1,0
1347_7792,1347,7792,0.0,0.0,2.0,1,1,0
1348_7730,1348,7730,3.234692413897592,0.001288659793814433,1.3814432989690721,81,776,2
1349_7738,1349,7738,0.0,0.0,0.0,1,1,0
1349_7762,1349,7762,0.0,0.0,2.0,1,1,0
1349_7772,1349,7772,0.0,0.0,0.0,1,1,0
1352_7725,1352,7725,0.0,0.0,1.0,1,1,0
1352_7731,1352,7731,7.7844638575701195,0.001053740779768177,0.2644889357218124,3,949,2
1352_7752,1352,7752,0.0,0.0,0.0,1,1,0
1352_7768,1352,7768,0.0,0.0,2.0,1,1,0
1352_7771,1352,7771,0.0,0.0,3.0,1,1,0
1354_7636,1354,7636,3.081043449401279,0.0,1.3659574468085107,90,705,2
1354_7665,1354,7665,0.0,0.0,1.0,1,1,0
1354_7723,1354,7723,0.43930957763981615,0.0,0.0,3,3,0
1354_7744,1354,7744,0.0,0.0,1.0,1,1,0
1354_7746,1354,7746,0.0,0.0,1.0,1,1,0
1354_7756,1354,7756,0.0,0.0,1.0,1,1,0
1354_7760,1354,7760,0.0,0.0,0.0,1,1,0
1355_7721,1355,7721,0.0,0.0,2.0,1,1,0
1355_7745,1355,7745,0.0022582904713063,0.0,2.0,1,2,0
1355_7755,1355,7755,0.018729118023819467,0.0,1.0,2,3,0
1355_7758,1355,7758,0.0,0.0,2.0,1,1,0
1356_756,1356,756,0.0,0.0,2.0,1,1,0
1356_7716,1356,7716,0.0,0.0,1.0,1,1,0
1356_7725,1356,7725,0.0,0.0,2.0,1,1,0
1356_7726,1356,7726,0.0,0.0,3.0,1,1,0
1356_7735,1356,7735,0.0,0.0,1.0,1,1,0
1356_7745,1356,7745,0.0,0.0,1.0,1,1,0
1356_7754,1356,7754,0.0,0.0,1.0,1,1,0
1356_7756,1356,7756,3.0086373213725612,0.0,1.5508021390374331,101,748,2
1356_7757,1356,7757,0.0,0.0,0.0,1,1,0
1357_7671,1357,7671,3.9421828757141566,0.0,1.677384780278671,109,933,2
1357_7694,1357,7694,1.6637067423987468,0.0,1.4873096446700507,51,197,2
1358_7725,1358,7725,0.0,0.0,1.0,1,1,0
1361_7698,1361,7698,2.4729972024088087,0.001597444089456869,1.5591054313099042,99,626,2
1361_7759,1361,7759,0.0,0.0,3.0,1,1,0
1361_7765,1361,7765,0.0,0.0,1.0,1,1,0
1362_7753,1362,7753,0.0,0.0,5.0,1,1,0
1362_7763,1362,7763,0.0,0.0,1.0,1,1,0
1363_7762,1363,7762,0.0,0.0,3.0,1,1,0
1363_7766,1363,7766,0.0,0.0,2.0,1,1,0
1364_7743,1364,7743,0.0,0.0,0.0,1,1,0
1364_7745,1364,7745,0.0,0.0,1.0,1,1,0
1365_7712,1365,7712,0.0,0.0,1.0,1,1,0
1365_7716,1365,7716,0.0,0.0,1.0,1,1,0
1365_7752,1365,7752,0.0,0.0,1.0,1,1,0
1365_7756,1365,7756,0.0016638646356367341,0.0,1.0,3,3,0
1365_7762,1365,7762,5.641323247748302e-09,0.0,0.0,2,2,0
1365_7765,1365,7765,0.556138172020922,0.0,1.9166666666666667,9,12,1
1366_7690,1366,7690,0.6171717407862707,0.0,1.5777777777777777,43,135,2
1366_7745,1366,7745,0.0,0.0,7.0,1,1,0
1366_7746,1366,7746,0.0,0.0,2.0,1,1,0
1366_7765,1366,7765,0.0,0.0,6.0,1,1,0
1366_7785,1366,7785,0.0,0.0,1.0,1,1,0
1367_7797,1367,7797,13.077472014809967,0.0,0.14428191489361702,2,1504,2
1368_7685,1368,7685,1.443726170780669,0.0,1.3928571428571428,24,56,2
1368_7747,1368,7747,0.0,0.0,3.0,1,1,0
1368_7756,1368,7756,0.0,0.0,1.0,1,1,0
1368_7758,1368,7758,0.0,0.0,2.0,1,1,0
1372_7737,1372,7737,0.0,0.0,0.0,1,1,0
1372_7742,1372,7742,0.0,0.0,3.0,1,1,0
1372_7772,1372,7772,0.0,0.0,0.0,1,1,0
1374_7669,1374,7669,2.50605475986989,0.0,1.4206081081081081,78,592,2
1374_7730,1374,7730,1.298409134401769e-21,0.0,4.5,2,2,0
1375_7636,1375,7636,2.6682938573121495,0.001890359168241966,1.9054820415879017,87,529,2
1375_7784,1375,7784,0.0,0.0,0.0,1,1,0
1376_7670,1376,7670,2.046625745237021,0.0029411764705882353,1.0029411764705882,7,340,2
1376_7755,1376,7755,19.88632163052524,0.0,0.2094240837696335,1,1910,2
1377_7745,1377,7745,0.0,0.0,0.0,1,1,0
1377_7761,1377,7761,0.0,0.0,0.0,1,1,0
1377_7796,1377,7796,0.0,0.0,0.0,1,1,0
1378_7784,1378,7784,0.0,0.0,1.0,1,1,0
1379_7570,1379,7570,2.517870036394994,0.0,1.3990825688073394,78,654,2
1381_7770,1381,7770,0.0,0.0,0.0,1,1,0
1382_7753,1382,7753,0.0,0.0,1.0,1,1,0
1382_7756,1382,7756,0.0,0.0,0.0,1,1,0
1386_7811,1386,7811,0.0,0.0,1.0,1,1,0
1387_7577,1387,7577,0.0,0.0,3.0,1,1,0
1388_7748,1388,7748,0.0,0.0,2.0,1,1,0
1389_7676,1389,7676,1.5296119027220054,0.0,1.207373271889401,49,217,2
1389_7763,1389,7763,0.0,0.0,0.0,1,1,0
1389_7789,1389,7789,0.0,0.0,0.0,1,1,0
1390_7678,1390,7678,4.536556526449638,0.0,1.1385041551246537,7,722,2
1390_7764,1390,7764,0.0,0.0,1.0,1,1,0
1392_7773,1392,7773,0.0,0.0,2.0,1,1,0
1393_7756,1393,7756,0.0,0.0,0.0,1,1,0
1393_7757,1393,7757,0.0,0.0,1.0,1,1,0
1393_7758,1393,7758,0.062307744117248036,0.0,1.0,2,7,0
1394_7555,1394,7555,0.004522859288847225,0.0,3.0,2,3,0
1394_7629,1394,7629,1.98343763736138,0.0025906735751295338,1.1373056994818653,69,386,2
1394_7756,1394,7756,0.0,0.0,0.0,1,1,0
1395_7771,1395,7771,0.0,0.0,1.0,1,1,0
1396_7754,1396,7754,0.0,0.0,5.0,1,1,0
1396_7761,1396,7761,0.0,0.0,0.0,1,1,0
1397_7680,1397,7680,3.377719209797732,0.0,1.273532668881506,87,903,2
1397_7750,1397,7750,0.0,0.0,2.0,1,1,0
1397_7756,1397,7756,0.0,0.0,1.0,1,1,0
1397_7773,1397,7773,0.0,0.0,1.0,1,1,0
1398_7653,1398,7653,3.864916068494595,0.0,0.987546699875467,83,803,2
1398_7757,1398,7757,0.0,0.0,1.0,1,1,0
1398_7763,1398,7763,0.0,0.0,4.0,1,1,0
1398_7764,1398,7764,0.3573987175920733,0.0,1.0,5,8,0
1398_7765,1398,7765,5.714713251982169e-14,0.0,1.0,2,2,0
1398_7767,1398,7767,0.0,0.0,1.0,1,1,0
1398_7770,1398,7770,0.0,0.0,1.0,1,1,0
1399_7752,1399,7752,1.8712957471925732e-05,0.0,1.25,3,4,0
1399_7760,1399,7760,0.0,0.0,2.0,1,1,0
1399_7762,1399,7762,6.890327774472859e-09,0.0,1.0,1,2,0
1399_7763,1399,7763,0.0,0.0,1.0,1,1,0
1399_7765,1399,7765,0.2234400153452131,0.0,1.3333333333333333,2,3,0
1399_7771,1399,7771,0.0,0.0,0.0,1,1,0
13_77,13,77,0.10108844328543894,0.0,1.0,3,6,0
1400_7762,1400,7762,0.0,0.0,0.0,1,1,0
1401_7646,1401,7646,0.9700773550669384,0.0,1.1967213114754098,42,122,2
1404_7653,1404,7653,3.3865733183289213,0.001199040767386091,1.3081534772182255,82,834,2
1411_7643,1411,7643,2.331631813178408,0.0,1.0172413793103448,4,116,2
1423_7640,1423,7640,0.0,0.0,2.0,1,1,0
1432_7614,1432,7614,7.715831269830024,0.0007204610951008645,1.345100864553314,102,1388,2
1432_7750,1432,7750,0.0,0.0,0.0,1,1,0
1434_7489,1434,7489,0.0,0.0,4.0,1,1,0
1436_7617,1436,7617,2.7012060364411328,0.0022172949002217295,1.7516629711751663,72,451,2
1442_7600,1442,7600,2.3217253962925586,0.0,1.562874251497006,79,501,2
1443_7762,1443,7762,0.0,0.0,0.0,1,1,0
1446_7616,1446,7616,3.1285686359563347,0.0,1.089385474860335,7,537,2
1466_7759,1466,7759,0.0,0.0,0.0,1,1,0
1487_7451,1487,7451,4.813579700810654,0.0,1.2692307692307692,92,1118,2
1488_7571,1488,7571,4.625013064150985,0.0,1.3997995991983967,99,998,2
1503_7632,1503,7632,0.0,0.0,2.0,1,1,0
1506_7533,1506,7533,1.8561568142617064,0.0,1.4011299435028248,37,177,2
1509_7524,1509,7524,3.0436322720450297,0.0,1.3008720930232558,88,688,2
1514_7692,1514,7692,0.0,0.0,1.0,1,1,0
1516_7557,1516,7557,2.2827150460435672,0.0,1.4921259842519685,52,254,2
1526_7614,1526,7614,3.333186897337885,0.0,1.531951640759931,87,579,2
1529_7655,1529,7655,0.44925849644748117,0.0,1.3214285714285714,19,28,1
1535_7690,1535,7690,6.017393415854491,0.0006138735420503376,1.232658072437078,106,1629,2
1540_7400,1540,7400,0.0,0.0,1.0,1,1,0
1545_7509,1545,7509,0.0,0.0,1.0,1,1,0
1560_7526,1560,7526,1.6703718882777754,0.0,1.4702549575070822,75,353,2
1576_7484,1576,7484,0.48492557371751643,0.0,1.0824742268041236,33,97,2
1587_7449,1587,7449,0.0,0.0,2.0,1,1,0
1600_6300,1600,6300,0.0,0.0,7.0,1,1,0
1602_9702,1602,9702,0.0,0.0,7.0,1,1,0
1617_7437,1617,7437,3.0933938126650817,0.0,1.5391304347826087,84,690,2
1630_8043,1630,8043,0.0,0.0,0.0,1,1,0
1631_7342,1631,7342,1.7369888475929103,0.0,1.406153846153846,69,325,2
1639_7403,1639,7403,5.558804499144548,0.0,1.1762820512820513,76,624,2
1649_7407,1649,7407,1.4818879003621581,0.004310344827586207,1.6163793103448276,48,232,2
1656_7415,1656,7415,3.3844880519935048,0.0,1.5040840140023337,103,857,2
1657_7397,1657,7397,2.118322973670387,0.0,1.4792746113989637,71,386,2
1675_9741,1675,9741,0.4828606974448397,0.0,2.3333333333333335,3,3,0
1677_7382,1677,7382,2.0891357541131863,0.0,1.7690839694656488,81,524,2
1687_7364,1687,7364,0.7408456037612954,0.0,1.4423076923076923,24,52,2
1693_7341,1693,7341,5.123074875220065,0.0,1.2230919765166341,91,1022,2
1722_7321,1722,7321,1.1948643106624264,0.0,1.1804123711340206,51,194,2
1722_7722,1722,7722,0.0,0.0,0.0,1,1,0
1724_8012,1724,8012,0.0,0.0,5.0,1,1,0
1740_7847,1740,7847,0.0,0.0,0.0,1,1,0
1745_7845,1745,7845,0.0,0.0,1.0,1,1,0
1750_7839,1750,7839,0.0,0.0,0.0,1,1,0
1751_7855,1751,7855,0.0,0.0,0.0,1,1,0
1755_1301,1755,1301,0.0,0.0,2.0,1,1,0
1756_1301,1756,1301,0.16577809068398597,0.0,3.6666666666666665,3,3,0
1756_1303,1756,1303,0.0,0.0,2.0,1,1,0
1760_1298,1760,1298,0.0,0.0,3.0,1,1,0
1775_7276,1775,7276,0.3348265682352214,0.0,1.7532467532467533,25,77,2
1779_8321,1779,8321,0.0,0.0,1.0,1,1,0
1804_7720,1804,7720,0.0,0.0,1.0,1,1,0
1807_7752,1807,7752,0.0,0.0,4.0,1,1,0
1816_7257,1816,7257,6.623232243347528,0.0011737089201877935,1.1514084507042253,99,852,2
1826_7821,1826,7821,0.0,0.0,0.0,1,1,0
1852_7395,1852,7395,0.28138336574969625,0.0,0.8,3,5,0
185_739,185,739,1.1964881243699264,0.0,1.0,2,10,0
185_775,185,775,0.0,0.0,1.0,1,1,0
1907_7287,1907,7287,0.0,0.0,1.0,1,1,0
1922_7308,1922,7308,0.0,0.0,0.0,1,1,0
1938_7718,1938,7718,0.0,0.0,4.0,1,1,0
1944_7697,1944,7697,0.0,0.0,0.0,1,1,0
1956_7114,1956,7114,2.048482091905773,0.0,1.7688442211055277,74,398,2
1993_7760,1993,7760,0.0,0.0,1.0,1,1,0
1994_7774,1994,7774,0.0,0.0,4.0,1,1,0
1997_7760,1997,7760,0.0,0.0,1.0,1,1,0
1998_7752,1998,7752,0.0,0.0,0.0,1,1,0
200_6411,200,6411,0.0,0.0,2.0,1,1,0
200_7403,200,7403,0.0,0.0,2.0,1,1,0
2079_7734,2079,7734,0.0,0.0,0.0,1,1,0
2095_8509,2095,8509,0.20328482987029955,0.0,0.0,1,2,0
2113_6931,2113,6931,0.7543948916853552,0.0,0.9459459459459459,27,74,2
2113_7755,2113,7755,0.0,0.0,0.0,1,1,0
2157_7733,2157,7733,0.0,0.0,1.0,1,1,0
2176_7180,2176,7180,0.0,0.0,1.0,1,1,0
2180_6983,2180,6983,0.8356090582798533,0.0,1.4096385542168675,35,83,2
2231_6845,2231,6845,6.714627923985861,0.0005662514156285391,1.0118912797281994,105,1766,2
2257_8836,2257,8836,0.0,0.0,0.0,1,1,0
2271_7585,2271,7585,0.0,0.0,0.0,1,1,0
2281_6698,2281,6698,0.4300148352325182,0.0,1.206896551724138,18,29,1
2293_7755,2293,7755,0.0,0.0,1.0,1,1,0
2298_8785,2298,8785,0.4298058200277832,0.0,0.3333333333333333,1,3,0
2303_7264,2303,7264,0.0,0.0,1.0,1,1,0
2325_7743,2325,7743,0.0,0.0,6.0,1,1,0
2336_6717,2336,6717,1.9020736976904338,0.0,1.6068702290076335,57,262,2
2349_8731,2349,8731,0.0,0.0,1.0,1,1,0
2356_6684,2356,6684,1.4674764856474594,0.0,1.4592592592592593,40,135,2
2403_8672,2403,8672,0.0,0.0,0.0,1,1,0
2419_8266,2419,8266,0.0,0.0,0.0,1,1,0
2425_7219,2425,7219,0.0,0.0,2.0,1,1,0
2451_6684,2451,6684,2.6965374381315104,0.0018281535648994515,1.270566727605119,64,547,2
2477_6614,2477,6614,1.8027805879886973,0.0,1.7029972752043596,77,367,2
2478_8687,2478,8687,0.0,0.0,3.0,1,1,0
2620_6411,2620,6411,2.458577141436316,0.0,1.5551724137931036,85,580,2
2620_9293,2620,9293,0.0,0.0,0.0,1,1,0
2689_7575,2689,7575,0.0,0.0,2.0,1,1,0
2723_6336,2723,6336,1.752438206863535,0.0,1.4285714285714286,64,287,2
2754_7740,2754,7740,0.0,0.0,0.0,1,1,0
2773_8533,2773,8533,0.0,0.0,1.0,1,1,0
2810_7539,2810,7539,0.0,0.0,0.0,1,1,0
2844_6200,2844,6200,3.6518805632480023,0.0,1.3107658157602664,99,901,2
2856_7720,2856,7720,0.0,0.0,2.0,1,1,0
2861_7722,2861,7722,0.0,0.0,3.0,1,1,0
288_7753,288,7753,0.0,0.0,1.0,1,1,0
2908_6117,2908,6117,1.9195786712083232,0.0,4.005449591280654,16,367,2
2913_6157,2913,6157,1.631237102371045,0.0,1.5976331360946745,65,338,2
293_7752,293,7752,0.0,0.0,0.0,1,1,0
294_1760,294,1760,4.104764955007821,0.0,0.8119266055045872,4,218,2
295_7757,295,7757,0.0,0.0,3.0,1,1,0
296_7762,296,7762,0.0,0.0,1.0,1,1,0
29_77,29,77,0.0,0.0,1.0,1,1,0
300_300,300,300,0.0,0.0,0.0,1,1,0
300_7638,300,7638,0.0,0.0,1.0,1,1,0
3033_7638,3033,7638,0.0,0.0,0.0,1,1,0
303_7753,303,7753,0.0,0.0,1.0,1,1,0
3301_7750,3301,7750,0.0,0.0,1.0,1,1,0
3301_7756,3301,7756,0.0,0.0,1.0,1,1,0
3301_7770,3301,7770,0.0,0.0,1.0,1,1,0
3303_7756,3303,7756,0.0,0.0,1.0,1,1,0
3305_7760,3305,7760,0.0,0.0,1.0,1,1,0
3307_7979,3307,7979,0.5,0.0,1.0,1,2,0
3309_7757,3309,7757,0.0,0.0,0.0,1,1,0
3310_7756,3310,7756,0.0,0.0,1.0,1,1,0
3312_7725,3312,7725,0.0,0.0,3.0,1,1,0
3314_7723,3314,7723,0.0,0.0,5.0,1,1,0
3324_7732,3324,7732,0.0,0.0,1.0,1,1,0
3398_5636,3398,5636,1.3904912869084265,0.0,1.1504424778761062,49,226,2
3659_7602,3659,7602,1.401932632036718,0.0,0.375,7,8,0
3708_6817,3708,6817,8.459489613075652e-11,0.0,0.5,2,2,0
3708_7717,3708,7717,0.4524187090179798,0.0,0.0,1,2,0
3708_7758,3708,7758,0.0,0.0,0.0,1,1,0
3708_7775,3708,7775,1.3379934400659605,0.0,0.0,1,4,0
3708_7777,3708,7777,0.0,0.0,0.0,1,1,0
3708_9741,3708,9741,0.03774654868141773,0.0,1.0,4,7,0
3863_9410,3863,9410,0.0,0.0,2.0,1,1,0
4138_4924,4138,4924,2.9246911547203642,0.0,1.1257575757575757,84,660,2
4291_11752,4291,11752,0.0,0.0,1.0,1,1,0
4330_4756,4330,4756,1.4569349312747482,0.0,1.7819905213270142,49,211,2
4400_4589,4400,4589,2.721970399410906,0.005780346820809248,1.6107899807321773,78,519,2
4624_4381,4624,4381,4.277799543229769,0.0,1.0265339966832505,7,603,2
500_7524,500,7524,0.0,0.0,1.0,1,1,0
5107_3944,5107,3944,1.543601076372256,0.0,1.8333333333333333,43,144,2
5165_3910,5165,3910,0.0,0.0,0.0,1,1,0
55_1301,55,1301,0.0,0.0,5.0,1,1,0
5870_1291,5870,1291,0.0,0.0,2.0,1,1,0
5870_3174,5870,3174,1.0127092083547728,0.0,1.6170212765957446,47,141,2
611_7712,611,7712,0.3333360790591384,0.0,0.6666666666666666,2,3,0
612_6812,612,6812,1.2817345878988568e-16,0.0,3.0,1,2,0
612_7735,612,7735,0.0,0.0,0.0,1,1,0
615_7765,615,7765,0.0,0.0,0.0,1,1,0
616_7712,616,7712,0.0,0.0,0.0,1,1,0
6213_5659,6213,5659,0.0,0.0,3.0,1,1,0
6299_7755,6299,7755,0.0,0.0,0.0,1,1,0
6324_2797,6324,2797,0.7358641952308883,0.0,1.7560975609756098,30,82,2
644_7713,644,7713,0.0,0.0,0.0,1,1,0
645_7715,645,7715,0.0,0.0,1.0,1,1,0
645_7765,645,7765,0.0,0.0,0.0,1,1,0
646_7746,646,7746,0.0,0.0,1.0,1,1,0
646_7754,646,7754,0.0,0.0,1.0,1,1,0
652_6648,652,6648,0.0,0.0,2.0,1,1,0
654_7714,654,7714,0.0,0.0,0.0,1,1,0
654_7745,654,7745,0.0,0.0,3.0,1,1,0
662_7721,662,7721,0.0,0.0,1.0,1,1,0
6648_2391,6648,2391,1.7234826432596584,0.0,1.4857142857142858,60,280,2
665_7716,665,7716,0.0,0.0,1.0,1,1,0
668_7763,668,7763,0.0,0.0,0.0,1,1,0
6724_2350,6724,2350,0.7711453811018669,0.0,0.8053097345132744,36,113,2
675_6817,675,6817,0.43022756129926304,0.0,0.8,9,15,1
675_6875,675,6875,0.0,0.0,2.0,1,1,0
675_7701,675,7701,0.0,0.0,3.0,1,1,0
675_7725,675,7725,0.0,0.0,1.0,1,1,0
675_7751,675,7751,0.0,0.0,1.0,1,1,0
675_7752,675,7752,0.0,0.0,1.0,1,1,0
675_7753,675,7753,0.0,0.0,1.0,1,1,0
675_7768,675,7768,0.0,0.0,1.0,1,1,0
675_9708,675,9708,0.0,0.0,4.0,1,1,0
675_9741,675,9741,0.12628564509102883,0.0,3.1666666666666665,5,12,1
679_7779,679,7779,0.0,0.0,1.0,1,1,0
679_7815,679,7815,0.0,0.0,7.0,1,1,0
693_6936,693,6936,0.0,0.0,1.0,1,1,0
698_6925,698,6925,0.0,0.0,1.0,1,1,0
698_7059,698,7059,0.0,0.0,2.0,1,1,0
724_7755,724,7755,0.0,0.0,4.0,1,1,0
7663_1232,7663,1232,0.0,0.0,2.0,1,1,0
7700_1300,7700,1300,0.0,0.0,1.0,1,1,0
7701_1301,7701,1301,0.0,0.0,0.0,1,1,0
7701_7755,7701,7755,0.0,0.0,1.0,1,1,0
7705_1304,7705,1304,0.0,0.0,0.0,1,1,0
7712_1123,7712,1123,0.0,0.0,0.0,1,1,0
7714_1385,7714,1385,0.0,0.0,0.0,1,1,0
7715_1254,7715,1254,0.0,0.0,1.0,1,1,0
7716_1314,7716,1314,0.0,0.0,1.0,1,1,0
7721_1214,7721,1214,0.0,0.0,0.0,1,1,0
7721_1224,7721,1224,0.18312861600116534,0.0,0.6666666666666666,3,3,0
7721_1225,7721,1225,0.0,0.0,2.0,1,1,0
7721_1235,7721,1235,0.0,0.0,0.0,1,1,0
7721_1236,7721,1236,0.0,0.0,1.0,1,1,0
7725_1200,7725,1200,0.0,0.0,3.0,1,1,0
7725_1212,7725,1212,0.0,0.0,0.0,1,1,0
7730_1301,7730,1301,0.0,0.0,1.0,1,1,0
7730_1302,7730,1302,0.0,0.0,2.0,1,1,0
7731_1754,7731,1754,0.0,0.0,0.0,1,1,0
7732_1236,7732,1236,0.0005011463976638319,0.0,1.0,3,3,0
7732_1259,7732,1259,0.0,0.0,0.0,1,1,0
7733_1211,7733,1211,0.0,0.0,1.0,1,1,0
7733_1252,7733,1252,0.0,0.0,1.0,1,1,0
7733_1257,7733,1257,9.253005987909524e-07,0.0,0.5,2,2,0
7733_1258,7733,1258,0.0,0.0,1.0,1,1,0
7733_1259,7733,1259,0.2744058180470132,0.0,3.5,2,2,0
7733_1301,7733,1301,0.2370740916218397,0.0,1.5833333333333333,10,12,1
7733_1302,7733,1302,0.00555449826912115,0.0,4.0,1,2,0
7734_1257,7734,1257,0.2739121778636414,0.0,1.6,4,5,0
7734_1258,7734,1258,0.38749773071331256,0.0,1.0909090909090908,6,11,1
7734_1259,7734,1259,1.0330453035760616,0.0,1.3181818181818181,13,22,1
7734_1300,7734,1300,0.4852748135086396,0.0,2.3333333333333335,12,24,1
7734_1301,7734,1301,0.08264944411079325,0.0,1.0,2,2,0
7734_1302,7734,1302,0.0,0.0,0.0,1,1,0
7734_1306,7734,1306,0.0,0.0,3.0,1,1,0
7735_1252,7735,1252,0.0,0.0,2.0,1,1,0
7735_1255,7735,1255,0.0,0.0,1.0,1,1,0
7735_1257,7735,1257,0.049319485941545345,0.0,1.8,5,5,0
7735_1300,7735,1300,0.00915781944436705,0.0,1.5,2,2,0
7735_1301,7735,1301,0.6127107258004586,0.0,2.0,11,17,1
7735_7735,7735,7735,0.0,0.0,1.0,1,1,0
7736_1225,7736,1225,0.2520861480247646,0.0,1.0,3,4,0
7736_1254,7736,1254,1.4019637542207343e-12,0.0,0.0,2,2,0
7736_1255,7736,1255,0.0,0.0,0.0,1,1,0
7736_1256,7736,1256,0.0,0.0,0.0,1,1,0
7736_1257,7736,1257,0.762031439619354,0.0,1.2926829268292683,23,41,1
7736_1258,7736,1258,0.5822930231725061,0.0,1.1891891891891893,15,37,1
7736_1301,7736,1301,0.4148293898091118,0.0,0.5,5,6,0
7736_7734,7736,7734,0.0,0.0,0.0,1,1,0
7737_12,7737,12,0.0,0.0,4.0,1,1,0
7737_1250,7737,1250,0.0,0.0,0.0,1,1,0
7737_1254,7737,1254,0.0,0.0,0.0,1,1,0
7737_1257,7737,1257,0.22344077865869452,0.0,0.6666666666666666,3,3,0
7737_1259,7737,1259,0.0,0.0,2.0,1,1,0
7737_1353,7737,1353,0.0,0.0,0.0,1,1,0
7738_1252,7738,1252,0.0,0.0,1.0,1,1,0
7738_1255,7738,1255,0.0,0.0,3.0,1,1,0
7739_1313,7739,1313,0.0,0.0,0.0,1,1,0
773_125,773,125,0.0,0.0,0.0,1,1,0
7741_1215,7741,1215,0.0,0.0,1.0,1,1,0
7741_1315,7741,1315,0.0,0.0,1.0,1,1,0
7742_1211,7742,1211,0.5933380393935217,0.0,1.0,2,5,0
7742_1212,7742,1212,0.0,0.0,1.0,1,1,0
7742_1257,7742,1257,0.0,0.0,4.0,1,1,0
7742_1300,7742,1300,0.0,0.0,0.0,1,1,0
7743_1314,7743,1314,0.0,0.0,0.0,1,1,0
7744_1212,7744,1212,0.1827972004925733,0.0,1.0,2,4,0
7744_1253,7744,1253,0.0,0.0,0.0,1,1,0
7744_1259,7744,1259,0.0,0.0,1.0,1,1,0
7745_1240,7745,1240,0.0,0.0,1.0,1,1,0
7745_1303,7745,1303,0.0,0.0,0.0,1,1,0
7746_1290,7746,1290,0.0,0.0,1.0,1,1,0
7747_1290,7747,1290,0.00013732678498605,0.0,1.5,2,2,0
7747_1291,7747,1291,0.0,0.0,1.0,1,1,0
7748_1219,7748,1219,0.0,0.0,1.0,1,1,0
7748_1290,7748,1290,0.00016773131395125,0.0,1.0,2,2,0
7748_1291,7748,1291,4.6743788233336995e-91,0.0,0.0,1,2,0
7748_1292,7748,1292,0.19025633414735085,0.0,1.5714285714285714,5,7,0
7748_1294,7748,1294,0.0,0.0,0.0,1,1,0
7748_1302,7748,1302,0.16174852189955546,0.0,1.0,4,5,0
7748_1303,7748,1303,0.0,0.0,1.0,1,1,0
7748_1304,7748,1304,8.473759209550526e-09,0.0,2.0,4,4,0
7748_1308,7748,1308,0.0,0.0,0.0,1,1,0
7749_1290,7749,1290,0.0,0.0,0.0,1,1,0
7749_1291,7749,1291,0.08264944411079325,0.0,0.5,2,2,0
7749_1292,7749,1292,0.0743767200494766,0.0,2.0,3,3,0
7749_1293,7749,1293,1.917072725219241e-17,0.0,3.5,2,2,0
7749_1294,7749,1294,0.0,0.0,0.0,1,1,0
7749_1295,7749,1295,0.0,0.0,0.0,1,1,0
7749_1296,7749,1296,0.0,0.0,5.0,1,1,0
7749_1302,7749,1302,0.11893590063314353,0.0,1.3333333333333333,7,9,0
7749_1303,7749,1303,9.024256939227078e-36,0.0,0.0,2,2,0
7749_1304,7749,1304,0.00030773053105013094,0.0,1.75,3,4,0
7749_1306,7749,1306,0.0,0.0,1.0,1,1,0
7750_1290,7750,1290,0.0,0.0,1.0,1,1,0
7750_1291,7750,1291,0.0,0.0,1.0,1,1,0
7750_1295,7750,1295,0.0,0.0,0.0,1,1,0
7750_1298,7750,1298,0.0,0.0,0.0,1,1,0
7750_1299,7750,1299,6.883799944082635e-86,0.0,8.5,2,2,0
7750_1300,7750,1300,3.5260981965211535e-98,0.0,0.0,2,2,0
7750_1301,7750,1301,1.24543312662842e-07,0.0,0.3333333333333333,3,3,0
7750_1302,7750,1302,0.0934507995709239,0.0,3.3333333333333335,6,9,0
7750_1303,7750,1303,2.52915024827954e-05,0.0,2.1666666666666665,6,6,0
7750_1304,7750,1304,0.07675139182906363,0.0,0.125,7,8,0
7750_1305,7750,1305,0.002245982333028467,0.0,2.3333333333333335,3,3,0
7750_1306,7750,1306,0.0,0.0,1.0,1,1,0
7750_1307,7750,1307,0.0,0.0,3.0,1,1,0
7750_1395,7750,1395,1.0466862427596882e-15,0.0,0.5,2,2,0
7750_7750,7750,7750,2.394472099987968e-23,0.0,3.0,4,4,0
7751_1293,7751,1293,0.3568269343075023,0.0,0.8571428571428571,3,7,0
7751_1295,7751,1295,0.0,0.0,0.0,1,1,0
7751_1298,7751,1298,0.0004103132292215741,0.0,1.0,3,3,0
7751_1300,7751,1300,0.0,0.0,0.0,1,1,0
7751_1302,7751,1302,2.592017821057482e-95,0.0,0.5,2,2,0
7751_1303,7751,1303,1.53649685298279e-15,0.0,2.0,4,5,0
7751_1304,7751,1304,0.14520849920540171,0.0,1.2857142857142858,7,7,0
7751_1305,7751,1305,3.042993187585967e-41,0.0,0.5,2,2,0
7751_1307,7751,1307,5.1309398158509444e-11,0.0,0.0,2,2,0
7751_1308,7751,1308,0.0,0.0,0.0,1,1,0
7751_7751,7751,7751,0.0,0.0,5.0,1,1,0
7752_1290,7752,1290,0.0021642478637185483,0.0,2.2857142857142856,6,7,0
7752_1293,7752,1293,0.20824664237361853,0.0,0.16666666666666666,6,6,0
7752_1294,7752,1294,0.25317967841520556,0.0,0.4375,13,16,1
7752_1295,7752,1295,6.250764331933713e-10,0.0,0.5,2,2,0
7752_1296,7752,1296,0.10164241493514978,0.0,1.75,4,4,0
7752_1297,7752,1297,0.38173640600912606,0.0,0.4,4,5,0
7752_1298,7752,1298,3.1525583800734946e-16,0.0,0.5,2,2,0
7752_1299,7752,1299,0.015119660621379026,0.0,0.8333333333333334,4,6,0
7752_1300,7752,1300,0.15366936408213316,0.0,1.5833333333333333,9,12,1
7752_1301,7752,1301,0.09195285311311427,0.0,0.9230769230769231,9,13,1
7752_1302,7752,1302,0.004990142105615922,0.0,1.6,4,5,0
7752_1303,7752,1303,0.19269468116576738,0.0,1.25,8,8,0
7752_1304,7752,1304,0.15432831643422681,0.0,1.4285714285714286,13,28,1
7752_1305,7752,1305,0.001051537571628935,0.0,1.8333333333333333,6,6,0
7752_1306,7752,1306,0.19761248134464493,0.0,1.1111111111111112,8,9,0
7752_1307,7752,1307,0.3399519796175222,0.0,1.25,19,40,1
7752_1352,7752,1352,0.0,0.0,1.0,1,1,0
7752_6931,7752,6931,0.0,0.0,0.0,1,1,0
7752_7752,7752,7752,0.24693940689390595,0.0,0.0,2,3,0
7752_7795,7752,7795,0.0,0.0,1.0,1,1,0
7753_1289,7753,1289,0.0,0.0,2.0,1,1,0
7753_1290,7753,1290,0.31995325659386636,0.0,1.8064516129032258,33,62,2
7753_1291,7753,1291,0.18418307844111356,0.0,1.75,21,40,1
7753_1292,7753,1292,0.0,0.0,0.0,1,1,0
7753_1293,7753,1293,1.2473742331013045,0.0,0.8571428571428571,3,7,0
7753_1294,7753,1294,0.9052833335556607,0.0,1.4444444444444444,10,18,1
7753_1295,7753,1295,0.4693826382229104,0.0,1.2142857142857142,10,14,1
7753_1296,7753,1296,0.18730525579175908,0.0,2.1666666666666665,5,6,0
7753_1297,7753,1297,0.3735756275736577,0.0,0.3333333333333333,5,6,0
7753_1298,7753,1298,0.19188205102334863,0.0,2.6666666666666665,5,6,0
7753_1299,7753,1299,0.06778306405830094,0.0,0.8333333333333334,5,6,0
7753_1300,7753,1300,0.7018153700888055,0.0,1.446808510638298,25,47,2
7753_1301,7753,1301,0.039682701222639456,0.0,1.7,8,10,0
7753_1302,7753,1302,0.5120801484891262,0.0,1.6896551724137931,20,29,1
7753_1303,7753,1303,0.2654557864551315,0.0,1.25,22,28,1
7753_1305,7753,1305,0.3408788440100001,0.0,1.2419354838709677,26,62,2
7753_1306,7753,1306,0.08291059620270334,0.0,1.2083333333333333,19,24,1
7753_1307,7753,1307,0.014021158123411948,0.0,3.0,11,15,1
7753_1308,7753,1308,0.030215582034079636,0.0,0.8,8,10,0
7753_1309,7753,1309,0.11326562640125316,0.0,2.4444444444444446,5,9,0
7753_1325,7753,1325,0.0,0.0,2.0,1,1,0
7753_1326,7753,1326,0.0,0.0,0.0,1,1,0
7753_7753,7753,7753,0.0,0.0,0.0,1,1,0
7754_1211,7754,1211,0.3051151921212102,0.0,1.3333333333333333,2,3,0
7754_1214,7754,1214,0.0,0.0,1.0,1,1,0
7754_1288,7754,1288,0.01834111709009352,0.0,1.6666666666666667,2,3,0
7754_1289,7754,1289,0.2343024745715185,0.0,0.8709677419354839,15,31,1
7754_1290,7754,1290,0.5269666326073015,0.0,1.2727272727272727,35,99,2
7754_1291,7754,1291,0.6208358002897509,0.0,1.0,25,75,2
7754_1292,7754,1292,0.0,0.0,1.0,1,1,0
7754_1294,7754,1294,1.1394581594257853,0.0,1.1304347826086956,15,23,1
7754_1295,7754,1295,1.5152169365597654,0.0,0.8163265306122449,25,49,2
7754_1296,7754,1296,0.009177583443181566,0.0,1.0,3,3,0
7754_1297,7754,1297,0.0,0.0,0.0,1,1,0
7754_1298,7754,1298,0.0018388548069202335,0.0,2.0,3,3,0
7754_1299,7754,1299,0.8068931241930333,0.0,1.5625,12,16,1
7754_1300,7754,1300,0.6862438173198736,0.0,1.4583333333333333,25,48,2
7754_1301,7754,1301,0.4032486420480392,0.0,2.111111111111111,21,27,1
7754_1302,7754,1302,0.65066770947105,0.0,1.4594594594594594,22,37,1
7754_1303,7754,1303,0.020383393548672447,0.0,1.7727272727272727,14,22,1
7754_1304,7754,1304,0.10110579767259134,0.0,2.1,7,10,0
7754_1305,7754,1305,0.0892115035467171,0.0,0.9473684210526315,15,19,1
7754_1306,7754,1306,1.8675988125124225e-09,0.0,1.6666666666666667,3,3,0
7754_1307,7754,1307,0.17078453651743117,0.0,1.6875,10,16,1
7754_1308,7754,1308,0.0009101446775905646,0.0,0.7777777777777778,8,9,0
7754_1321,7754,1321,0.0,0.0,3.0,1,1,0
7754_1325,7754,1325,0.0,0.0,2.0,1,1,0
7754_1365,7754,1365,0.0,0.0,1.0,1,1,0
7754_1399,7754,1399,0.0,0.0,0.0,1,1,0
7755_1214,7755,1214,0.1115650800742149,0.0,1.0,2,2,0
7755_1240,7755,1240,5.631120225466556,0.0,1.0462962962962963,4,108,2
7755_1287,7755,1287,0.01680167765517461,0.0,1.0,4,4,0
7755_1288,7755,1288,0.4091416534490789,0.0,1.12,21,50,2
7755_1289,7755,1289,0.3323730719673235,0.0,1.7551020408163265,25,49,2
7755_1290,7755,1290,0.5511932394519217,0.0,1.2087912087912087,32,91,2
7755_1291,7755,1291,0.4468054586855483,0.0,1.3209876543209877,26,81,2
7755_1292,7755,1292,0.0,0.0,0.0,1,1,0
7755_1295,7755,1295,0.5883408703004108,0.0,0.6363636363636364,9,11,1
7755_1296,7755,1296,0.3556433198251526,0.0,1.6111111111111112,11,18,1
7755_1297,7755,1297,0.06541276123814153,0.0,0.875,6,8,0
7755_1298,7755,1298,0.16581638243933006,0.0,1.4666666666666666,11,15,1
7755_1299,7755,1299,0.2112329108311037,0.0,1.1764705882352942,9,17,1
7755_1300,7755,1300,0.7846349788204416,0.0,0.8936170212765957,21,47,2
7755_1301,7755,1301,0.4961217964177304,0.0,1.9753086419753085,46,81,2
7755_1302,7755,1302,1.132891307439952,0.0,1.4262948207171315,60,251,2
7755_1303,7755,1303,1.2644699717796655,0.0,1.596958174904943,57,263,2
7755_1304,7755,1304,3.483088447870688e-18,0.0,1.0,3,3,0
7755_1305,7755,1305,0.018341073352135733,0.0,3.0,3,3,0
7755_1308,7755,1308,3.814229644867906e-05,0.0,1.6666666666666667,3,3,0
7755_1309,7755,1309,0.0,0.0,2.0,1,1,0
7755_1321,7755,1321,0.0,0.0,1.0,1,1,0
7755_1337,7755,1337,0.0,0.0,10.0,1,1,0
7755_7755,7755,7755,0.003475019415456357,0.0,0.7142857142857143,6,7,0
7756_1209,7756,1209,0.0,0.0,0.0,1,1,0
7756_1240,7756,1240,0.06122821412649095,0.0,1.0,2,2,0
7756_1285,7756,1285,0.0,0.0,1.0,1,1,0
7756_1287,7756,1287,0.15080623648009028,0.0,1.5,6,6,0
7756_1288,7756,1288,0.38270120682111736,0.0,1.3392857142857142,23,56,2
7756_1289,7756,1289,0.2467537163604259,0.0,0.9090909090909091,16,33,1
7756_1290,7756,1290,0.38953339582591606,0.0,1.6666666666666667,13,18,1
7756_1291,7756,1291,0.20713621519578526,0.0,1.105263157894737,8,19,1
7756_1293,7756,1293,2.757468857571778e-05,0.0,1.0,3,3,0
7756_1294,7756,1294,0.4300209305553238,0.0,0.875,7,16,1
7756_1295,7756,1295,7.814410946674944e-19,0.0,1.5,2,2,0
7756_1296,7756,1296,0.16956176005875453,0.0,1.4666666666666666,12,15,1
7756_1297,7756,1297,0.04840512003450131,0.0,0.5,5,6,0
7756_1298,7756,1298,0.0,0.0,4.0,1,1,0
7756_1299,7756,1299,0.34002733470281254,0.0,0.8571428571428571,9,14,1
7756_1300,7756,1300,0.3462651964802755,0.0,0.8421052631578947,11,19,1
7756_1301,7756,1301,0.0177117009743066,0.0,0.5,6,8,0
7756_1302,7756,1302,0.3314540116771935,0.0,1.64,27,50,2
7756_1303,7756,1303,0.48510960950212223,0.0,1.1794871794871795,33,78,2
7756_1304,7756,1304,0.20510404222512923,0.0,3.7777777777777777,8,9,0
7756_1305,7756,1305,0.0,0.0,4.0,1,1,0
7756_1306,7756,1306,0.0,0.0,1.0,1,1,0
7756_1309,7756,1309,0.0,0.0,1.0,1,1,0
7756_1325,7756,1325,0.0225246011967789,0.0,4.5,2,2,0
7756_288,7756,288,0.0,0.0,2.0,1,1,0
7756_7756,7756,7756,0.04939022956377663,0.0,1.0,7,7,0
7757_1221,7757,1221,0.5,0.0,1.0,1,2,0
7757_1242,7757,1242,0.0,0.0,1.0,1,1,0
7757_1257,7757,1257,0.0,0.0,0.0,1,1,0
7757_1286,7757,1286,0.0,0.0,0.0,1,1,0
7757_1287,7757,1287,0.7945554300081792,0.0,0.9333333333333333,7,15,1
7757_1288,7757,1288,0.5394290084535044,0.0,0.9152542372881356,24,59,2
7757_1289,7757,1289,0.19833943266026002,0.0,2.05,13,20,1
7757_1290,7757,1290,0.6728184406977814,0.0,1.206896551724138,12,29,1
7757_1291,7757,1291,0.39402731027819116,0.0,0.75,5,8,0
7757_1293,7757,1293,0.8772347235006798,0.0,1.5172413793103448,17,29,1
7757_1294,7757,1294,1.352418973434248,0.0,1.2173913043478262,19,46,2
7757_1295,7757,1295,0.0008891710448435325,0.0,0.8888888888888888,8,9,0
7757_1296,7757,1296,0.3045226435729843,0.0,1.1428571428571428,12,21,1
7757_1297,7757,1297,0.43406235522842124,0.0,1.0769230769230769,22,39,1
7757_1298,7757,1298,0.15163266492816763,0.0,1.25,4,4,0
7757_1299,7757,1299,0.17174369001343404,0.0,0.9166666666666666,8,12,1
7757_1300,7757,1300,0.4178042188614503,0.0,0.9473684210526315,12,19,1
7757_1301,7757,1301,0.1754878251137218,0.0,1.8,9,10,0
7757_1302,7757,1302,0.09182587580528702,0.0,1.6363636363636365,10,11,1
7757_1303,7757,1303,0.652460832590447,0.0,1.2142857142857142,16,28,1
7757_1304,7757,1304,0.6998685516253054,0.0,1.8275862068965518,14,29,1
7757_1307,7757,1307,0.0,0.0,2.0,1,1,0
7757_1309,7757,1309,0.0,0.0,1.0,1,1,0
7757_1345,7757,1345,0.0,0.0,0.0,1,1,0
7757_304,7757,304,0.0,0.0,0.0,1,1,0
7757_7757,7757,7757,7.647558012545645e-08,0.0,0.75,4,4,0
7758_1218,7758,1218,0.0,0.0,1.0,1,1,0
7758_1259,7758,1259,0.0,0.0,0.0,1,1,0
7758_1281,7758,1281,0.0,0.0,2.0,1,1,0
7758_1286,7758,1286,0.39394620649646,0.0,1.1153846153846154,15,26,1
7758_1287,7758,1287,0.4371398839820228,0.0,0.6896551724137931,15,29,1
7758_1288,7758,1288,0.15156756637077343,0.0,1.6470588235294117,12,17,1
7758_1289,7758,1289,0.12668940899662826,0.0,1.5333333333333334,12,15,1
7758_1292,7758,1292,0.0,0.0,1.0,1,1,0
7758_1294,7758,1294,0.0,0.0,0.0,1,1,0
7758_1295,7758,1295,0.4044245484774567,0.0,2.0689655172413794,17,29,1
7758_1296,7758,1296,0.20722676573160526,0.0,1.25,8,16,1
7758_1297,7758,1297,3.250928023108985e-30,0.0,7.0,3,3,0
7758_1299,7758,1299,0.002043385719232,0.0,0.0,2,2,0
7758_1300,7758,1300,0.005592692964041426,0.0,1.0,4,4,0
7758_1301,7758,1301,0.0,0.0,2.0,1,1,0
7758_1302,7758,1302,0.14262339368411964,0.0,0.8888888888888888,8,9,0
7758_1303,7758,1303,0.09865286540904569,0.0,0.875,7,8,0
7758_1304,7758,1304,0.0010091850688912424,0.0,3.0,3,3,0
7758_1364,7758,1364,0.0,0.0,0.0,1,1,0
7758_7758,7758,7758,0.0,0.0,1.0,1,1,0
7759_1259,7759,1259,0.0,0.0,2.0,1,1,0
7759_1290,7759,1290,0.0,0.0,0.0,1,1,0
7759_1291,7759,1291,4.922409477277983e-111,0.0,3.0,2,2,0
7759_1295,7759,1295,0.03828836323646875,0.0,0.9090909090909091,8,11,1
7759_1296,7759,1296,0.7774139612209825,0.0,1.3676470588235294,24,68,2
7759_1297,7759,1297,0.7449514396477118,0.0,1.2988505747126438,35,87,2
7759_1298,7759,1298,0.1410642557157125,0.0,1.4210526315789473,14,19,1
7759_1299,7759,1299,0.0,0.0,0.0,1,1,0
7759_1300,7759,1300,0.0,0.0,2.0,1,1,0
7759_1301,7759,1301,4.197074031433253e-08,0.0,0.75,4,4,0
7759_1302,7759,1302,0.0,0.0,1.0,1,1,0
7759_1303,7759,1303,0.09811086257915745,0.0,2.2857142857142856,12,14,1
7759_1304,7759,1304,1.023452795275736e-45,0.0,0.0,2,2,0
7759_7735,7759,7735,0.0,0.0,2.0,1,1,0
775_1301,775,1301,0.0,0.0,0.0,1,1,0
7760_1289,7760,1289,0.6033099386524593,0.0,2.4,3,5,0
7760_1290,7760,1290,0.0,0.0,0.0,1,1,0
7760_1291,7760,1291,0.0,0.0,0.0,1,1,0
7760_1292,7760,1292,0.0,0.0,1.0,1,1,0
7760_1293,7760,1293,0.0030483732827578,0.0,2.0,1,2,0
7760_1294,7760,1294,0.016801378184937425,0.0,1.0,4,4,0
7760_1295,7760,1295,1.058393869553292,0.0,1.472972972972973,29,74,2
7760_1296,7760,1296,1.353650032075231,0.0,2.6258503401360542,39,147,2
7760_1297,7760,1297,1.3947634374790303,0.0,1.8361581920903955,43,177,2
7760_1298,7760,1298,1.1508274121330115,0.0,1.492537313432836,24,67,2
7760_1299,7760,1299,7.125820413704677e-22,0.0,1.5,2,2,0
7760_1302,7760,1302,6.239732314564755e-48,0.0,1.0,2,2,0
7760_1303,7760,1303,0.07709257809143197,0.0,1.6363636363636365,9,11,1
7760_1310,7760,1310,3.144419248230808e-15,0.0,3.0,2,2,0
7760_1313,7760,1313,0.0,0.0,0.0,1,1,0
7760_7760,7760,7760,0.0,0.0,4.0,1,1,0
7761_1218,7761,1218,0.0,0.0,1.0,1,1,0
7761_1293,7761,1293,1.5033131607819165e-39,0.0,0.5,2,2,0
7761_1295,7761,1295,1.0065866276261028,0.0,1.194915254237288,33,118,2
7761_1296,7761,1296,0.33090955022560603,0.0,0.9302325581395349,19,43,1
7761_1297,7761,1297,0.4182338802205479,0.0,1.3846153846153846,23,52,2
7761_1298,7761,1298,0.1414032829181444,0.0,1.2857142857142858,11,14,1
7761_1299,7761,1299,0.0,0.0,4.0,1,1,0
7761_1307,7761,1307,0.0,0.0,0.0,1,1,0
7761_1313,7761,1313,0.0,0.0,0.0,1,1,0
7761_7761,7761,7761,0.0,0.0,1.0,1,1,0
7762_1293,7762,1293,2.2995276893261583e-10,0.0,1.5,2,2,0
7762_1294,7762,1294,0.4017720341964854,0.0,1.5555555555555556,8,9,0
7762_1295,7762,1295,6.315734891232191e-14,0.0,0.5,2,2,0
7762_1296,7762,1296,0.002261831789550425,0.0,0.0,2,4,0
7762_1297,7762,1297,0.25892488919688844,0.0,0.125,5,8,0
7762_1298,7762,1298,0.10041983297269265,0.0,1.0,3,3,0
7762_1301,7762,1301,0.0,0.0,0.0,1,1,0
7762_1399,7762,1399,0.0,0.0,2.0,1,1,0
7763_1292,7763,1292,0.0,0.0,0.0,1,1,0
7763_1293,7763,1293,0.0451117610788709,0.0,0.3333333333333333,3,3,0
7763_1294,7763,1294,0.0,0.0,5.0,1,1,0
7763_1295,7763,1295,0.16643554184903975,0.0,0.0,1,2,0
7763_1296,7763,1296,0.0,0.0,0.0,1,1,0
7763_1299,7763,1299,0.10670283754678574,0.0,1.1333333333333333,8,15,1
7763_1300,7763,1300,0.4276341113521538,0.0,0.8333333333333334,5,6,0
7763_1301,7763,1301,0.6775131380800931,0.0,1.3333333333333333,7,9,0
7763_1302,7763,1302,0.3192126764370683,0.0,0.25,4,4,0
7763_1305,7763,1305,0.0,0.0,2.0,1,1,0
7763_1311,7763,1311,0.0,0.0,1.0,1,1,0
7764_1296,7764,1296,0.0,0.0,4.0,1,1,0
7764_1297,7764,1297,0.0,0.0,0.0,1,1,0
7764_1298,7764,1298,0.31621196688075515,0.0,1.2321428571428572,25,56,2
7764_1299,7764,1299,0.3509537621689355,0.0,1.3255813953488371,18,43,1
7764_1300,7764,1300,0.22345137324503872,0.0,0.0,2,3,0
7764_1301,7764,1301,1.2313402610482977,0.0,0.25,6,8,0
7765_1295,7765,1295,0.0,0.0,0.0,1,1,0
7765_1297,7765,1297,0.08641443422598355,0.0,1.2727272727272727,8,11,1
7765_1298,7765,1298,0.2186949633284414,0.0,1.0416666666666667,13,24,1
7765_1299,7765,1299,0.30052545518545337,0.0,0.8225806451612904,31,62,2
7765_1300,7765,1300,0.0,0.0,1.0,1,1,0
7765_1301,7765,1301,0.2355210529147539,0.0,0.75,4,4,0
7765_1302,7765,1302,0.0,0.0,0.0,1,1,0
7765_1396,7765,1396,0.0,0.0,0.0,1,1,0
7765_7765,7765,7765,0.0,0.0,0.0,1,1,0
7766_1278,7766,1278,0.0,0.0,1.0,1,1,0
7766_1297,7766,1297,0.31989641703056615,0.0,1.3137254901960784,26,51,2
7766_1298,7766,1298,0.2798024278877338,0.0,1.0784313725490196,28,51,2
7766_1299,7766,1299,0.41698882468432763,0.0,1.1549295774647887,31,71,2
7766_1300,7766,1300,0.0067473038152681,0.0,0.3333333333333333,2,3,0
7766_1354,7766,1354,0.0,0.0,2.0,1,1,0
7766_7766,7766,7766,0.0,0.0,1.0,1,1,0
7767_1221,7767,1221,0.0203811019891831,0.0,1.0,2,2,0
7767_1297,7767,1297,0.252736063581468,0.0,1.1016949152542372,24,59,2
7767_1298,7767,1298,0.1302985221875652,0.0,0.8823529411764706,18,34,1
7767_1301,7767,1301,0.0005568875739224,0.0,1.5,2,2,0
7767_1302,7767,1302,0.0,0.0,0.0,1,1,0
7768_1222,7768,1222,0.003144596951718767,0.0,1.0,1,3,0
7768_1277,7768,1277,0.01360627308713429,0.0,1.6666666666666667,8,9,0
7768_1297,7768,1297,0.08219898798053547,0.0,0.3333333333333333,3,3,0
7768_1298,7768,1298,0.0002694892282025696,0.0,2.857142857142857,6,7,0
7768_1300,7768,1300,0.20218583050234076,0.0,0.3333333333333333,3,3,0
7768_1301,7768,1301,0.5064325022444001,0.0,0.7,7,10,0
7768_1302,7768,1302,0.22780838432451028,0.0,0.25,4,4,0
7768_1322,7768,1322,0.0,0.0,0.0,1,1,0
7769_1300,7769,1300,0.8584956225072476,0.0,0.35714285714285715,11,14,1
7769_1301,7769,1301,0.07315798631651624,0.0,1.0,3,3,0
7769_1302,7769,1302,0.5697089690408269,0.0,0.8,7,10,0
7769_1303,7769,1303,0.0,0.0,0.0,1,1,0
7769_7769,7769,7769,0.0,0.0,0.0,1,1,0
7770_1300,7770,1300,0.0,0.0,0.0,1,1,0
7770_1301,7770,1301,0.3024762326587269,0.0,1.6666666666666667,3,3,0
7770_1302,7770,1302,0.0002861116616582,0.0,2.6666666666666665,3,3,0
7770_1324,7770,1324,0.2500000419707139,0.0,7.5,1,4,0
7771_1288,7771,1288,0.0,0.0,0.0,1,1,0
7771_1293,7771,1293,0.0,0.0,0.0,1,1,0
7771_1294,7771,1294,0.0,0.0,1.0,1,1,0
7771_1298,7771,1298,0.0,0.0,1.0,1,1,0
7771_1300,7771,1300,0.10561460145093515,0.0,0.0,4,4,0
7771_1301,7771,1301,0.16997604367405245,0.0,0.0,4,4,0
7771_1303,7771,1303,0.0,0.0,1.0,1,1,0
7771_1324,7771,1324,0.11095885774862448,0.0,0.6666666666666666,3,3,0
7771_1325,7771,1325,0.0,0.0,2.0,1,1,0
7771_7771,7771,7771,0.0,0.0,0.0,1,1,0
7772_1288,7772,1288,3.74259149438503e-05,0.0,2.0,2,2,0
7772_1290,7772,1290,0.0,0.0,0.0,1,1,0
7772_1295,7772,1295,0.5,0.0,3.0,1,2,0
7773_1289,7773,1289,0.0,0.0,0.0,1,1,0
7773_1291,7773,1291,0.00022641359144335,0.0,0.0,1,2,0
7774_1292,7774,1292,0.002043385719232,0.0,0.5,2,2,0
7774_1293,7774,1293,0.00837519958828005,0.0,1.0,4,4,0
7774_1294,7774,1294,0.0,0.0,0.0,1,1,0
7774_1295,7774,1295,0.0001517695690394,0.0,1.5,2,2,0
7774_1322,7774,1322,0.0,0.0,3.0,1,1,0
7774_1385,7774,1385,0.0,0.0,0.0,1,1,0
7774_7774,7774,7774,0.0,0.0,1.0,1,1,0
7775_1293,7775,1293,0.0,0.0,2.0,1,1,0
7777_1257,7777,1257,0.0,0.0,3.0,1,1,0
7777_1296,7777,1296,0.0,0.0,0.0,1,1,0
7777_1303,7777,1303,0.0,0.0,0.0,1,1,0
7778_1212,7778,1212,0.0,0.0,1.0,1,1,0
7790_1295,7790,1295,0.0,0.0,0.0,1,1,0
7795_1232,7795,1232,0.0,0.0,1.0,1,1,0
7795_1304,7795,1304,4.3332158561343606e-23,0.0,1.0,2,2,0
7797_1261,7797,1261,0.0,0.0,0.0,1,1,0
7798_1260,7798,1260,0.0,0.0,1.0,1,1,0
7850_1354,7850,1354,0.0,0.0,1.0,1,1,0
823_6825,823,6825,0.0,0.0,2.0,1,1,0
828_8824,828,8824,0.0,0.0,0.0,1,1,0
832_8835,832,8835,0.0,0.0,0.0,1,1,0
940_5599,940,5599,2.8268595576401343,0.0,0.9788732394366197,4,284,2
9526_3895,9526,3895,0.0,0.0,3.0,1,1,0
