Grid_ID,UnitName,Village_Area_Name
100_7761,Hulimavu Traffic PS,hulimavu
1033_7799,Basaveshwara Nagar PS,Kaveri Nagar
1074_7911,Jayanagar PS,Eighth Block Jayanagar
1079_7878,Byadarahalli PS,Tigalarapalya
1115_7907,Kempapura Agrahara PS,Magadi Road
11295_7753,Chandra Layout PS,INDIRA COLONY
11299_7760,J.C. Nagar PS,BENSON TOWN
1151_7735,Hulimavu PS,GOTTIGERE
1159_7734,High Grounds PS,RACE COURSE ROAD
1194_7866,Cyber Crime Police Station,Bengaluru city
1200_7700,Malleshwaram PS,Malleswaram
1200_7725,Malleshwaram PS,MALLESHWARA
1200_7755,Jagajeevanram Nagar PS,Narasimhaiah Compound
1201_7712,Subramanyapura PS,CHUNCHGHTTA
1201_7725,Malleshwaram PS,Malleswaram
1201_7734,Malleshwaram PS,Malleshwara
1201_7746,High Grounds PS,RACE COURSE ROAD
1201_7759,Hulimavu PS,T RAMAIAH GARDEN
1202_7723,Rajajinagar Traffic PS,RAJAJINAGARA
1202_7725,Malleshwaram PS,MALLESHWARA
1202_7734,Malleshwaram PS,MALLESHWARA
1202_7751,Malleshwaram PS,MALLESHWARA
1202_7772,Kalasipalya PS,HAMEEDKHAN GARDEN
1203_7702,Hulimavu PS,HULIMAVU GATE
1203_7756,Siddapura PS,T MARIYAPPA ROAD
1203_7762,Marathahalli PS,DEVARABISANA HALLI
1204_7761,Byatarayanapura  PS,Narasimhaiah Colony
1205_7703,Subramanyapura PS,CHUNCHGHTTA
1205_7725,Kamakshipalya Traffic PS,Nice Road
1206_7713,High Grounds PS,CHAKRAVARTHI LAYOUT
1206_7757,Kumaraswamy Layout PS,Isro Layout
1208_7754,Subramanyapura PS,SATYAMMANAKUTE
1208_7760,Madivala PS,OTHER
1209_6817,Cubbon Park PS,St. Marks Road
1209_7703,Cubbon Park PS,RHP ROAD
1209_7705,Subramanyapura PS,CHIKKALLASANDRA
1209_7706,Ashoknagar PS,Richmond town
1209_7736,Mico Layout PS,BTM SECOND STAGE
1209_7750,Mico Layout PS,BTM SECOND STAGE
1209_7753,Subramanyapura PS,BRANDAVAN LAYOUT
1209_7754,Subramanyapura PS,RAMACHANDRAPURA
1209_7755,Subramanyapura PS,BHCS LAYOUT
1209_7756,Basaveshwara Nagar PS,BEML LAYOUT
1209_7760,East CEN Crime PS,East Division PS Jurisdiction
1209_7771,K.R.Puram Traffic PS,BASAVA NAGARA
1209_7799,Basaveshwara Nagar PS,LIC COLONY
1210_7754,Rajarajeshwari Nagar PS,R.R.NAGARA
1211_7755,Basaveshwara Nagar PS,Manivilas Garden
1212_1325,Malleshwaram PS,Malleswaram
1212_7512,Mahadevapura PS,KUNDALAHALLI COLONY
1212_7712,Central CEN Crime PS,Central division Limit
1212_7714,Rajarajeshwari Nagar PS,R.R.NAGARA
1212_7721,Central CEN Crime PS,Central division Limit
1212_7722,South CEN Crime PS,SOUTH DVN
1212_7723,Central CEN Crime PS,Central division Limit
1212_7724,Central CEN Crime PS,Central division Limit
1212_7732,Central CEN Crime PS,Central division Limit
1212_7742,Central CEN Crime PS,Central division Limit
1212_7744,Rajajinagar Traffic PS,RAJAJINAGARA
1212_7745,Rajarajeshwari Nagar PS,R.R.NAGARA
1212_7747,Jnanabharathi PS,VINAYAKA LAYOUT
1212_7748,Jnanabharathi PS,MALAGALA VILLAGE
1212_7749,West CEN Crime PS,West Division PSs Jurisdiction
1212_7765,Mahadevapura PS,CHINNAPPANAHALLI
1212_7777,Thalaghattapura PS,Turahalli
1213_7712,Madivala PS,OTHER
1213_7721,Central CEN Crime PS,Central division Limit
1214_7714,Rajarajeshwari Nagar PS,GAS
1214_7716,Hulimavu PS,HULIMAVU GATE
1214_7735,Rajarajeshwari Nagar PS,R.R.NAGARA
1214_7745,Hulimavu PS,HULIMAVU GATE
1214_7748,Annapoorneshwari Nagar PS,FOURTH BLOCK NAGARABHAVI BEHIND SBI BANK
1214_7754,Hulimavu PS,HULIMAVU GATE
1215_7664,Chandra Layout PS,BYRAWESHWARA NAGARA
1215_7710,Kalasipalya PS,KALASIPALYA BUS STAND
1215_7712,Rajarajeshwari Nagar PS,R.R.NAGARA
1215_7715,Rajarajeshwari Nagar PS,R.R.NAGARA
1215_7745,Rajarajeshwari Nagar PS,R.R.NAGARA
1215_7757,Kalasipalya PS,HAMEEDKHAN GARDEN
1215_7758,Rajarajeshwari Nagar PS,R.R.NAGARA
1215_7759,Rajarajeshwari Nagar PS,R.R.NAGARA
1216_7715,Rajarajeshwari Nagar PS,GAS
1216_7745,Madivala Traffic PS,S.P. ROAD JUNCTION
1216_7757,City Market PS,MARKET CIRCLE
1217_7736,Madivala Traffic PS,HONGA SANDRA
1217_7745,Kadugodi PS,DINNUR
1218_7637,Hulimavu PS,HULIMAVU GATE
1218_7714,Rajarajeshwari Nagar PS,R.R.NAGARA
1219_7706,Suddaguntepalya PS,Ramaiah layout
1219_7748,Kengeri PS,SUBASH NAGARA
1219_7770,Varthur PS,GUNJUR BALAGERE GUNJUROALYA
121_763,Rajajinagar Traffic PS,NANDINI LAYOUT
1221_7712,Central CEN Crime PS,Central division Limit
1221_7714,Magadi Road PS,GOPALAPURA
1221_7753,Thalaghattapura PS,Hosahalli
1221_7756,Konanakunte PS,BIRESHWARANAGAR
1221_7759,Rajarajeshwari Nagar PS,R.R.NAGARA
1222_7712,Beguru PS,YELENA HALLI
1222_7760,SouthEast CEN Crime PS,Southeast
1222_7780,SouthEast CEN Crime PS,Southeast
1223_7711,Jnanabharathi PS,Ullal
1223_7712,Byatarayanapura  PS,Nayandahalli Junction
1223_7715,Basaveshwara Nagar PS,MANIVILAS GARDEN
1223_7723,Electronic City Traffic PS,Electronic City Main Gate
1223_7735,Hulimavu PS,KOTTANOORU DINNE
1223_7752,Byatarayanapura  PS,Narasimhaiah Colony
1223_7754,Central CEN Crime PS,Central division Limit
1223_7765,Chamarajpet PS,TIPPUNAGAR
1223_7798,Kengeri PS,Nagadevanahalli
1224_7723,Central CEN Crime PS,Central division Limit
1224_7725,Konanakunte PS,PILLAGANAHALLI
1224_7728,Jayanagar PS,Eighth Block Jayanagar
1224_7736,Jayanagar PS,ICICI Bank Circle
1224_7737,Jayanagar PS,JAYANAGAR
1224_7739,Jayanagar PS,Fifth Block Jayanagar
1224_7754,Byatarayanapura  PS,Kasturi Ba Nagar
1224_7756,Byatarayanapura  PS,Bangalore One And Fifty Feet Road
1225_6612,Sanjay Nagar PS,NAGASHETTYHALLI
1225_7684,Girinagar PS,VEERABHADRA NAGARA
1225_7702,Kengeri PS,SHIRKE APPARTMENTS
1225_7712,HSR Layout PS,OTHER
1225_7715,Rajarajeshwari Nagar PS,R.R.NAGARA
1225_7720,Girinagar PS,GIRINAGARA SECOND PHASE
1225_7723,Vishveshwarapuram PS,V.V PURAM
1225_7724,Girinagar PS,KALIDASA NAGARA
1225_7725,Malleshwaram PS,MALLESHWARA
1225_7726,Konanakunte PS,SREYAS COLONY
1225_7732,Rajajinagar Traffic PS,RAJAJINAGARA
1225_7754,Rajarajeshwari Nagar PS,R.R.NAGARA
1225_7756,Malleshwaram PS,MALLESHWARA
1225_7757,Upparpet Traffic PS,Near Lakshmanapuri Bridge
1225_7785,Vishveshwarapuram PS,V.V PURAM
1225_7787,Rajarajeshwari Nagar PS,R.R.NAGARA
1226_7664,Jayanagar Traffic PS,J P NAGARA
1226_7723,Vishveshwarapuram PS,PARVATHIPURAM
1226_7725,Rajarajeshwari Nagar PS,R.R.NAGARA
1226_7736,Jayanagar PS,JAYANAGAR
1226_7739,Jayanagar PS,ICICI Bank Circle
1226_7750,Banashankari PS,Raghavendra Matta
1226_7771,Banashankari PS,K.R.Road
1227_7709,Basaveshwara Nagar PS,BHOVI COLONY
1227_7750,Banashankari PS,Raghavendra Matta
1228_7606,Jayanagar PS,Fifth Block Jayanagar
1228_7661,Banashankari PS,Raghavendra Matta
1228_7662,Banashankari PS,Banashankari IInd Stage
1228_7663,Jayanagar PS,Fifth Block Jayanagar
1228_7723,Jayanagar PS,Fourth T Block Jayanagar
1228_7750,Banashankari PS,Yarabanagara
1228_7752,Banashankari PS,Raghavendra Matta
1228_7760,Subramanyanagar PS,RAJAJINAGAR D BLOCK
1228_7763,Jayanagar PS,Eighth Block Jayanagar
1229_7365,Wilsongarden Traffic PS,wilsongarden
1229_7582,South CEN Crime PS,SOUTH DVN
1229_7665,Chamarajpet PS,Adharsha Nagar
1229_7710,Byatarayanapura  PS,Kasturi Ba Nagar
1229_7757,Banashankari Traffic PS,KANAKAPURA MAIN ROAD
1230_7660,Banashankari PS,Banashankari IInd Stage
1230_7666,Subramanyapura PS,CITY ENGNIERING COLLEGE
1230_7751,Kengeri Traffic PS,SHIRKA JUNCTION
1230_7753,Basavanagudi Women PS,RAMANAGARA
1231_7664,Chamarajpet PS,TIPPUNAGAR
1231_7669,Rajajinagar Traffic PS,Twelth main road
1231_7765,Byatarayanapura  PS,Nayandahalli Junction
1232_7667,Chamarajpet PS,Chamarajpet second crs to froth crs
1232_7712,Hulimavu PS,T RAMAIAH GARDEN
1232_7715,Rajarajeshwari Nagar PS,R.R.NAGARA
1232_7723,Byatarayanapura  PS,Pramod Layout
1232_7732,Subramanyapura PS,BRANDAVAN LAYOUT
1232_7756,Kengeri PS,NAGADEVANA HALLI
1232_7761,Kengeri PS,LEFT SIDE FROM KARNATAKA BANK TO BHAIRAVA BAR
1232_7763,Basavanagudi PS,R V Road
1232_7765,Kengeri PS,RP ROAD
1233_7722,Jnanabharathi PS,JNANAGANGANAGARA
1233_7733,Jnanabharathi PS,VINAYAKA LAYOUT
1233_7750,Banashankari PS,Banashankari IInd Stage
1233_7761,Madivala PS,Silk Board Junction
1234_1257,Rajajinagar Traffic PS,MAHALAKSHMI LAYOUT ENTRENCE
1234_7731,Rajajinagar Traffic PS,NANDINI LAYOUT
1234_7742,Chandra Layout PS,CHANDRALAYOUT
1234_7756,Byatarayanapura  PS,Deepanjali Nagar
1234_7761,Byatarayanapura  PS,Kasturi Ba Nagar
1234_7764,Byatarayanapura  PS,Pramod Layout
1235_7662,Byatarayanapura  PS,Bangalore One And Fifty Feet Road
1235_7720,Girinagar PS,Hosakerehalli
1235_7725,Rajarajeshwari Nagar PS,R.R.NAGARA
1235_7726,Rajarajeshwari Nagar PS,R.R.NAGARA
1235_7732,Magadi Road PS,Industrial town
1235_7735,Rajarajeshwari Nagar PS,R.R.NAGARA
1235_7736,Konanakunte PS,PILLAGANAHALLI
1235_7752,Rajarajeshwari Nagar PS,R.R.NAGARA
1235_7753,Varthur PS,KODATI SULIKUNTE AMBEDKAR NAGARA
1235_7755,Kamakshipalya Traffic PS,Nice Road
1235_7757,Marathahalli PS,DEVARABISANA HALLI
1235_7763,Kengeri PS,HARASHA LAYOUT
1235_7765,Basavanagudi PS,K.R ROAD
1236_7705,Magadi Road PS,GOPALAPURA
1236_7721,Rajarajeshwari Nagar PS,R.R.NAGARA
1236_7723,Rajajinagar Traffic PS,RAJAJINAGARA
1236_7725,Malleshwaram PS,MALLESHWARA
1236_7726,Rajarajeshwari Nagar PS,R.R.NAGARA
1236_7732,Subramanyapura PS,R.B.I LAYOUT
1236_7735,Rajarajeshwari Nagar PS,R.R.NAGARA
1236_7736,Subramanyapura PS,VASANTHAPURA GUDDA
1236_7756,Rajarajeshwari Nagar PS,R.R.NAGARA
1236_7758,Magadi Road PS,Agraharadasarahally fourth main
1236_7765,Rajarajeshwari Nagar PS,R.R.NAGARA
1236_7786,Magadi Road Traffic PS,rajaji nagar
1236_7789,Magadi Road Traffic PS,magadi road
1237_7745,Basaveshwara Nagar PS,LIC COLONY
1237_7756,Kengeri PS,RP ROAD
1239_7677,East Zone Women PS,ULSOOR PS
1239_7752,Chandra Layout PS,Nayandahalli Madduramma Temple and Railway Track
1239_7769,Mahadevapura PS,B Narayanapura
1241_7719,Bellanduru PS,WIPRO
1241_7721,Central CEN Crime PS,Central division Limit
1242_7712,Central CEN Crime PS,Central division Limit
1242_7724,Central CEN Crime PS,Central division Limit
1242_7764,Rajajinagar Traffic PS,RAJAJINAGARA
1242_7799,Kengeri PS,RP ROAD
1244_7729,Kengeri PS,Nagadevanahalli
1244_7731,Byadarahalli PS,Herohalli
1244_7761,Hulimavu Traffic PS,hulimavu
1245_7623,Adugodi Traffic PS,KORAMANGALA
1245_7667,Upparpet PS,KSRTC AND BMTC SEVICE ROAD
1245_7710,Central CEN Crime PS,Central division Limit
1245_7712,Rajarajeshwari Nagar PS,R.R.NAGARA
1245_7723,Rajarajeshwari Nagar PS,R.R.NAGARA
1245_7724,Kumaraswamy Layout Traffic PS,JARAGANAHALLI BUS STAND
1245_7725,Channammanakere Achu Kattu PS,C.K. ACHHUKATTU
1245_7726,Siddapura PS,Byrasandra
1245_7730,Rajarajeshwari Nagar PS,R.R.NAGARA
1245_7732,Girinagar PS,GIRINAGARA T BLOCK
1245_7734,Malleshwaram PS,Malleswaram
1245_7737,Beguru PS,HONGASANDRA
1245_7745,Rajarajeshwari Nagar PS,R.R.NAGARA
1245_7746,Kengeri PS,RV COLLEGE BUS STOP
1245_7747,Rajarajeshwari Nagar PS,GAS
1245_7748,Rajarajeshwari Nagar PS,R.R.NAGARA
1245_7753,Upparpet PS,T B ROAD
1245_7754,Rajarajeshwari Nagar PS,R.R.NAGARA
1245_7755,Upparpet PS,KSRTC AND BMTC SEVICE ROAD
1245_7756,SouthEast CEN Crime PS,Southeast
1245_7757,SouthEast CEN Crime PS,Southeast
1245_7758,Rajarajeshwari Nagar PS,R.R.NAGARA
1245_7759,SouthEast CEN Crime PS,Southeast
1245_7766,Kengeri PS,RP ROAD
1245_7774,Rajarajeshwari Nagar PS,R.R.NAGARA
1245_7787,Rajarajeshwari Nagar PS,R.R.NAGARA
1245_7794,Kamakshipalya PS,Other Jurisdiction
1245_7798,Malleshwaram PS,MALLESHWARA
1246_7712,Central CEN Crime PS,Central division Limit
1246_7715,Rajarajeshwari Nagar PS,R.R.NAGARA
1246_7724,Central CEN Crime PS,Central division Limit
1246_7725,Channammanakere Achu Kattu PS,C.K. ACHHUKATTU
1246_7745,Rajarajeshwari Nagar PS,R.R.NAGARA
1247_7712,Central CEN Crime PS,Central division Limit
1247_7737,Hulimavu PS,HULIMAVU GATE
1247_7747,Annapoorneshwari Nagar PS,KRISHNANDA NAGAR
1247_7748,Annapoorneshwari Nagar PS,KENGUNTE
1247_7752,Annapoorneshwari Nagar PS,FOURTH BLOCK NAGARABHAVI BEHIND SBI BANK
1248_7638,Thilaknagar PS,JAYANAGAR NINTH BLOCK
1248_7745,Kengeri PS,RP ROAD
1248_7765,Kengeri PS,SHIRKE
1248_7787,Rajarajeshwari Nagar PS,R.R.NAGARA
1249_7726,Malleshwaram PS,Malleswaram
1249_7745,Channammanakere Achu Kattu PS,KAMAKYA LAYOUT
1250_7734,Hulimavu PS,PILLAGANAHALLI
1250_7735,Hulimavu PS,PILLAGANAHALLI
1250_7736,Hulimavu PS,NOBO NAGAR
1250_7737,Electronic City PS,VEERASANDRA GATE
1250_7738,Electronic City Traffic PS,EC IInd gate
1250_7739,Electronic City PS,Others
1250_7740,Electronic City Traffic PS,Electronic City Main Gate
1251_7695,Byatarayanapura  PS,ATHMAJYOTHI NAGAR
1251_7725,Kempapura Agrahara PS,Magadi Road
1251_7731,Chandra Layout PS,Chalukyanagara
1251_7732,Thalaghattapura PS,Vajarahalli
1251_7734,Hulimavu PS,PILLAGANAHALLI
1251_7735,Hulimavu PS,NOBO NAGAR
1251_7736,Hulimavu PS,BASAVANAPURA
1251_7737,Electronic City PS,DODDA THOGURU M M SCHOOL ROAD
1251_7739,Electronic City Traffic PS,Konappana agrahara
1251_7740,Electronic City Traffic PS,Konappana agrahara
1252_1739,Electronic City Traffic PS,Basapura
1252_7721,Electronic City Traffic PS,Veerasandra gate junction
1252_7725,Chamarajpet PS,Pujamma Circle
1252_7728,Byadarahalli PS,Andrahalli
1252_7731,Jagajeevanram Nagar PS,Narasimhaiah Compound
1252_7732,Thalaghattapura Traffic PS,Gubbalalla
1252_7733,Konanakunte PS,KONANAKUNTE VILLAGE
1252_7734,Hulimavu PS,KOTTANOORU DINNE
1252_7735,Hulimavu PS,RAGAHVENDRA LAYOUT
1252_7736,Hulimavu PS,HULIMAVU GATE
1252_7737,Electronic City PS,MYLASANDRA VILLAGE
1252_7738,Electronic City Traffic PS,singasandra
1252_7739,Electronic City PS,Others
1252_7744,Varthur PS,KODATI SULIKUNTE AMBEDKAR NAGARA
1252_7745,Hulimavu PS,KOTTANOORU DINNE
1252_7752,Malleshwaram PS,Malleswaram
1252_7753,Thalaghattapura PS,Gubbalala
1253_1730,Kengeri PS,CHANNASANDRA
1253_6817,Subramanyapura PS,BRANDAVAN LAYOUT
1253_7586,Hulimavu PS,GOTTIGERE
1253_7720,Girinagar PS,V.B.H.C.S LAYOUT
1253_7724,Vijayanagar PS,BINNY LAYOUT
1253_7728,Kengeri PS,SONNENA HALLI
1253_7729,Kengeri PS,RV COLLEGE BUS STOP
1253_7730,Kengeri PS,LEFT SIDE FROM KARNATAKA BANK TO BHAIRAVA BAR
1253_7732,Thalaghattapura Traffic PS,Gubbalalla
1253_7733,Subramanyapura PS,VASANTHAPURA GUDDA
1253_7734,Hulimavu PS,KOTTANOORU DINNE
1253_7735,Hulimavu PS,HULIMAVU GATE
1253_7736,Hulimavu PS,HULIMAVU GATE
1253_7737,Electronic City PS,VISHWAPRIYA LAYOUT
1253_7738,Electronic City Traffic PS,Chikkabeguru gate
1253_7739,Electronic City Traffic PS,Parappana agrahara
1253_7740,Electronic City Traffic PS,Parappana agrahara
1253_7742,Varthur PS,KODATI SULIKUNTE AMBEDKAR NAGARA
1253_7743,Varthur PS,KODATI SULIKUNTE AMBEDKAR NAGARA
1253_7749,Thalaghattapura PS,Vasudevapura
1253_7753,Girinagar PS,ERANNA GUDDE
1253_7783,Thalaghattapura PS,Raguvanahalli
1253_7789,Byatarayanapura  PS,Satelite Bus Stand
1253_7793,Girinagar PS,ERANNA GUDDE
1253_793,Girinagar PS,NEHARU ROAD TO SEETHA CIRCLE
1254_7693,South CEN Crime PS,SOUTH DVN
1254_7702,Vishveshwarapuram PS,MIDDLE SCHOOL ROAD
1254_7708,Rajarajeshwari Nagar PS,R.R.NAGARA
1254_7714,Kempapura Agrahara PS,Cholurpalya
1254_7720,Vijayanagar PS,BINNY LAYOUT
1254_7724,Central CEN Crime PS,Central division Limit
1254_7725,Channammanakere Achu Kattu PS,C.K. ACHHUKATTU
1254_7726,Central CEN Crime PS,Central division Limit
1254_7728,Kengeri PS,Nagadevanahalli
1254_7729,Kengeri PS,SHIRKE APPARTMENTS
1254_7730,Rajarajeshwari Nagar PS,R.R.NAGARA
1254_7731,Rajarajeshwari Nagar PS,R.R.NAGARA
1254_7732,Magadi Road PS,JEDARAHALLY
1254_7733,Kumaraswamy Layout Traffic PS,KEMPAIAH LAYOUT
1254_7734,Jayanagar PS,Eighth Block Jayanagar
1254_7736,Mico Layout PS,BTM SECOND STAGE
1254_7739,Subramanyapura PS,BHCS LAYOUT
1254_7741,Thalaghattapura Traffic PS,Gubbalalla
1254_7742,Varthur PS,KODATI SULIKUNTE AMBEDKAR NAGARA
1254_7743,Varthur PS,KACHAMANAHALLI MULLURU CIHICKBALANDURU
1254_7744,Varthur PS,KACHAMANAHALLI MULLURU CIHICKBALANDURU
1254_7745,Rajarajeshwari Nagar PS,R.R.NAGARA
1254_7748,Rajarajeshwari Nagar PS,R.R.NAGARA
1254_7751,Hulimavu PS,HULIMAVU GATE
1254_7752,Kamakshipalya Traffic PS,SAND LORRY STAND
1254_7754,Channammanakere Achu Kattu PS,KAMAKYA LAYOUT
1254_7756,Byatarayanapura  PS,Nayandahalli Junction
1254_7758,Kengeri PS,SONNENA HALLI
1254_7759,Rajarajeshwari Nagar PS,R.R.NAGARA
1254_7765,Kengeri PS,SHIRKE APPARTMENTS
1254_7789,Rajarajeshwari Nagar PS,R.R.NAGARA
1254_7792,Channammanakere Achu Kattu PS,RAMARAO LAYOUT
1254_7795,Banashankari PS,Yarabanagara
1255_1748,Kengeri Traffic PS,Kengeri upanagara
1255_7728,Kengeri PS,RP ROAD
1255_7729,Kengeri PS,RP ROAD
1255_7730,Kengeri PS,SHIRKE
1255_7732,Girinagar PS,V.B.H.C.S LAYOUT
1255_7733,Channammanakere Achu Kattu PS,BANAGIRI NAGAR
1255_7734,Jayanagar PS,JAYANAGAR
1255_7735,Jayanagar PS,JAYANAGAR
1255_7736,Madivala PS,AXA BUILDING
1255_7737,High Grounds PS,RACE COURSE ROAD
1255_7738,Adugodi Traffic PS,KORAMANGALA
1255_7740,Airport Traffic PS,BELLANDUR TANK
1255_7741,Airport Traffic PS,BELLANDUR TANK
1255_7742,Varthur PS,GUNJUR BALAGERE GUNJUROALYA
1255_7743,Varthur PS,R G HALLI SIIAPURA TUBARAHALLI
1255_7744,Varthur PS,GUNJUR BALAGERE GUNJUROALYA
1255_7745,Kengeri PS,MANASALAYOUT
1255_7746,Kengeri Traffic PS,JLN ROAD
1255_7747,Kengeri Traffic PS,MYSROE ROAD
1255_7749,Kengeri Traffic PS,MYSROE ROAD
1255_7751,Kengeri Traffic PS,MYSROE ROAD
1255_7752,Kengeri Traffic PS,MYSROE ROAD
1255_7753,Kengeri Traffic PS,kengeri
1255_7758,Thalaghattapura PS,Gubbalala
1255_7760,Ashoknagar Traffic PS,NEELASANDRA MAIN ROAD
1255_7762,Ashoknagar Traffic PS,RICHMOND ROAD
1255_7763,Kengeri PS,NAGADEVANA HALLI
1255_7767,Kengeri Traffic PS,Kengeri upanagara
1255_7865,Bandepalya PS,HOSAPALYA
1256_1293,Basavanagudi PS,N.R COLONY
1256_7704,Kadugodi PS,CHANNASANDRA
1256_7712,Rajarajeshwari Nagar PS,R.R.NAGARA
1256_7723,H.A.L. PS,MARATHALLI
1256_7725,Channammanakere Achu Kattu PS,C.K. ACHHUKATTU
1256_7728,Kengeri PS,LEFT SIDE FROM KARNATAKA BANK TO BHAIRAVA BAR
1256_7729,Kengeri PS,NAGADEVANA HALLI
1256_7730,Jnanabharathi PS,P G ROAD
1256_7731,Malleshwaram PS,MALLESHWARA
1256_7732,Girinagar PS,GIRINAGAR
1256_7733,Girinagar PS,SRINIVASANAGAR
1256_7734,Basavanagudi PS,VSOUTH CROSS ROAD
1256_7735,Hulimavu PS,KOTTANOORU DINNE
1256_7736,Adugodi Traffic PS,KORAMANGALA
1256_7737,Adugodi Traffic PS,KORAMANGALA
1256_7738,Airport PS,B.NAGASAVDRA
1256_7739,Airport Traffic PS,AIRPORT MAIN ROAD
1256_7740,Airport PS,AK colony
1256_7741,Airport Traffic PS,OUTER RING ROAD
1256_7742,Airport Traffic PS,OUTER RING ROAD
1256_7743,Varthur PS,R G HALLI SIIAPURA TUBARAHALLI
1256_7744,Varthur PS,VARTHUR
1256_7745,Kempapura Agrahara PS,Magadi Road
1256_7751,Basavanagudi PS,Sixth Main
1256_7753,Basaveshwara Nagar PS,EIGTH MAIN NINTH MAIN TENTH MAIN BASAVESHWARANAGARA
1256_7754,Basaveshwara Nagar PS,Kere Angala
1256_7756,Girinagar PS,ERANNA GUDDE
1256_7757,Basavanagudi PS,M.N.K ROAD
1256_7761,Madivala PS,OTHER
1256_7763,Kamakshipalya PS,KAMAKSHIPALYA MAIN ROAD
1256_7765,Kengeri PS,RP ROAD
1256_7768,South CEN Crime PS,SOUTH DVN
1256_7769,Byatarayanapura  PS,Bangalore One And Fifty Feet Road
1256_7783,Thalaghattapura PS,Thalagattapura
1256_7786,H.A.L. PS,MARATHALLI
1256_7793,Channammanakere Achu Kattu PS,C.K. ACHHUKATTU
1256_7795,Byatarayanapura  PS,Other Area
1256_7798,Magadi Road Traffic PS,rajaji nagar
1257_1257,Jagajeevanram Nagar PS,Narasimhaiah Compound
1257_739,Airport PS,KONENAAGRAHARA
1257_7434,V V Puram Traffic PS,ANNAPORNA HOTEL JUNCTION
1257_7728,Jnanabharathi PS,JNANAGANGANAGARA
1257_7729,Jnanabharathi PS,MALAGALA VILLAGE
1257_7730,Jnanabharathi PS,NAGARABAVI VILLAGE
1257_7731,Chandra Layout PS,CHANDRALAYOUT
1257_7732,Jagajeevanram Nagar PS,Eidga Ground
1257_7733,V V Puram Traffic PS,Ist Main
1257_7734,V V Puram Traffic PS,K.R.Road
1257_7735,Sampangiramanagar PS,K.H.ROAD
1257_7736,Viveknagar PS,Victoria Layout
1257_7737,Jagajeevanram Nagar PS,Eidga Ground
1257_7738,Airport PS,KODIHALLI
1257_7739,Airport Traffic PS,AIRPORT MAIN ROAD
1257_7740,Airport Traffic PS,AIRPORT ROAD
1257_7741,Airport Traffic PS,AIRPORT ROAD
1257_7742,Airport Traffic PS,OUTER RING ROAD
1257_7743,Varthur PS,R G HALLI SIIAPURA TUBARAHALLI
1257_7744,Varthur PS,R G HALLI SIIAPURA TUBARAHALLI
1257_7748,Basavanagudi Women PS,Basavangudi
1257_7753,Chandra Layout PS,Nayandahlli
1257_7754,Chandra Layout PS,BINNILAYOUT
1257_7755,Kempegowda Nagar PS,R.K Matta
1257_7756,South CEN Crime PS,SOUTH DVN
1257_7757,V V Puram Traffic PS,Ist Main
1257_7768,Marathahalli PS,DEVARABISANA HALLI
1257_7798,Magadi Road Traffic PS,rajaji nagar
1258_7653,Airport PS,KODIHALLI
1258_7703,Jagajeevanram Nagar PS,Narasimhaiah Compound
1258_7705,Malleshwaram PS,MALLESHWARA
1258_7723,Magadi Road PS,RAILWAY QUATERS
1258_7724,Central CEN Crime PS,Central division Limit
1258_7725,Malleshwaram PS,Malleshwara
1258_7728,Byadarahalli PS,Anjananagar
1258_7730,Kamakshipalya Traffic PS,SAND LORRY STAND
1258_7731,Vijayanagar PS,M.C.LAYOUT
1258_7732,Jagajeevanram Nagar PS,Narasimhaiah Compound
1258_7733,Magadi Road Traffic PS,magadi road
1258_7734,Chickpet PS,ANCHEPET
1258_7735,Halasur Traffic PS,M G ROAD
1258_7736,East Zone Women PS,HALASURU GATE
1258_7737,Kempegowda Nagar PS,R.K Matta
1258_7738,Indiranagar PS,INDIRANAGAR
1258_7740,Airport Traffic PS,VARTHUR MAIN ROAD
1258_7741,Indiranagar PS,INDIRANAGAR
1258_7745,Airport PS,OTHERS
1258_7746,Rajajinagar Traffic PS,Mahalakshmi Layout
1258_7752,Malleshwaram PS,Malleshwara
1258_7753,Girinagar PS,NAGENDRA BLOCK THIRTEEN MAIN TO TEMPLE STREET
1258_7756,Malleshwaram PS,MALLESHWARA
1258_7758,Whitefield PS,VYDEHI CIRCLE
1258_7759,Rajarajeshwari Nagar PS,out side area
1258_7765,Basavanagudi PS,IVth Model House Street
1258_7775,Kadugodi PS,DINNUR
1258_7778,South CEN Crime PS,SOUTH DVN
1258_7794,South CEN Crime PS,SOUTH DVN
1258_7797,South CEN Crime PS,SOUTH DVN
1258_7798,South CEN Crime PS,SOUTH DVN
1259_1734,Malleshwaram Traffic PS,MALLESHWARAM
1259_7703,Cubbon Park PS,Cubbon Park
1259_7712,Rajarajeshwari Nagar PS,R.R.NAGARA
1259_7714,Rajarajeshwari Nagar PS,R.R.NAGARA
1259_7715,Rajarajeshwari Nagar PS,out side area
1259_7721,High Grounds PS,RACE COURSE ROAD
1259_7726,Rajarajeshwari Nagar PS,R.R.NAGARA
1259_7728,Byadarahalli PS,Herohalli
1259_7729,Rajarajeshwari Nagar PS,R.R.NAGARA
1259_7730,Rajagopal Nagar PS,HEGGANAHALLI
1259_7731,Rajagopal Nagar PS,Chamundipura
1259_7732,Vijayanagar PS,BINNY LAYOUT
1259_7733,Subramanyanagar PS,GAYATHRINAGAR
1259_7734,Malleshwaram PS,Malleshwara
1259_7735,Sadashivanagar Traffic PS,B D A UPRAMP
1259_7752,Malleshwaram PS,Malleswaram
1259_7753,Magadi Road PS,Industrial town
1259_7754,Rajarajeshwari Nagar PS,GAS
1259_7756,Magadi Road Traffic PS,rajaji nagar
1259_7757,Seshadripuram PS,S C ROAD
1259_7758,Rajarajeshwari Nagar PS,R.R.NAGARA
1259_7759,Rajarajeshwari Nagar PS,R.R.NAGARA
1259_7761,High Grounds PS,RACE COURSE ROAD
1259_7766,Kamakshipalya Traffic PS,SAND LORRY STAND
1259_7787,Rajarajeshwari Nagar PS,R.R.NAGARA
125_707,Rajajinagar Traffic PS,RAJAJINAGARA
125_771,Rajajinagar Traffic PS,Twelth main road
125_773,Rajajinagar Traffic PS,Twelth main road
125_7735,Thilaknagar PS,TILAKNAGAR
125_774,Rajajinagar Traffic PS,NANDINI LAYOUT
125_777,Rajajinagar Traffic PS,Twelth main road
1260_7711,Kalasipalya PS,SHAMBUPALYA
1260_7751,Kumaraswamy Layout Traffic PS,P.P LAYOUT
1260_7770,H.A.L. PS,DODDANAKKUNDI
1261_7704,Peenya PS,Chokkasandra
1261_7706,Kengeri PS,Nagadevanahalli
1261_7717,Rajarajeshwari Nagar PS,R.R.NAGARA
1261_7725,Magadi Road PS,Industrial town
1261_7756,Banashankari PS,Kadirenahalli
1261_7765,Magadi Road PS,TOLGATE
1262_7735,High Grounds PS,DABASPETE
1262_7756,South CEN Crime PS,SOUTH DVN
1263_6931,Byatarayanapura  PS,Shamanna Garden
1263_7649,Adugodi PS,RAJENDRA NAGARA
1263_7712,Byatarayanapura  PS,Muneshwa Block
1263_7713,Byatarayanapura  PS,Kasturi Ba Nagar
1263_7736,Kengeri PS,NAGADEVANA HALLI
1263_7755,Kengeri PS,Nagadevanahalli
1263_7763,Basavanagudi PS,IVth Model House Street
1264_1264,Byatarayanapura  PS,Kasturi Ba Nagar
1264_7625,Jayanagar PS,JAYANAGAR
1264_7736,Byatarayanapura  PS,Narasimhaiah Colony
1264_7755,Girinagar PS,NAGENDRA BLOCK SIXTH MAIN TO PES COLLEGE
1264_7761,Jeevan Bhima Nagar (Indiranagar) Traffic  PS,INDIRANGARA
1265_1265,Magadi Road PS,GOPALAPURA
1265_7712,Malleshwaram PS,Malleswaram
1265_7713,Seshadripuram PS,R V SHETTY LAYOUT
1265_7715,Magadi Road PS,Industrial town
1265_7725,Rajarajeshwari Nagar PS,R.R.NAGARA
1265_7726,Rajarajeshwari Nagar PS,R.R.NAGARA
1265_7735,Magadi Road PS,SSI area
1265_7736,Magadi Road PS,Industrial town
1265_7738,Magadi Road PS,TOLGATE
1265_7745,Beguru PS,PATEL LAYOUT
1265_7747,Byatarayanapura  PS,ATHMAJYOTHI NAGAR
1265_7751,Magadi Road PS,GOPALAPURA
1265_7753,Magadi Road Traffic PS,rajaji nagar
1265_7755,Kengeri PS,SHIRKE
1265_7756,Rajarajeshwari Nagar PS,R.R.NAGARA
1265_7758,Magadi Road PS,RAJAJINAGARA ENTRENCE
1265_7759,Magadi Road PS,RAJAJINAGARA ENTRENCE
1265_7763,Bandepalya PS,HOSAPALYA
1265_7765,Kengeri PS,RP ROAD
1265_7768,Magadi Road PS,RAJAJINAGARA ENTRENCE
1265_7795,Kengeri PS,SHIRKE
1266_7756,Sampangiramanagar PS,S R Nagara
1266_7758,Central CEN Crime PS,Central division Limit
1266_7759,Sampangiramanagar PS,S R Nagara
1266_7765,Kengeri PS,LEFT SIDE FROM KARNATAKA BANK TO BHAIRAVA BAR
1266_7778,Bommanahalli PS,Hongasandra
1266_7793,Kengeri PS,SUBASH NAGARA
1266_7794,Kamakshipalya PS,Other Jurisdiction
1267_7658,Subramanyapura PS,VASANTHAPURA GUDDA
1267_7702,Thalaghattapura PS,Raguvanahalli
1267_7725,Banashankari PS,Kadirenahalli
1268_6808,Electronic City Traffic PS,Chikkabeguru gate
1268_7708,Electronic City Traffic PS,Konappana agrahara
1268_7747,Electronic City Traffic PS,Niladri road
1268_7756,Electronic City Traffic PS,singasandra
1268_7757,Seshadripuram PS,R V SHETTY LAYOUT
1268_7761,Subramanyapura PS,DODDAGOWDANAPALYA
1268_7762,Electronic City Traffic PS,Konappana agrahara
1268_7765,Basavanagudi PS,Ist Cross Road
1268_7770,Parappana Agrahara PS,SINGASANDRA
1269_7712,Rajarajeshwari Nagar PS,R.R.NAGARA
1269_7715,Rajarajeshwari Nagar PS,R.R.NAGARA
1269_7736,Varthur PS,VARTHUR
1269_7752,Kumaraswamy Layout Traffic PS,JARAGANAHALLI BUS STAND
1269_7763,H.A.L. PS,MARATHALLI
1269_7781,Indiranagar PS,INDIRANAGAR
1270_7726,Byatarayanapura  PS,Narasimhaiah Colony
1270_7754,Hanumanthanagar PS,VINAYAKA NAGARA
1271_7751,Airport Traffic PS,AIRPORT MAIN ROAD
1271_7762,Madivala Traffic PS,KARANTH JUCNTION
1271_7770,Kadugodi PS,DINNUR
1271_7771,Kadugodi PS,DINNUR
1272_7740,V V Puram Traffic PS,Ist Main
1272_7748,Kengeri PS,SHIRKE APPARTMENTS
1272_7777,Varthur PS,R G HALLI SIIAPURA TUBARAHALLI
1273_7769,Jayanagar PS,JAYANAGAR
1273_7801,South CEN Crime PS,SOUTH DVN
1274_7724,Central CEN Crime PS,Central division Limit
1274_7748,V V Puram Traffic PS,ANNAPORNA HOTEL JUNCTION
1274_7757,Upparpet Traffic PS,Near Upparpet Police Station
1274_7771,Varthur PS,VARTHUR
1275_6635,Sanjay Nagar PS,CENTRAL EXCISE LAYOUT
1275_7708,Electronic City Traffic PS,Basapura
1275_7736,Vijayanagar PS,BINNY LAYOUT
1275_7753,Vijayanagar PS,BINNY LAYOUT
1275_7754,Vijayanagar PS,BINNY LAYOUT
1275_7755,Kempegowda Nagar PS,KG Nagar Main Road
1275_7761,Electronic City Traffic PS,Konappana agrahara
1275_7789,Basavanagudi PS,K.R ROAD
1275_7796,Magadi Road Traffic PS,magadi road
1276_6817,Suddaguntepalya PS,Ramaiah layout
1276_7663,Thalaghattapura Traffic PS,Gubbalalla
1276_7724,Central CEN Crime PS,Central division Limit
1276_7756,Central CEN Crime PS,Central division Limit
1276_7778,Basavanagudi PS,M.N.K ROAD
1277_7716,Hulimavu PS,T RAMAIAH GARDEN
1277_7725,Kumaraswamy Layout PS,K.S.Layout First Stage
1277_7754,Magadi Road Traffic PS,rajaji nagar
1277_7756,Konanakunte PS,KRISHNA NAGAR
1277_7777,Subramanyapura PS,CHUNCHGHTTA
1277_7798,Mahalakshmipuram PS,Mahalakshmi layout
1278_7712,Rajarajeshwari Nagar PS,R.R.NAGARA
1278_7723,Electronic City Traffic PS,Electronic City Phase I
1278_7725,Mahadevapura PS,A NARAYANAPURA
1278_7750,Beguru PS,others
1278_7756,Annapoorneshwari Nagar PS,KENGUNTE
1278_7762,Beguru PS,ROYAL MERIDIAN LAYOUT
1278_7769,Koramangala PS,KORAMANGALA
1278_7776,Basavanagudi PS,Kanakapura Road
1278_7778,Basavanagudi PS,M.N.K ROAD
1278_7787,Basavanagudi PS,VSOUTH CROSS ROAD
1278_7789,Basavanagudi PS,RANOJI RAO ROAD
1278_7796,H.A.L. PS,ANNASANDRA PALYA
1279_7712,Electronic City Traffic PS,Nice road
1279_7716,Byatarayanapura  PS,VENKATESHWARA NAGAR
1279_7725,Channammanakere Achu Kattu PS,ITTAMADU
1279_7738,Halasur PS,Other ps limits
1279_7744,Byatarayanapura  PS,Nayandahalli Junction
1279_7748,Annapoorneshwari Nagar PS,D GROUP LAY OUT
1279_7750,Jayanagar PS,Eighth Block Jayanagar
1279_7755,South CEN Crime PS,SOUTH DVN
1279_7762,Konanakunte PS,GOTTIGERE
1279_7770,Annapoorneshwari Nagar PS,KENGUNTE
1280_7488,Adugodi PS,CHANDRAPPA NAGARA
1280_7701,Byatarayanapura  PS,Flower Garden
1280_7715,Kalasipalya PS,KALASIPALYA BUS STAND
1280_7742,Koramangala PS,KATHALI PALYA
1280_7753,Thalaghattapura PS,Thalagattapura
1280_7754,Rajarajeshwari Nagar PS,R.R.NAGARA
1280_7764,South CEN Crime PS,SOUTH DVN
1281_7755,South CEN Crime PS,SOUTH DVN
1281_7758,Madivala PS,AXA BUILDING
1281_7760,Rajagopal Nagar PS,other PS Limits
1281_7764,Electronic City PS,VEERASANDRA GATE
1281_7766,Banashankari PS,Kadirenahalli
1281_7768,SouthEast CEN Crime PS,Southeast
1282_7684,Kengeri Traffic PS,Kengeri upanagara
1282_7755,Thalaghattapura PS,Thalagattapura
1282_7756,Konanakunte PS,WEAVERS COLONY
1282_7765,K.R. Puram PS,V.B. LAYOUT
1282_7766,Electronic City Traffic PS,EC IInd gate
1282_7779,Basaveshwara Nagar PS,KIRLOSKAR COLONY
1283_7745,Hulimavu PS,T RAMAIAH GARDEN
1283_7746,Parappana Agrahara PS,SINGASANDRA
1283_7747,Electronic City Traffic PS,Konappana agrahara
1283_7751,Subramanyanagar PS,SUBRAMANYA NAGAR
1283_7752,Thalaghattapura PS,Jattigarapalya
1283_7753,Thalaghattapura PS,Uttari
1283_7754,SouthEast CEN Crime PS,Southeast
1283_7756,Basavanagudi Women PS,JAYANAGARA
1283_7757,Konanakunte PS,WEAVERS COLONY
1283_7758,Konanakunte PS,WEAVERS COLONY
1283_7759,Hulimavu PS,HULIMAVU GATE
1283_7761,Electronic City Traffic PS,Basapura
1283_7762,Electronic City Traffic PS,Bettadasanapura road
1283_7763,Marathahalli PS,YAMALURU
1283_7764,Electronic City Traffic PS,Niladri road
1283_7765,Electronic City PS,VEERASANDRA GATE
1283_7766,Electronic City Traffic PS,Electronic City Main Gate
1283_7767,Electronic City Traffic PS,Electronic City Phase I
1283_7768,Electronic City Traffic PS,Electronic City Main Gate
1283_7773,Varthur PS,KODATI SULIKUNTE AMBEDKAR NAGARA
1284_7673,Jagajeevanram Nagar PS,New Pension Lane
1284_7700,HSR Layout PS,OTHER
1284_7746,Parappana Agrahara PS,NAGANATHAPURA
1284_7754,SouthEast CEN Crime PS,Southeast
1284_7755,Kumaraswamy Layout Traffic PS,Nice road
1284_7756,Kumaraswamy Layout Traffic PS,Nice road
1284_7757,Konanakunte PS,WEAVERS COLONY
1284_7758,Konanakunte PS,WEAVERS COLONY
1284_7759,K.R. Puram PS,V.B. LAYOUT
1284_7760,Hulimavu PS,T RAMAIAH GARDEN
1284_7761,Electronic City Traffic PS,Bettadasanapura road
1284_7762,Electronic City PS,VISHWAPRIYA LAYOUT
1284_7763,Electronic City Traffic PS,Bettadasanapura road
1284_7764,Electronic City Traffic PS,Niladri road
1284_7765,Electronic City Traffic PS,Veerasandra gate junction
1284_7766,Electronic City Traffic PS,Electronic City Phase I
1284_7767,Electronic City Traffic PS,Electronic City Main Gate
1284_7768,Parappana Agrahara PS,BERETENA AGRAHARA
1284_7772,Varthur PS,KODATI SULIKUNTE AMBEDKAR NAGARA
1285_3533,Konanakunte PS,KEMBATHALLI
1285_766,Electronic City Traffic PS,Konappana agrahara
1285_7723,H.A.L. PS,VIGNANA NAGARA
1285_7725,H.A.L. PS,DODDANAKKUNDI
1285_7734,Thalaghattapura PS,Gubbalala
1285_7736,Kalasipalya PS,BAMBOO BAZAAR
1285_7744,Kengeri PS,RP ROAD
1285_7746,Byatarayanapura  PS,Bangalore One And Fifty Feet Road
1285_7751,Thalaghattapura PS,Turahalli
1285_7752,City Market Traffic PS,KALSIPALYA
1285_7753,Kumaraswamy Layout Traffic PS,Nice road
1285_7754,Thalaghattapura PS,Doddathaguni
1285_7755,South CEN Crime PS,SOUTH DVN
1285_7756,Kumaraswamy Layout Traffic PS,ANJANAPURA DOUBLE ROAD
1285_7757,Thalaghattapura PS,Gubbalala
1285_7758,Konanakunte PS,GOTTIGERE
1285_7759,Jayanagar PS,Eighth Block Jayanagar
1285_7760,Electronic City Traffic PS,Beguru main road
1285_7761,Electronic City Traffic PS,Nice road
1285_7762,Electronic City PS,MYLASANDRA VILLAGE
1285_7763,Girinagar PS,VIDYA NAGAR
1285_7764,Electronic City PS,WHITE FEATHER
1285_7765,Electronic City Traffic PS,Nice road
1285_7766,Electronic City Traffic PS,Konappana agrahara
1285_7767,Electronic City Traffic PS,EC IInd gate
1285_7768,Parappana Agrahara PS,BERETENA AGRAHARA
1285_7769,Parappana Agrahara PS,CHIKKANAGAMANGALA
1285_7778,Subramanyanagar PS,GAYATHRINAGAR
1285_7786,Basavanagudi PS,M.N.K ROAD
1285_7789,Basavanagudi PS,R V Road
1286_1286,Electronic City Traffic PS,Konappana agrahara
1286_7745,Whitefield PS,AMBEDKAR NAGARA GUTTE
1286_7750,Kumaraswamy Layout Traffic PS,Nice road
1286_7751,Thalaghattapura PS,Nagegowdanapalya
1286_7752,V V Puram Traffic PS,ANNAPORNA HOTEL JUNCTION
1286_7753,Kumaraswamy Layout Traffic PS,JARAGANAHALLI BUS STAND
1286_7754,Kumaraswamy Layout Traffic PS,JARAGANAHALLI BUS STAND
1286_7755,Subramanyapura PS,MARUTHI LAYOUT
1286_7756,Jayaprakash Nagar PS,MARENAHALLI VILLAGE
1286_7757,Konanakunte PS,EWS SECTOR
1286_7758,Konanakunte PS,EWS SECTOR
1286_7759,Konanakunte PS,WEAVERS COLONY
1286_7760,Hulimavu PS,HULIMAVU GATE
1286_7761,Hulimavu Traffic PS,J P Nagar
1286_7762,Electronic City Traffic PS,Beguru main road
1286_7763,Electronic City Traffic PS,Nice road
1286_7764,Electronic City Traffic PS,Basapura
1286_7765,Parappana Agrahara PS,HOSA ROAD
1286_7766,Electronic City Traffic PS,Basapura
1286_7767,Parappana Agrahara PS,ELECTRONIC CITY
1286_7768,Basavanagudi PS,N.R COLONY
1286_7769,Kamakshipalya PS,Other Jurisdiction
1286_7771,Electronic City Traffic PS,Bettadasanapura road
1286_7780,HSR Layout PS,HSR LAYOUT SECTOR FIRST
1286_7783,Basavanagudi PS,Ist Cross Road
1286_7785,Basavanagudi PS,Ist Cross Road
1286_7786,Basavanagudi PS,Vth Main Road
1286_7787,Basavanagudi PS,M.N.K ROAD
1286_7789,Basavanagudi PS,Krishna Road
1286_7795,Kempapura Agrahara PS,Cholurpalya
1286_7796,Kempapura Agrahara PS,First Main Road K.P.Agrahara
1286_7798,Basavanagudi PS,RANOJI RAO ROAD
1287_2757,Konanakunte PS,KOTHANURA VILLAGE
1287_7487,Jayanagar PS,Fourth T Block Jayanagar
1287_754,Thalaghattapura Traffic PS,Gubbalalla
1287_7737,Beguru PS,ROYAL MERIDIAN LAYOUT
1287_7739,Airport PS,MURUGESHPALYA
1287_7744,Kengeri PS,RV COLLEGE BUS STOP
1287_7748,Thalaghattapura PS,Channaveeranapalya
1287_7749,Kumaraswamy Layout Traffic PS,Nice road
1287_7750,Banashankari PS,Yarabanagara
1287_7751,Subramanyapura PS,DODDAGOWDANAPALYA
1287_7752,Thalaghattapura PS,Gaviyanapalya
1287_7753,Thalaghattapura PS,Gaviyanapalya
1287_7754,Thalaghattapura PS,Jattigarapalya
1287_7755,Konanakunte PS,KONANAKUNTE
1287_7756,Konanakunte PS,MYSORE BANK COLONY
1287_7757,Konanakunte PS,KOTTHANOOR VILLAGE
1287_7758,Konanakunte PS,KOTTHANOOR VILLAGE
1287_7759,Hulimavu PS,HULIMAVU GATE
1287_7760,Hulimavu PS,HULIMAVU GATE
1287_7761,Hulimavu Traffic PS,J P Nagar
1287_7762,Hulimavu Traffic PS,J P Nagar
1287_7763,Beguru PS,YELENA HALLI
1287_7764,Electronic City Traffic PS,singasandra
1287_7765,Electronic City Traffic PS,Basapura
1287_7766,Parappana Agrahara PS,SINGASANDRA
1287_7767,Electronic City Traffic PS,Parappana agrahara
1287_7770,Bellanduru PS,RAHDA REDDY LAYOUT
1287_7771,Varthur PS,KODATI SULIKUNTE AMBEDKAR NAGARA
1287_7779,Basavanagudi PS,Model Cross Street
1287_7784,Basavanagudi PS,K.R ROAD
1287_7786,Basavanagudi PS,M.N.K ROAD
1287_7787,Basavanagudi PS,M.N.K ROAD
1287_7789,Basavanagudi PS,Bugle Rock Road
1287_7793,Basavanagudi PS,BP Wadia Road
1288_1284,Konanakunte PS,EWS SECTOR
1288_7737,Beguru PS,DEVARACHIKKANAHALLI
1288_7738,Beguru PS,HONGASANDRA
1288_7745,Konanakunte PS,KONANAKUNTE VILLAGE
1288_7746,Kengeri Traffic PS,SHIRKA JUNCTION
1288_7747,Kengeri Traffic PS,MYSROE ROAD
1288_7748,Kengeri Traffic PS,MYSROE ROAD
1288_7749,Jayanagar PS,Eighth Block Jayanagar
1288_7750,Kengeri Traffic PS,MYSROE ROAD
1288_7751,Thalaghattapura PS,Chikkegowdanapalya
1288_7752,Kengeri Traffic PS,MYSROE ROAD
1288_7753,Thalaghattapura PS,Gubbalala
1288_7754,Jayanagar PS,Eighth Block Jayanagar
1288_7755,Subramanyapura PS,VALLABHANAGAR
1288_7756,Kumaraswamy Layout Traffic PS,JARAGANAHALLI BUS STAND
1288_7757,Puttenahalli PS,Santhruptinagar
1288_7758,Kumaraswamy Layout PS,Kumaraswamy Layout First stage
1288_7759,Mico Layout PS,BILEKAHALLI
1288_7760,Mico Layout PS,BILEKAHALLI
1288_7761,Mico Layout PS,BILEKAHALLI
1288_7762,Hulimavu Traffic PS,J P Nagar
1288_7763,Beguru PS,PATEL LAYOUT
1288_7764,Madivala Traffic PS,MADIVALA
1288_7765,Electronic City Traffic PS,Basapura
1288_7766,Parappana Agrahara PS,SINGASANDRA
1288_7767,Electronic City Traffic PS,Basapura
1288_7768,Parappana Agrahara PS,NAGANATHAPURA
1288_7769,Bellanduru PS,RAHDA REDDY LAYOUT
1288_7770,Varthur PS,KODATI SULIKUNTE AMBEDKAR NAGARA
1288_7771,Varthur PS,KODATI SULIKUNTE AMBEDKAR NAGARA
1288_7772,Varthur PS,KODATI SULIKUNTE AMBEDKAR NAGARA
1288_7773,Varthur PS,KODATI SULIKUNTE AMBEDKAR NAGARA
1289_1289,Subramanyapura PS,BRANDAVAN LAYOUT
1289_756,Kumaraswamy Layout PS,Kashi Nagar
1289_7732,Kempapura Agrahara PS,Magadi Road
1289_7734,HSR Layout PS,OTHER
1289_7738,Bandepalya PS,HOSAPALYA
1289_7746,Kengeri Traffic PS,channasandra
1289_7747,Kengeri Traffic PS,MYSROE ROAD
1289_7748,Upparpet PS,Other Police Sation
1289_7749,Kengeri PS,VALAGERE HALLI POLICE QUARTARS
1289_7750,Kengeri PS,LEFT SIDE FROM KARNATAKA BANK TO BHAIRAVA BAR
1289_7751,Kengeri PS,LEFT SIDE FROM KARNATAKA BANK TO BHAIRAVA BAR
1289_7752,Kengeri PS,SHIRKE APPARTMENTS
1289_7753,Jayanagar Traffic PS,J P NAGARA
1289_7754,Halasurgate PS,CUBBONPET
1289_7755,Kumaraswamy Layout PS,Kumaraswamy Layout First stage
1289_7756,Kumaraswamy Layout PS,ISRO LAYOUT
1289_7757,Kumaraswamy Layout PS,ISRO LAYOUT
1289_7758,Jayanagar PS,Eighth Block Jayanagar
1289_7759,Mico Layout Traffic PS,RANKA COLONY
1289_7760,Mico Layout PS,BILEKAHALLI
1289_7761,Madivala Traffic PS,HONGA SANDRA
1289_7762,Bommanahalli PS,Roopena Agrahara
1289_7763,Madivala Traffic PS,MADIVALA
1289_7764,Madivala Traffic PS,MADIVALA
1289_7765,Electronic City Traffic PS,singasandra
1289_7766,Bellanduru PS,Ibbalurr
1289_7767,HSR Lay Out Traffic PS,AGAR
1289_7768,Bellanduru PS,RAHDA REDDY LAYOUT
1289_7769,Bellanduru PS,RAHDA REDDY LAYOUT
1289_7770,Varthur PS,KODATI SULIKUNTE AMBEDKAR NAGARA
1289_7771,Varthur PS,KODATI SULIKUNTE AMBEDKAR NAGARA
1289_7772,Varthur PS,KODATI SULIKUNTE AMBEDKAR NAGARA
1289_7773,Varthur PS,KODATI SULIKUNTE AMBEDKAR NAGARA
1289_7778,Basavanagudi PS,K.R ROAD
1289_7779,Basavanagudi PS,R V Road
1289_7789,Malleshwaram PS,Malleshwara
1289_7798,Basavanagudi PS,Model Cross Street
1289_7799,Kumaraswamy Layout Traffic PS,SRINIVASA THEATER
1290_5877,Jayaprakash Nagar PS,SARAKKI AGRAHARA
1290_7638,Kalasipalya PS,HAMEEDKHAN GARDEN
1290_7664,Jayanagar Traffic PS,J P NAGARA
1290_7735,Subramanyapura PS,CHUNCHGHTTA
1290_7744,Kengeri PS,SONNENA HALLI
1290_7746,Kengeri PS,KENGERI
1290_7747,Kengeri PS,KENGERI
1290_7748,Kengeri PS,KENGERI
1290_7749,Kengeri PS,CHANNASANDRA
1290_7750,Kengeri PS,LEFT SIDE FROM KARNATAKA BANK TO BHAIRAVA BAR
1290_7751,Kengeri PS,CHANNASANDRA
1290_7752,Kengeri PS,CHANNASANDRA
1290_7753,Kumaraswamy Layout Traffic PS,Nice road
1290_7754,Siddapura PS,Someshwara Nagar
1290_7755,Kumaraswamy Layout PS,B.D.A Layout
1290_7756,Kumaraswamy Layout PS,Kumaraswamy Layout First stage
1290_7757,Kumaraswamy Layout PS,ISRO LAYOUT
1290_7758,Hulimavu Traffic PS,J P Nagar
1290_7759,Jayaprakash Nagar PS,MARENAHALLI
1290_7760,Mico Layout PS,BTM SECOND STAGE
1290_7761,Mico Layout PS,BTM SECOND STAGE
1290_7762,Madivala Traffic PS,MADIVALA
1290_7763,Madivala Traffic PS,MADIVALA
1290_7764,HSR Lay Out Traffic PS,HSR Layout
1290_7765,HSR Lay Out Traffic PS,HSR Layout
1290_7766,Bellanduru PS,Ibbalurr
1290_7767,Bellanduru PS,Kaikondralli
1290_7768,Bellanduru PS,RAHDA REDDY LAYOUT
1290_7769,HSR Lay Out Traffic PS,AGAR
1290_7770,Varthur PS,KODATI SULIKUNTE AMBEDKAR NAGARA
1290_7771,Varthur PS,KODATI SULIKUNTE AMBEDKAR NAGARA
1290_7772,Varthur PS,KACHAMANAHALLI MULLURU CIHICKBALANDURU
1290_7773,Varthur PS,KACHAMANAHALLI MULLURU CIHICKBALANDURU
1290_7795,Banashankari PS,Raghavendra Matta
1291_1211,Kumaraswamy Layout Traffic PS,JARAGANAHALLI BUS STAND
1291_1291,Banashankari PS,Banashankari IInd Stage
1291_762,Banashankari PS,Kadirenahalli
1291_7700,Suddaguntepalya PS,Ninth A main
1291_7702,Kengeri PS,SONNENA HALLI
1291_7705,Subramanyapura PS,R K LAYOUT
1291_7729,Kengeri PS,HARASHA LAYOUT
1291_7733,Jayaprakash Nagar PS,JARAGANAHALLI
1291_7737,Girinagar PS,GIRINAGAR
1291_7740,Byatarayanapura  PS,PANTHRAPALYA
1291_7745,Kamakshipalya Traffic PS,Nice Road
1291_7746,Kengeri Traffic PS,MYSROE ROAD
1291_7747,Kengeri PS,MANASALAYOUT
1291_7748,Kengeri PS,KENGERI
1291_7749,Kengeri PS,CHANNASANDRA
1291_7750,Kengeri PS,SHIRKE APPARTMENTS
1291_7751,Basavanagudi PS,VSOUTH CROSS ROAD
1291_7752,Rajarajeshwari Nagar PS,R.R.NAGARA
1291_7753,Girinagar PS,Hosakerehalli
1291_7754,Kumaraswamy Layout Traffic PS,P.P LAYOUT
1291_7755,Banashankari Traffic PS,BSK RING ROAD
1291_7756,Kumaraswamy Layout PS,Eshwari nagara
1291_7757,Kumaraswamy Layout PS,iliyaz nagar
1291_7758,Jayanagar PS,Fourth T Block Jayanagar
1291_7759,Mico Layout Traffic PS,TAVAREKERE MAIN ROAD.
1291_7760,Mico Layout PS,BTM SECOND STAGE
1291_7761,Mico Layout PS,BTM SECOND STAGE
1291_7762,Madivala Traffic PS,MADIVALA
1291_7763,City Market Traffic PS,CITY MARKET TRAFFIC
1291_7764,HSR Lay Out Traffic PS,AGAR
1291_7765,HSR Lay Out Traffic PS,AGAR
1291_7766,Bellanduru PS,Kaikondralli
1291_7767,Bellanduru PS,Ibbalurr
1291_7768,Bellanduru PS,Kaikondralli
1291_7769,Bellanduru PS,JUNNASANDRA
1291_7770,Varthur PS,KACHAMANAHALLI MULLURU CIHICKBALANDURU
1291_7771,Varthur PS,KACHAMANAHALLI MULLURU CIHICKBALANDURU
1291_7772,Varthur PS,KACHAMANAHALLI MULLURU CIHICKBALANDURU
1291_7773,Varthur PS,KACHAMANAHALLI MULLURU CIHICKBALANDURU
1291_7774,Varthur PS,KACHAMANAHALLI MULLURU CIHICKBALANDURU
1291_7778,Kengeri PS,SUBASH NAGARA
1291_7780,SouthEast CEN Crime PS,Southeast
1291_7798,Kengeri PS,RP ROAD
1291_7804,Kalasipalya PS,MAVALLI
1292_4757,Jayanagar PS,Fifth Block Jayanagar
1292_758,Jayanagar PS,Fifth Block Jayanagar
1292_7720,Kengeri PS,RV COLLEGE BUS STOP
1292_7733,Channammanakere Achu Kattu PS,BANAGIRI NAGAR
1292_7735,Channammanakere Achu Kattu PS,C.K. ACHHUKATTU
1292_7746,Kengeri PS,KENGERI
1292_7747,Kengeri PS,RP ROAD
1292_7748,Kengeri PS,VALAGERE HALLI POLICE QUARTARS
1292_77484,Kengeri PS,RP ROAD
1292_7749,Kengeri PS,SHIRKE APPARTMENTS
1292_7750,Rajarajeshwari Nagar PS,R.R.NAGARA
1292_7751,Rajarajeshwari Nagar PS,R.R.NAGARA
1292_7752,Basavanagudi PS,M.N.K ROAD
1292_7753,Girinagar PS,Hosakerehalli
1292_7754,Channammanakere Achu Kattu PS,ITTAMADU
1292_7755,Channammanakere Achu Kattu PS,BANAGIRI NAGAR
1292_7756,Channammanakere Achu Kattu PS,BANAGIRI NAGAR
1292_7757,Jayanagar PS,Eighth Block Jayanagar
1292_7758,Jayanagar PS,Fourth T Block Jayanagar
1292_7759,Jayanagar PS,Fourth T Block Jayanagar
1292_7760,Mico Layout PS,TAVAREKERE
1292_7761,Mico Layout PS,GURAPPANA PALYA
1292_7762,Madivala Traffic PS,AGRA JUNCTION
1292_7763,City Market Traffic PS,KALSIPALYA
1292_7764,HSR Lay Out Traffic PS,AGAR
1292_7765,HSR Lay Out Traffic PS,AGAR
1292_7766,Bellanduru PS,Ibbalurr
1292_7767,Bellanduru PS,Ibbalurr
1292_7768,Bellanduru PS,AMBALI PURA
1292_7769,Basaveshwara Nagar PS,BHOVI COLONY
1292_7770,Bellanduru PS,WIPRO
1292_7771,Varthur PS,GUNJUR BALAGERE GUNJUROALYA
1292_7772,Varthur PS,GUNJUR BALAGERE GUNJUROALYA
1292_7773,Varthur PS,GUNJUR BALAGERE GUNJUROALYA
1292_7774,Varthur PS,GUNJUR BALAGERE GUNJUROALYA
1292_7777,Varthur PS,GUNJUR BALAGERE GUNJUROALYA
1292_7795,Banashankari PS,K.R.Road
1292_7796,Bandepalya PS,MANGAMMANAPALYA
1293_1257,Jayanagar PS,Gupta Layout
1293_1293,Viveknagar PS,ORC Road
1293_7720,Girinagar PS,ERANNA GUDDE CIRCLE TO RAGHAVENDRA SWAMY MATTA
1293_7724,Basavanagudi PS,Model Cross Street
1293_7725,Kumaraswamy Layout PS,K.S.Layout First Stage
1293_7729,Kamakshipalya PS,KOTTIGEPALYA
1293_7737,Viveknagar PS,Ejipura
1293_7744,Varthur PS,GUNJUR BALAGERE GUNJUROALYA
1293_7746,Kengeri Traffic PS,MYSROE ROAD
1293_7747,Kengeri PS,RP ROAD
1293_7748,Kengeri PS,LEFT SIDE FROM KARNATAKA BANK TO BHAIRAVA BAR
1293_7749,Kengeri PS,SHIRKE APPARTMENTS
1293_7750,Rajarajeshwari Nagar PS,R.R.NAGARA
1293_7751,Byatarayanapura  PS,ATHMAJYOTHI NAGAR
1293_7752,Byatarayanapura  PS,ATHMAJYOTHI NAGAR
1293_7753,Girinagar PS,Hosakerehalli
1293_7754,Girinagar PS,V.B.H.C.S LAYOUT
1293_7755,Girinagar PS,SRINIVASANAGAR
1293_7756,Channammanakere Achu Kattu PS,C.K. ACHHUKATTU
1293_7757,Basavanagudi PS,N.R COLONY
1293_7758,Jayanagar PS,ICICI Bank Circle
1293_7759,Siddapura PS,Byrasandra
1293_7760,Ashoknagar Traffic PS,ASHOKNAGAR JUNCTION
1293_7761,Mico Layout PS,TAVAREKERE
1293_7762,Viveknagar PS,Ejipura
1293_7763,Viveknagar PS,Friends Colony
1293_7766,Whitefield CEN Crime PS,Other
1293_7767,Bellanduru PS,AMBALI PURA
1293_7768,Marathahalli PS,DEVARABISANA HALLI
1293_7769,Airport Traffic PS,OUTER RING ROAD
1293_7770,Bellanduru PS,JUNNASANDRA
1293_7771,Varthur PS,GUNJUR BALAGERE GUNJUROALYA
1293_7772,Varthur PS,GUNJUR BALAGERE GUNJUROALYA
1293_7773,Varthur PS,VARTHUR
1293_7774,Varthur PS,GUNJUR BALAGERE GUNJUROALYA
1293_7775,Varthur PS,VARTHUR
1293_7776,Varthur PS,VARTHUR
1293_7777,Varthur PS,VARTHUR
1293_7796,Banashankari PS,BDA
1293_7797,Jnanabharathi PS,JNANAGANGANAGARA
1293_7798,Jnanabharathi PS,JNANAGANGANAGARA
1294_1294,Siddapura PS,Guttepalya
1294_7704,Upparpet Traffic PS,T B ROAD OPP MEJISTIC HOTEL
1294_7705,Hanumanthanagar PS,KALIDASA LAYOUT
1294_7721,Varthur PS,R G HALLI SIIAPURA TUBARAHALLI
1294_7747,Jnanabharathi PS,ITI LAYOUT
1294_7748,Jnanabharathi PS,PAPAREDDYPALY
1294_7749,Kengeri PS,NAGADEVANA HALLI
1294_7750,Jayanagar PS,JAYANAGAR
1294_7751,Chandra Layout PS,NAGARABHVI
1294_7752,Chandra Layout PS,NAGARABHVI
1294_7753,Byatrarayanapura Traffic PS,Avalahalli Main Road
1294_7754,Girinagar PS,Muneswhara block
1294_7755,Girinagar PS,Nagendra block
1294_7756,Chickpet PS,A.M.LANE
1294_7757,City Market Traffic PS,KALSIPALYA
1294_7758,Jayanagar PS,Eighth Block Jayanagar
1294_7759,Adugodi PS,LAKKASANDRA EXTENSION
1294_7760,Adugodi PS,LAKKASANDRA EXTENSION
1294_7761,Adugodi PS,BAZAR STREET
1294_7762,Viveknagar PS,Ejipura
1294_7763,Viveknagar PS,Ejipura
1294_7764,Halasur Traffic PS,Old Airport Road
1294_7765,Jeevan Bheemanagar PS,KPWD NAL Quarters JB Nagar
1294_7766,Jeevan Bheemanagar PS,KPWD NAL Quarters JB Nagar
1294_7767,Marathahalli PS,Panathuru
1294_7768,Marathahalli PS,Panathuru
1294_7769,Airport Traffic PS,OUTER RING ROAD
1294_7770,Hulimavu PS,HULIMAVU GATE
1294_7771,Varthur PS,R G HALLI SIIAPURA TUBARAHALLI
1294_7772,Varthur PS,R G HALLI SIIAPURA TUBARAHALLI
1294_7773,Varthur PS,GUNJUR BALAGERE GUNJUROALYA
1294_7774,Varthur PS,VARTHUR
1294_7775,Varthur PS,VARTHUR
1294_7776,Whitefield PS,MADHURANAGARA
1294_7789,Basavanagudi PS,M.N.K ROAD
1294_7795,Halasur PS,Domlur Village
1295_1295,Varthur PS,R G HALLI SIIAPURA TUBARAHALLI
1295_1756,Kempegowda Nagar PS,AMBHABHAVANI NAGARA SLAM
1295_7342,Malleshwaram PS,Malleshwara
1295_7700,J.C. Nagar PS,JC NAGAR MAIN ROAD
1295_7706,Suddaguntepalya PS,Ninth A main
1295_7715,Malleshwaram PS,Malleshwara
1295_7724,Siddapura PS,Lalbagh Siddapura
1295_7725,Malleshwaram PS,Malleswaram
1295_7733,High Grounds PS,RACE COURSE ROAD
1295_7736,Halasur Traffic PS,Old Airport Road
1295_7738,Kalasipalya PS,HAMEEDKHAN GARDEN
1295_7742,H.A.L. PS,MARATHALLI
1295_7744,Byatarayanapura  PS,Pramod Layout
1295_7745,Malleshwaram PS,Malleswaram
1295_7747,Electronic City Traffic PS,Nice road
1295_7748,Jnanabharathi PS,Upakar Layout
1295_7749,Jnanabharathi PS,MALAGALA VILLAGE
1295_7750,Jnanabharathi PS,VINAYAKA LAYOUT
1295_7751,Chandra Layout PS,NAGARABHVI
1295_7752,Chandra Layout PS,BINNILAYOUT
1295_7753,Vijayanagar PS,R.P.C.LAYOUT
1295_7754,Basaveshwara Nagar PS,BEML LAYOUT
1295_7755,Kempegowda Nagar PS,KG Nagar Main Road
1295_7756,Kumaraswamy Layout PS,Kumaraswamy Layout First stage
1295_7757,Vishveshwarapuram PS,CHAMARAJAPETE
1295_7758,City Market Traffic PS,KALSIPALYA
1295_7759,Wilsongarden PS,ANNIPUR
1295_7760,Adugodi Traffic PS,B G ROAD
1295_7761,Viveknagar PS,ORC Road
1295_7762,Adugodi PS,RAJENDRA NAGARA
1295_7763,Halasur PS,domlur layout
1295_7764,Jeevan Bheemanagar PS,Kodihalli
1295_7765,Jeevan Bheemanagar PS,J.B.NAGARA
1295_7766,Jeevan Bheemanagar PS,Church Street and Sriramanagari
1295_7767,H.A.L. PS,ANNASANDRA PALYA
1295_7768,Jeevan Bheemanagar PS,KPWD NAL Quarters JB Nagar
1295_7769,Airport Traffic PS,VARTHUR MAIN ROAD
1295_7770,Airport Traffic PS,VARTHUR MAIN ROAD
1295_7771,Varthur PS,R G HALLI SIIAPURA TUBARAHALLI
1295_7772,Varthur PS,R G HALLI SIIAPURA TUBARAHALLI
1295_7773,Varthur PS,R G HALLI SIIAPURA TUBARAHALLI
1295_7774,Varthur PS,R G HALLI SIIAPURA TUBARAHALLI
1295_7775,Kadugodi PS,CHANNASANDRA
1295_7776,Whitefield PS,MADHURANAGARA
1295_7785,Shankarpura PS,RANGARAO ROAD
1295_7786,Basavanagudi PS,Vth Main Road
1295_7795,Chandra Layout PS,INDIRA COLONY
1296_1257,Kalasipalya PS,BAMBOO BAZAAR
1296_1296,Annapoorneshwari Nagar PS,D GROUP LAY OUT
1296_6411,Cottonpet PS,Akkipet Main Road
1296_7104,Central CEN Crime PS,Central division Limit
1296_752,Chandra Layout PS,CANARA BANK COLONY
1296_7694,Halasur Gate Traffic PS,KEMPE GOWDA ROAD
1296_7705,Rajarajeshwari Nagar PS,R.R.NAGARA
1296_7712,Central CEN Crime PS,Central division Limit
1296_7716,Madivala Traffic PS,S.P. ROAD JUNCTION
1296_7717,H.A.L. PS,DODDANAKKUNDI
1296_7723,Bandepalya PS,SOMASUNDARAPALYA
1296_7724,Pulakeshinagar Traffic PS,NAGAVARA MAIN ROAD
1296_7726,Magadi Road Traffic PS,magadi road
1296_7728,Bellanduru PS,Ibbalurr
1296_7729,Kamakshipalya Traffic PS,BDA COMPLEX JUCNTION RING ROAD
1296_7732,Magadi Road Traffic PS,rajaji nagar
1296_7734,Vyalikaval PS,DNR LAYOUT
1296_7736,Halasur PS,domlur layout
1296_7739,H.A.L. PS,ANNASANDRA PALYA
1296_7740,Kempapura Agrahara PS,Magadi Road
1296_7747,Jnanabharathi PS,Ullal
1296_7748,Jnanabharathi PS,Upakar Layout
1296_7749,Annapoorneshwari Nagar PS,KENGUNTE
1296_7750,Annapoorneshwari Nagar PS,NAGARABHAVI SECOND STAGE
1296_7751,Chandra Layout PS,CANARA BANK COLONY
1296_7752,Chandra Layout PS,MARUTHI NAGAR
1296_7753,Vijayanagar PS,R.P.C.LAYOUT
1296_7754,Vijayanagar PS,BINNY LAYOUT
1296_7755,Kempapura Agrahara PS,First Main Road K.P.Agrahara
1296_7756,Kempapura Agrahara PS,NethajiNagara
1296_7757,Halasurgate PS,KUMBARPET SP ROAD
1296_7758,S.J. Park PS,DASAPPA HOSPITAL ROAD
1296_7759,Ashoknagar Traffic PS,ASHOKNAGAR JUNCTION
1296_7760,Ashoknagar Traffic PS,RICHMOND ROAD
1296_7761,Halasur Traffic PS,M G ROAD
1296_7762,Halasur Traffic PS,Old Airport Road
1296_7763,Halasur Traffic PS,Cembridge Road
1296_7764,Jeevan Bheemanagar PS,Kodihalli
1296_7765,Jeevan Bheemanagar PS,J.B.NAGARA
1296_7766,Jeevan Bheemanagar PS,J.B.NAGARA
1296_7767,H.A.L. PS,ANNASANDRA PALYA
1296_7768,H.A.L. PS,VIGNANA NAGARA
1296_7769,H.A.L. PS,DODDANAKKUNDI
1296_7770,Airport Traffic PS,OUTER RING ROAD
1296_7771,H.A.L. PS,DODDANAKKUNDI
1296_7772,Varthur PS,VARTHUR
1296_7773,Whitefield PS,RAMAGONDANAHALLI
1296_7774,Whitefield Traffic PS,HOPE FORM TPL WHITEFIELD MAIN ROAD
1296_7775,Whitefield Traffic PS,HOPE FORM TPL WHITEFIELD MAIN ROAD
1296_7776,Whitefield PS,MADHURANAGARA
1296_7777,Whitefield PS,VYDEHI CIRCLE
1296_7787,Mahadevapura PS,Mahadevapura
1296_7790,West CEN Crime PS,West Division PSs Jurisdiction
1296_7795,H.A.L. PS,OTHER PS LIMITS
1296_7796,Chandra Layout PS,MARUTHI NAGAR
1297_1158,Halasur Gate Traffic PS,NRUPATUNGA ROAD
1297_1253,Govindaraja Nagar PS,Govindarajanagar
1297_1257,Upparpet Traffic PS,Near Mantap Ice Cream
1297_6817,Upparpet PS,PLACE ROAD GANDHINAGAR
1297_755,Magadi Road Traffic PS,magadi road
1297_7694,Halasur Gate Traffic PS,NRUPATUNGA ROAD
1297_7705,Kempapura Agrahara PS,First Main Road K.P.Agrahara
1297_7712,Magadi Road Traffic PS,rajaji nagar
1297_7726,Govindaraja Nagar PS,M.C Layout First Main Road To Sixth Main Road
1297_7734,Annapoorneshwari Nagar PS,PAAPA READY PALYA
1297_7739,Byappanahalli PS,G.M Palya
1297_7741,Rajajinagar Traffic PS,JC NAGAR
1297_7747,Kengeri Traffic PS,MYSROE ROAD
1297_7748,Annapoorneshwari Nagar PS,D GROUP LAY OUT
1297_7749,Annapoorneshwari Nagar PS,KENGUNTE
1297_7750,Annapoorneshwari Nagar PS,ANNAPOORNESHWARI NAGAR
1297_7751,Annapoorneshwari Nagar PS,NAGARABHAVI SECOND STAGE
1297_7752,Vijayanagar PS,BAPOOJI LAYOUT
1297_7753,Vijayanagar PS,M.C.LAYOUT
1297_7754,Vijayanagar PS,M.C.LAYOUT
1297_7755,Kempapura Agrahara PS,NethajiNagara
1297_7756,Kempapura Agrahara PS,NethajiNagara
1297_7757,Rajajinagar Traffic PS,Ullas Talkies road
1297_7758,Halasurgate PS,K.G.ROAD N.T ROAD
1297_7759,Cubbonpark Traffic PS,MUSEUM ROAD
1297_7760,Shivajinagar Traffic PS,KAMARJ ROAD
1297_7761,Halasur Traffic PS,M G ROAD
1297_7762,Halasur PS,Andra line
1297_7763,Halasur PS,Jogupalya
1297_7764,Jeevan Bheemanagar PS,Church Street and Sriramanagari
1297_7765,Jeevan Bheemanagar PS,Church Street and Sriramanagari
1297_7766,Jeevan Bheemanagar PS,J.B.NAGARA
1297_7767,Mahadevapura PS,Singayyanapalya
1297_7768,H.A.L. PS,VIGNANA NAGARA
1297_7769,Mahadevapura PS,MAHADEVAPURA
1297_7770,Mahadevapura PS,MAHADEVAPURA
1297_7771,Mahadevapura PS,KUNDALAHALLI COLONY
1297_7772,Whitefield Traffic PS,KUNDALAHALLI GRAPHITE AND ITPL ROAD
1297_7773,Whitefield Traffic PS,KUNDALAHALLI GRAPHITE AND ITPL ROAD
1297_7774,Whitefield Traffic PS,VARTHUR WHITEFIELD MAIN ROAD
1297_7775,Whitefield Traffic PS,HOPE FORM TPL WHITEFIELD MAIN ROAD
1297_7776,Whitefield PS,AMBEDKAR NAGARA GUTTE
1297_7777,Kadugodi PS,KADUGODI
1297_7786,Basavanagudi PS,M.N.K ROAD
1297_7794,Kempapura Agrahara PS,Cholurpalya
1297_7795,Banashankari PS,Raghavendra Matta
1297_7797,Halasur Traffic PS,M G ROAD
1297_7798,Magadi Road Traffic PS,rajaji nagar
1297_9741,Upparpet PS,PLACE ROAD GANDHINAGAR
1298_7321,Rajajinagar PS,THIRD BLOCK
1298_7490,Kamakshipalya PS,SUNKADAKATTE
1298_755,Magadi Road Traffic PS,rajaji nagar
1298_760,Shivajinagar Traffic PS,BROADWAY ROAD
1298_7707,Shivajinagar Traffic PS,BAMBOO BAZAR
1298_7712,Magadi Road Traffic PS,cholarapalya
1298_7723,Kamakshipalya PS,MAGADI MAIN ROAD
1298_7726,Pulakeshinagar  PS,JEEVANA HALLI
1298_7732,Magadi Road PS,RAJAJINAGARA ENTRENCE
1298_7734,High Grounds PS,RACE COURSE ROAD
1298_7735,Kamakshipalya PS,MAGADI MAIN ROAD
1298_7736,Magadi Road PS,SSI area
1298_7741,Bharathi Nagar PS,PRINCE OF WALES ROAD
1298_7744,Kadugodi PS,KANNAMANGALA
1298_7745,Varthur PS,KODATI SULIKUNTE AMBEDKAR NAGARA
1298_7747,Byadarahalli PS,Herohalli
1298_7748,Byadarahalli PS,Anjananagar
1298_7749,Annapoorneshwari Nagar PS,ANNAPOORNESHWARI NAGAR
1298_7750,Annapoorneshwari Nagar PS,ANNAPOORNESHWARI NAGAR
1298_7751,Kamakshipalya PS,K.H.B.COLONY
1298_7752,Kamakshipalya PS,KAMAKSHIPALYA
1298_7753,Basaveshwara Nagar PS,MANIVILAS GARDEN
1298_7754,Basaveshwara Nagar PS,BHOVI COLONY
1298_7755,Hanumanthanagar PS,KALAPPA BLOCK
1298_7756,Magadi Road Traffic PS,Binnimil
1298_7757,Seshadripuram PS,R V SHETTY LAYOUT
1298_7758,High Grounds Traffic PS,SHESHADRIPURAM
1298_7759,Jayanagar PS,ICICI Bank Circle
1298_7760,Madivala PS,AXA BUILDING
1298_7761,Shivajinagar PS,RMS
1298_7762,Halasur PS,Andra line
1298_7763,Halasur PS,Andra line
1298_7764,Halasur Traffic PS,Murphy Road
1298_7765,Byappanahalli PS,SUDDAGUNTE PALYA
1298_7766,Byappanahalli PS,Benniganahalli
1298_7767,Mahadevapura PS,B Narayanapura
1298_7768,Mahadevapura PS,MAHADEVAPURA
1298_7769,Mahadevapura PS,MAHADEVAPURA
1298_7770,K.R.Puram Traffic PS,MAHADEVAPURA
1298_7771,Mahadevapura PS,Mahadevapura
1298_7772,Sanjay Nagar PS,OTHER PS LIMITS
1298_7773,Whitefield Traffic PS,KUNDALAHALLI GRAPHITE AND ITPL ROAD
1298_7774,Whitefield Traffic PS,BIG BAZZAR ITPL MAIN ROAD
1298_7775,Whitefield Traffic PS,HOPE FORM TPL WHITEFIELD MAIN ROAD
1298_7776,Kadugodi PS,CHANNASANDRA
1298_7777,Kadugodi PS,CHANNASANDRA
1298_7785,Magadi Road PS,GOPALAPURA
1298_7786,Kempapura Agrahara PS,First Main Road K.P.Agrahara
1298_7796,SouthEast CEN Crime PS,Southeast
1298_7798,Basavanagudi PS,N.R COLONY
1298_9798,West CEN Crime PS,West Division PSs Jurisdiction
1299_100,Malleshwaram PS,MALLESHWARA
1299_1259,Vyalikaval PS,VR PURA
1299_1299,Vyalikaval PS,MARUTHI EXTN
1299_1300,Vyalikaval PS,DNR LAYOUT
1299_7715,K.R. Puram PS,T.C.PALYA
1299_7725,Malleshwaram PS,Malleshwara
1299_7726,Pulakeshinagar  PS,JEEVANA HALLI
1299_7733,Malleshwaram PS,Malleshwara
1299_7735,Basaveshwara Nagar PS,KIRLOSKAR COLONY
1299_7736,Pulakeshinagar  PS,FRAZER TOWN
1299_7744,Adugodi PS,ERAMMA GARDEN
1299_7746,Byadarahalli PS,Herohalli
1299_7747,Byadarahalli PS,Anjananagar
1299_7748,Byadarahalli PS,Herohalli
1299_7749,Byadarahalli PS,Doddan Layout
1299_7750,Kamakshipalya PS,SUNKADAKATTE
1299_7751,Kamakshipalya PS,SUNKADAKATTE
1299_7752,Basaveshwara Nagar PS,BEML LAYOUT
1299_7753,Basaveshwara Nagar PS,KIRLOSKAR COLONY
1299_7754,Basaveshwara Nagar PS,LIC COLONY
1299_7755,Basaveshwara Nagar PS,Service Road
1299_7756,Subramanyanagar PS,GAYATHRINAGAR
1299_7757,Pulakeshinagar Traffic PS,NAGAVARA MAIN ROAD
1299_7758,Sadashivanagar Traffic PS,B D A UPRAMP
1299_7759,High Grounds PS,KAVERIYAPPA LAYOUT VASANTH NAGAR
1299_7760,Bharathi Nagar PS,NETHAJI ROAD
1299_7761,Bharathi Nagar PS,K. KAMARAJ ROAD
1299_7762,Pulakeshinagar Traffic PS,PULAKESHI NAGAR PS LIMITS
1299_7763,Byappanahalli PS,AMBEDKAR NAGAR
1299_7764,Byappanahalli PS,OLD BYAPPANAHALLI
1299_7765,Jeevan Bhima Nagar (Indiranagar) Traffic  PS,INDIRANGARA
1299_7766,Mahadevapura PS,Kaverinagar
1299_7767,K.R. Puram PS,V.B. LAYOUT
1299_7768,Mahadevapura PS,B Narayanapura
1299_7769,Mahadevapura PS,B Narayanapura
1299_7770,Mahadevapura PS,B Narayanapura
1299_7771,K.R. Puram PS,HOODI ROAD
1299_7772,Mahadevapura PS,Mahadevapura
1299_7773,Kadugodi PS,DINNUR
1299_7774,Kadugodi PS,PATTALAMMA LAYOUT
1299_7775,K.R. Puram PS,T.C.PALYA
1299_7776,Whitefield Traffic PS,KADUGODI HOSKOTE MAIN ROAD
1299_7777,Kadugodi PS,KADUGODI
1299_7783,Basaveshwara Nagar PS,Kaveri Nagar
1299_7790,Jalahalli PS,HMTCOLONY
1299_7795,Banashankari PS,Yarabanagara
1299_7796,Pulakeshinagar  PS,JEEVANA HALLI
1299_7799,Malleshwaram PS,Malleswaram
1299_8023,Jayaprakash Nagar PS,VET COLLEGE AND HOSTEL AREA
129_775,Rajajinagar Traffic PS,Twelth main road
12_77,Adugodi Traffic PS,KORAMANGALA
12_7737,Adugodi Traffic PS,KORAMANGALA
1300_1300,J.C. Nagar PS,JC NAGAR MAIN ROAD
1300_52,Peenya Traffic PS,HEGGANAHALLI
1300_7353,Mahalakshmipuram PS,J C NAGARA
1300_7610,K.R. Puram PS,T.C.PALY
1300_7700,Rajagopal Nagar PS,HEGGANAHALLI
1300_7701,Rajajinagar Traffic PS,KEMPAMMA LAYOUT
1300_7703,K.R. Puram PS,DEVASANDRA MAIN ROAD
1300_7706,Ramamurthy Nagar PS,SIR M V NAGAR
1300_7712,K.R. Puram PS,HOODI ROAD
1300_7714,K.R. Puram PS,HOODI ROAD
1300_7715,Sadashivanagar Traffic PS,MEKHRI CIRCLE
1300_7720,Whitefield CEN Crime PS,Other
1300_7721,K.R. Puram PS,HOODI ROAD
1300_7724,Pulakeshinagar Traffic PS,NAGAVARA MAIN ROAD
1300_7725,Malleshwaram PS,Malleshwara
1300_7727,Annapoorneshwari Nagar PS,D GROUP LAY OUT
1300_7729,Rajagopal Nagar PS,HEGGANAHALLI
1300_7730,Rajagopal Nagar PS,RAJAGOPALA NAGARA
1300_7731,Peenya Traffic PS,HEGGANAHALLI
1300_7732,Basaveshwara Nagar PS,VGBCS LAYOUT
1300_7733,Sadashivanagar Traffic PS,J.N.TATA AUDITORIUM
1300_7734,Malleshwaram PS,Malleshwara
1300_7735,Sadashivanagar Traffic PS,GAYATHRI GATE
1300_7736,J.C. Nagar PS,JC NAGAR MAIN ROAD
1300_7739,K.R. Puram PS,V.B. LAYOUT
1300_7744,Kadugodi PS,KODEGEHALLY
1300_7745,South CEN Crime PS,SOUTH DVN
1300_7747,Byadarahalli PS,Andrahalli
1300_7748,Byadarahalli PS,Andrahalli
1300_7749,Rajagopal Nagar PS,HEGGANAHALLI
1300_7750,Rajagopal Nagar PS,HEGGANAHALLI
1300_7751,Rajagopal Nagar PS,HEGGANAHALLI
1300_7752,Rajagopal Nagar PS,Chamundipura
1300_7753,Nandini Layout PS,JAIMARUTHI NAGARA
1300_7754,Subramanyanagar PS,RAJAJINAGAR R BLOCK
1300_7755,Subramanyanagar PS,RAJAJINAGAR R BLOCK
1300_7756,Malleshwaram PS,Malleshwara
1300_7757,Malleshwaram PS,Malleshwara
1300_7758,Sadashivanagar Traffic PS,GAYATHRI GATE
1300_7759,J.C. Nagar PS,JC NAGAR MAIN ROAD
1300_7760,J.C. Nagar PS,JC NAGAR MAIN ROAD
1300_7761,Devarajeevanahalli PS,A K colony
1300_7762,Pulakeshinagar Traffic PS,PULAKESHI NAGAR PS LIMITS
1300_7763,Banaswadi PS,subbaiahnapalya
1300_7764,Banaswadi PS,chikkabanasawadi
1300_7765,Ramamurthy Nagar PS,OMBR LAYOUT
1300_7766,K.R.Puram Traffic PS,KASTHURI NAGARA
1300_7767,K.R. Puram PS,OLD MADRAS ROAD NEAR BUS STAND
1300_7768,K.R. Puram PS,T.C.PALYA
1300_7769,K.R. Puram PS,OLD MADRAS ROAD NEAR BUS STAND
1300_7770,K.R. Puram PS,V.B. LAYOUT
1300_7771,K.R. Puram PS,HOODI ROAD
1300_7772,K.R. Puram PS,K.R.PURA
1300_7773,Kadugodi PS,KODEGEHALLY
1300_7774,Whitefield Traffic PS,KADUGODI HOSKOTE MAIN ROAD
1300_7775,Kadugodi PS,BELTHUR
1300_7776,Kadugodi PS,KODEGEHALLY
1300_7783,Rajajinagar Traffic PS,Ullas Talkies road
1301_1170,K.R. Puram PS,DEVASANDRA MAIN ROAD
1301_1759,R.T.Nagar Traffic PS,R.T.nagar
1301_7382,R.T. Nagar PS,MATADAHALLI
1301_7403,K.R. Puram PS,K.R.PURA
1301_7701,R.M.C. Yard PS,S R S Road
1301_7702,Mahalakshmipuram PS,Mahalakshmi Puram
1301_7703,R.M.C. Yard PS,Goraguntepalya Circle
1301_7705,Yeshwanthapura Traffic PS,R M C YARD
1301_7706,R.M.C. Yard PS,Marappanapalya
1301_7707,Kadugodi PS,KANNAMANGALA
1301_7712,K.R. Puram PS,HOODI ROAD
1301_7713,R.M.C. Yard PS,Marappanapalya
1301_7719,Byadarahalli PS,Tigalarapalya
1301_7723,Peenya Traffic PS,T DASARAHALLI
1301_7725,Peenya Traffic PS,T DASARAHALLI
1301_7729,R.T. Nagar PS,P AND T COLONY
1301_7730,Rajagopal Nagar PS,RAJAGOPALA NAGARA
1301_7731,Rajagopal Nagar PS,DUGGALAMMA LAYOUT
1301_7732,Yeshwanthapura Traffic PS,R M C YARD
1301_7733,Sadashivanagar Traffic PS,J.N.TATA AUDITORIUM
1301_7734,Sadashivanagar Traffic PS,NEW BEL ROAD
1301_7735,East Zone Women PS,HEBBALA PS
1301_7736,R.T. Nagar PS,HMT BLOCK
1301_7737,Banasawadi Traffic PS,Hennur main road
1301_7738,Banaswadi PS,Lingarajpura
1301_7743,Yelahanka New Town PS,DODDABETTAHALLI
1301_7745,K.R. Puram PS,T.C.PALYA
1301_7747,Byadarahalli PS,Tigalarapalya
1301_7748,Peenya PS,Nelagadranahalli
1301_7749,H.A.L. PS,DODDANAKKUNDI
1301_7750,Rajagopal Nagar PS,PEENYA INDUSTRIAL AREA
1301_7751,Devarajeevanahalli PS,KAVERI NAGAR
1301_7752,Rajagopal Nagar PS,Chamundipura
1301_7753,Nandini Layout PS,KRISHNANANDA NAGARA
1301_7754,Nandini Layout PS,JAIMARUTHI NAGARA
1301_7755,Yeshwanthapura Traffic PS,R M C YARD
1301_7756,Yeshwanthapura Traffic PS,R M C YARD
1301_7757,R.T.Nagar Traffic PS,SANJAYA NAGAR
1301_7758,R.T.Nagar Traffic PS,R.T.nagar
1301_7759,R.T. Nagar PS,MATADAHALLI
1301_7760,Devarajeevanahalli PS,MODI ROAD
1301_7761,Devarajeevanahalli PS,K B SANDRA
1301_7762,K G Halli Traffic PS,K.G.HALLI TRAFFIC PS LIMITS
1301_7763,Hennur PS,Maruthi Layout
1301_7764,Banaswadi PS,kammanahalli main road
1301_7765,Hennur PS,Babusabpalya
1301_7766,Chikkajala Traffic PS,MVIT JUNCTION
1301_7767,K.R. Puram PS,AMBEDKAR NAGARA
1301_7768,K.R. Puram PS,T.C.PALYA
1301_7769,K.R. Puram PS,T.C.PALYA
1301_7770,K.R. Puram PS,OLD MADRAS ROAD NEAR BUS STAND
1301_7771,K.R. Puram PS,OLD MADRAS ROAD NEAR BUS STAND
1301_7772,K.R. Puram PS,HOODI ROAD
1301_7773,K.R. Puram PS,k.r.pura
1301_7774,K.R. Puram PS,K.R.PURA
1301_7775,Kadugodi PS,KADUGODI
1301_7776,Whitefield Traffic PS,KADUGODI HOSKOTE MAIN ROAD
1301_7778,R.T.Nagar Traffic PS,J C NAGAR
1301_7868,K.R. Puram PS,T.C.PALYA
1302_1302,Devarajeevanahalli PS,K B SANDRA
1302_1758,R.T.Nagar Traffic PS,R.T.nagar
1302_1762,K G Halli Traffic PS,K.G.Halli Traffic Police Station
1302_6654,Bagalagunte PS,SANTHOSH NAGAR
1302_6817,Sanjay Nagar PS,NAGASHETTYHALLI
1302_7665,K G Halli Traffic PS,K.G.HALLI TRAFFIC PS LIMITS
1302_769,K.R. Puram PS,V.B. LAYOUT
1302_7700,Ramamurthy Nagar PS,AKSHYA NAGAR
1302_7703,Bagalagunte PS,KALYANA NAGAR
1302_7704,R.M.C. Yard PS,Goraguntepalya Circle
1302_7705,Yeshwanthapura Traffic PS,R M C YARD
1302_7710,Amruthahally PS,Kempapura
1302_7712,Malleshwaram PS,MALLESHWARA
1302_7713,R.M.C. Yard PS,Relaince market
1302_7721,Bagalagunte PS,SIDEDAHALLI ROAD RIGHT SIDE
1302_7725,Malleshwaram PS,Malleshwara
1302_7728,Byadarahalli PS,Tigalarapalya
1302_7729,R.T. Nagar PS,CHAMUNDI NAGAR
1302_7730,Peenya Traffic PS,T DASARAHALLI
1302_7731,Rajajinagar Traffic PS,LAGGERE BRIDGE
1302_7732,Jalahalli PS,HMT FACTORY.
1302_7733,East Zone Women PS,HEBBALA PS
1302_7739,Ramamurthy Nagar PS,NARASIMHAIAH LAYOUT
1302_7741,Kothanur PS,BYRATHI CROSS
1302_7746,Chandra Layout PS,MARUTHI NAGAR
1302_7747,Peenya PS,T.Dasarahalli
1302_7748,Peenya PS,T.Dasarahalli
1302_7749,Peenya PS,Nelagadranahalli
1302_7750,Peenya Traffic PS,HEGGANAHALLI
1302_7751,Peenya Traffic PS,T DASARAHALLI
1302_7752,Peenya Traffic PS,T DASARAHALLI
1302_7753,Nandini Layout PS,KANTEERAVA STUDIO
1302_7754,Malleshwaram PS,MALLESHWARA
1302_7755,Rajajinagar Traffic PS,NANDINI LAYOUT
1302_7756,Yeshwanthapura Traffic PS,R M C YARD
1302_7757,R.T.Nagar Traffic PS,SANJAYA NAGAR
1302_7758,R.T.Nagar Traffic PS,R.T.nagar
1302_7759,R.T.Nagar Traffic PS,R.T.nagar
1302_7760,Devarajeevanahalli PS,KAVERI NAGAR
1302_7761,Devarajeevanahalli PS,L R BANDE
1302_7762,K G Halli Traffic PS,K.G.Halli Traffic Police Station
1302_7763,Hennur PS,HBR LAYOUT
1302_7764,Hennur PS,HBR LAYOUT
1302_7765,Hennur PS,Hennur Bande.
1302_7766,Ramamurthy Nagar PS,JAYANTHI GRAMA
1302_7767,K.R.Puram Traffic PS,TC PALYA
1302_7768,K.R. Puram PS,HOODI ROAD
1302_7769,K.R. Puram PS,OLD MADRAS ROAD NEAR BUS STAND
1302_7770,K.R. Puram PS,K.R.PURA
1302_7771,K.R. Puram PS,K.R.PURA
1302_7772,K.R. Puram PS,OLD MADRAS ROAD NEAR BUS STAND
1302_7774,Kadugodi PS,DODDABANAHALLY
1302_7775,Kadugodi PS,DODDABANAHALLY
1302_7776,Whitefield Traffic PS,KADUGODI HOSKOTE MAIN ROAD
1302_7777,Kadugodi PS,KANNAMANGALA
1302_7787,R.T.Nagar Traffic PS,SANJAYA NAGAR
1302_7795,R.T. Nagar PS,MATADAHALLI
1303_1303,R.T.Nagar Traffic PS,SANJAYA NAGAR
1303_1706,Yeshwanthapura PS,L.N. COLONY
1303_1758,R.T.Nagar Traffic PS,R.T.nagar
1303_1788,R.T.Nagar Traffic PS,R.T.nagar
1303_6703,Govindapura PS,Govindapura
1303_7582,K G Halli Traffic PS,K.G.Halli Traffic Police Station
1303_7702,R.M.C. Yard PS,Goraguntepalya Circle
1303_7703,Ramamurthy Nagar PS,AKSHYA NAGAR
1303_7705,Sanjay Nagar PS,CENTRAL EXCISE LAYOUT
1303_7723,Amruthahally PS,Kempapura
1303_7729,R.T. Nagar PS,CHAMUNDI NAGAR
1303_7732,Jalahalli Traffic PS,S M ROAD
1303_7733,Jalahalli Traffic PS,S M ROAD
1303_7736,Amruthahally PS,Sandyagappa Reddy Lay Out
1303_7737,Banaswadi PS,Lingarajpura
1303_7744,Govindapura PS,Govindapura
1303_7747,Jalahalli Traffic PS,S M ROAD
1303_7748,Peenya PS,Karihobhanahalli
1303_7749,Peenya PS,Karihobhanahalli
1303_7750,Peenya PS,Chokkasandra
1303_7751,Peenya Traffic PS,T DASARAHALLI
1303_7752,Peenya Traffic PS,T DASARAHALLI
1303_7753,Jalahalli PS,HMT FACTORY.
1303_7754,Jalahalli PS,BALAJI NARSING HOME
1303_7755,Rajajinagar Traffic PS,Mahalakshmi Puram
1303_7756,R.T.Nagar Traffic PS,SANJAYA NAGAR
1303_7757,R.T.Nagar Traffic PS,SANJAYA NAGAR
1303_7758,R.T.Nagar Traffic PS,R.T.nagar
1303_7759,R.T. Nagar PS,CHAMUNDI NAGAR
1303_7760,Rajajinagar Traffic PS,Mahalakshmi Layout
1303_7761,K G Halli Traffic PS,K.G.Halli Traffic Police Station
1303_7762,Hennur PS,HBR LAYOUT
1303_7763,Hennur PS,HBR LAYOUT
1303_7764,Hennur PS,HBR Layout
1303_7765,Hennur PS,Hennur Bande.
1303_7766,K.R. Puram PS,REVANNA LAYOUT
1303_7767,K.R.Puram Traffic PS,KALKERE
1303_7768,K.R.Puram Traffic PS,KALKERE
1303_7769,K.R. Puram PS,V.B. LAYOUT
1303_7770,K.R. Puram PS,V.B. LAYOUT
1303_7771,K.R. Puram PS,V.B. LAYOUT
1303_7773,Thalaghattapura PS,Gaviyanapalya
1303_7774,Whitefield Traffic PS,KADUGODI HOSKOTE MAIN ROAD
1303_7775,Kadugodi PS,DODDABANAHALLY
1303_77756,Sanjay Nagar PS,NAGASHETTYHALLI
1303_7776,Whitefield Traffic PS,KADUGODI HOSKOTE MAIN ROAD
1303_7777,Kadugodi PS,KANNAMANGALA
1303_7787,R.T.Nagar Traffic PS,R.T.nagar
1303_7788,R.T.Nagar Traffic PS,R.T.nagar
1304_1304,Peenya PS,T.Dasarahalli
1304_1752,Bagalagunte PS,SANTHOSH NAGAR
1304_7676,R.T.Nagar Traffic PS,R.T.nagar
1304_7721,R.M.C. Yard PS,Relaince market
1304_7732,Rajajinagar Traffic PS,Ullas Talkies road
1304_7733,Subramanyanagar PS,SUBRAMANYA NAGAR
1304_7734,K.R. Puram PS,V.B. LAYOUT
1304_7735,Gangammana Gudi PS,ABBIGERE LAKSMIPURA VIJAYALAKSHMI LAYOUT PASHCIM COUNTY VISHWESHWARAIAH ENCLAVE THAMMAYYA LAYOUT
1304_7736,Devarajeevanahalli PS,MODI ROAD
1304_7739,Kothanur PS,NAGARESHWARA NAGENAHALLI
1304_7742,Hulimavu PS,BASAVANAPURA
1304_7747,Peenya PS,Havanru Badavane
1304_7748,Peenya PS,Karihobhanahalli
1304_7749,Peenya Traffic PS,T DASARAHALLI
1304_7750,Peenya PS,T.Dasarahalli
1304_7751,Peenya PS,T.Dasarahalli
1304_7752,Peenya PS,Peenya Second Block
1304_7753,Jalahalli PS,HMT FACTORY.
1304_7754,Jalahalli PS,BALAJI NARSING HOME
1304_7755,Jalahalli PS,BALAJI NARSING HOME
1304_7756,Jalahalli PS,POORNAPURA.
1304_7757,R.T.Nagar Traffic PS,SANJAYA NAGAR
1304_7758,R.T.Nagar Traffic PS,R.T.nagar
1304_7759,Sanjay Nagar PS,CENTRAL EXCISE LAYOUT
1304_7760,Hebbal PS,v.Nagenahalli
1304_7761,Kadugondana Halli PS,DODANNA LAYOUT
1304_7762,Hennur PS,Agara
1304_7763,Hennur PS,Agara
1304_7764,Hennur PS,Maruthi Layout
1304_7765,Hennur PS,Ashirvad Colony
1304_7766,Hennur PS,Ashirvad Colony
1304_7767,K.R. Puram PS,DEVASANDRA MAIN ROAD
1304_7768,Yelahanka New Town PS,ANATHAPURA GATE
1304_7769,K.R. Puram PS,HOODI ROAD
1304_7770,K.R. Puram PS,V.B. LAYOUT
1304_7771,K.R. Puram PS,OLD MADRAS ROAD NEAR BUS STAND
1304_7772,K.R. Puram PS,HOODI ROAD
1304_7773,Bandepalya PS,MANGAMMANAPALYA
1305_6523,Bagalagunte PS,SANTHOSH NAGAR
1305_6875,Bagalagunte PS,BAGALAGUNTE
1305_7702,Mahalakshmipuram PS,Mahalakshmi layout
1305_7703,R.M.C. Yard PS,Marappanapalya
1305_7705,Gangammana Gudi PS,KAMMAGONDANAHALLI
1305_7712,Varthur PS,VARTHUR
1305_7713,R.M.C. Yard PS,S R S Road
1305_7725,Gangammana Gudi PS,KAMMAGONDANAHALLI
1305_7728,Soladevanahalli PS,CHIKKABANAVARA
1305_7729,Jalahalli Traffic PS,HEASRGHATTA MAIN ROAD
1305_7730,Soladevanahalli PS,TARABANA HALLI
1305_7731,Soladevanahalli PS,TARABANA HALLI
1305_7732,Rajajinagar Traffic PS,NANDINI LAYOUT
1305_7733,Yeshwanthapura Traffic PS,R M C YARD
1305_7738,Devanahalli Traffic PS,Bagaluru Circle
1305_7744,Annapoorneshwari Nagar PS,D GROUP LAY OUT
1305_7749,Peenya PS,Nelagadranahalli
1305_7750,Peenya PS,Havanru Badavane
1305_7751,Peenya PS,T.Dasarahalli
1305_7752,Jalahalli Traffic PS,AIR FORCE EAST ROAD
1305_7753,Gangammana Gudi PS,KAMMAGONDANAHALLI
1305_7754,Jalahalli PS,SUNDHARANAGARA
1305_7755,Jalahalli PS,BEL COLONY
1305_7756,Vidyaranyapura PS,Doddabommasandra
1305_7757,Subramanyanagar PS,GAYATHRINAGAR
1305_7758,Kodigehalli PS,Amaco layout
1305_7759,Kodigehalli PS,Byatarayanapura
1305_7760,Amruthahally PS,Bhuvaneshwari nagar
1305_7761,Sampigehalli PS,ANJANDRI LAYOUT
1305_7762,Sampigehalli PS,ANJANDRI LAYOUT
1305_7763,Hennur PS,Agara
1305_7764,Hennur PS,Hennur Bande.
1305_7765,Kothanur PS,BYRATHI CROSS
1305_7766,Kothanur PS,Beleshivale
1305_7767,Devanahalli Traffic PS,kottanoor
1305_7773,K.R. Puram PS,Other
1305_7776,Amruthahally PS,Snehanagar
1306_1365,R.M.C. Yard PS,Marappanapalya
1306_1754,Jalahalli Traffic PS,AIR FORCE EAST ROAD
1306_7698,Amruthahally PS,Snehanagar
1306_7710,R.M.C. Yard PS,Relaince market
1306_7713,R.M.C. Yard PS,Goraguntepalya Circle
1306_7723,Bagalagunte PS,KALYANA NAGARA
1306_7728,Jalahalli Traffic PS,HEASRGHATTA MAIN ROAD
1306_7731,Soladevanahalli PS,HURULICHIKKANAHALLI
1306_7748,Peenya Traffic PS,T DASARAHALLI
1306_7749,Peenya PS,Havanru Badavane
1306_7750,Soladevanahalli PS,CHIKKABANAVARA
1306_7751,Soladevanahalli PS,CHIKKABANAVARA
1306_7752,Jalahalli Traffic PS,AIR FORCE EAST ROAD
1306_7753,Jalahalli Traffic PS,AIR FORCE EAST ROAD
1306_7754,Vidyaranyapura PS,M.S.Palya
1306_7755,Vidyaranyapura PS,Chamundeshwari layout
1306_7756,Vidyaranyapura PS,Doddabommasandra
1306_7757,Malleshwaram PS,Malleswaram
1306_7758,Kodigehalli PS,Byatarayanapura
1306_7759,Hebbal Traffic PS,vidyaranyapura
1306_7760,Amruthahally PS,Snehanagar
1306_7761,Sampigehalli PS,Telecom layout
1306_7762,Sampigehalli PS,BASAVALINGAPPA LAYOUT
1306_7763,Sampigehalli PS,M.C.E.C.H.S.LAYOUT RIGHT SIDE
1306_7764,Kothanur PS,BYRATHI CROSS
1306_7765,Kothanur PS,Beleshivale
1306_7766,Kothanur PS,Beleshivale
1306_7767,Devanahalli Traffic PS,kottanoor
1306_8022,Rajarajeshwari Nagar PS,out side area
1307_7701,Amruthahally PS,Bhuvaneshwari nagar
1307_7707,Jalahalli Traffic PS,AIR FORCE EAST ROAD
1307_7726,Jalahalli Traffic PS,AIR FORCE EAST ROAD
1307_7729,Soladevanahalli PS,HESARAGHATTA
1307_7745,Sampigehalli PS,AGRAHARA VILLAGE
1307_7748,Jalahalli Traffic PS,HEASRGHATTA MAIN ROAD
1307_7749,Jalahalli Traffic PS,HEASRGHATTA MAIN ROAD
1307_7750,Soladevanahalli PS,HESARUGHATTA
1307_7751,Gangammana Gudi PS,ABBIGERE LAKSMIPURA VIJAYALAKSHMI LAYOUT PASHCIM COUNTY VISHWESHWARAIAH ENCLAVE THAMMAYYA LAYOUT
1307_7752,Soladevanahalli PS,TARABANA HALLI
1307_7753,Vidyaranyapura PS,M.S.Palya
1307_7754,Gangammana Gudi PS,KUVEMPUNAGAR
1307_7755,Vidyaranyapura PS,Basavasamithi Layout
1307_7756,Vidyaranyapura PS,Basavasamithi Layout
1307_7757,Sanjay Nagar PS,U.A.S LAYOUT
1307_7758,Kodigehalli PS,Thindlu
1307_7759,Pulakeshinagar  PS,COOKE TOWN
1307_7760,Amruthahally PS,Jakkuru Jakkur layout
1307_7761,Chikkajala Traffic PS,R K HEGGADE NAGAR MAIN ROAD
1307_7762,Sampigehalli PS,BASAVALINGAPPA LAYOUT
1307_7763,Devanahalli Traffic PS,kottanoor
1307_7764,Kothanur PS,NAGARESHWARA NAGENAHALLI
1307_7765,Devanahalli Traffic PS,kottanoor
1307_7766,Kothanur PS,CHIKKAGUBBI
1307_7767,Kothanur PS,Beleshivale
1307_7787,Peenya PS,Chokkasandra
1307_8018,Kengeri PS,VALAGERE HALLI POLICE QUARTARS
1308_753,Vidyaranyapura PS,M.S.Palya
1308_7728,Jalahalli Traffic PS,HEASRGHATTA MAIN ROAD
1308_7729,Soladevanahalli PS,HESARUGHATTA
1308_7731,Rajajinagar Traffic PS,KURUBARA HALLI
1308_7733,Subramanyanagar PS,RAJAJINAGAR D BLOCK
1308_7740,Bagalur PS,BAGALUR VILLAGE
1308_7748,Soladevanahalli PS,CHIKKABANAVARA
1308_7749,Soladevanahalli PS,CHIKKABANAVARA
1308_7750,Soladevanahalli PS,CHIKKABANAVARA
1308_7751,Soladevanahalli PS,TARABANA HALLI
1308_7752,Peenya Traffic PS,T DASARAHALLI
1308_7753,Vidyaranyapura PS,M.S.Palya
1308_7754,Vidyaranyapura PS,M.S.Palya
1308_7755,Vidyaranyapura PS,AMS LAYOUT
1308_7756,Vidyaranyapura PS,SRINIDHI LAYOUT
1308_7758,Yelahanka Traffic PS,JUDISIONLAYOUT
1308_7759,Yelahanka Traffic PS,YELAHANKA
1308_7760,Amruthahally PS,Jakkuru Jakkur layout
1308_7761,Sampigehalli PS,BASAVALINGAPPA LAYOUT
1308_7762,Sampigehalli PS,M.C.E.C.H.S.LAYOUT RIGHT SIDE
1308_7763,Sampigehalli PS,AGRAHARA VILLAGE
1308_7764,Kothanur PS,R.K.HEGADE NAGAR
1308_7765,Hennur PS,HBR Layout
1308_7766,Kothanur PS,CHIKKAGUBBI
1308_7767,Kothanur PS,CHIKKAGUBBI
1308_7777,Soladevanahalli PS,HESARUGHATTA
1308_8020,Jayanagar PS,Fourth T Block Jayanagar
1309_7634,Malleshwaram Traffic PS,SUBRAMANYANAGAR
1309_7728,Byadarahalli PS,Herohalli
1309_7729,Byadarahalli PS,Andrahalli
1309_7730,Soladevanahalli PS,HESARAGHATTA
1309_7748,Soladevanahalli PS,CHIKKABANAVARA
1309_7749,Soladevanahalli PS,SILUVEPURA
1309_7750,Jalahalli Traffic PS,HEASRGHATTA MAIN ROAD
1309_7752,Soladevanahalli PS,TARABANA HALLI
1309_7753,Vidyaranyapura PS,M.S.Palya
1309_7754,Vidyaranyapura PS,SRINIDHI LAYOUT
1309_7755,Vidyaranyapura PS,M.S.Palya
1309_7756,Yelahanka Traffic PS,NEAR G K V K DOBBAL ROAD
1309_7757,Yelahanka Traffic PS,YELAHANKA NEWTOWN
1309_7758,Yelahanka Traffic PS,A SECTOR
1309_7759,Yelahanka Traffic PS,YELAHANK A
1309_7760,Yelahanka PS,K.H.B Colony
1309_7761,Sampigehalli PS,AGRAHARA VILLAGE
1309_7762,Sampigehalli PS,AGRAHARA VILLAGE
1309_7763,Sampigehalli PS,AGRAHARA VILLAGE
1309_7764,Bagalur PS,KANNUR VILLAGE
1309_7765,Bagalur PS,KANNUR VILLAGE
1309_7766,Bagalur PS,KANNUR VILLAGE
1309_7771,Bagalur PS,CHOKKANAHALLI VILLAGE
1309_7820,Bandepalya PS,SOMASUNDARAPALYA
1309_8020,Jayanagar PS,Fourth T Block Jayanagar
130_773,Rajajinagar Traffic PS,Twelth main road
130_7732,Rajajinagar Traffic PS,MAHALAKSHMI LAYOUT
130_774,Rajajinagar Traffic PS,Twelth main road
130_775,Rajajinagar Traffic PS,Twelth main road
1310_1310,Soladevanahalli PS,CHIKKABANAVARA
1310_7725,Yelahanka New Town PS,ATTUR LAYOUT
1310_7730,HSR Layout PS,OTHER
1310_7731,Rajajinagar Traffic PS,RAJAJINAGARA
1310_7747,Jalahalli Traffic PS,HEASRGHATTA MAIN ROAD
1310_7748,Soladevanahalli PS,SILUVEPURA
1310_7749,Soladevanahalli PS,SILUVEPURA
1310_7750,Soladevanahalli PS,HURULICHIKKANAHALLI
1310_7751,Soladevanahalli PS,SILUVEPURA
1310_7752,Jalahalli Traffic PS,HEASRGHATTA MAIN ROAD
1310_7753,Jalahalli Traffic PS,HEASRGHATTA MAIN ROAD
1310_7754,Yelahanka New Town PS,DODDABETTAHALLI
1310_7755,Yelahanka New Town PS,INDUSTRIAL AREA
1310_7756,Yelahanka Traffic PS,YELAHANKA NEWTOWN
1310_7757,Yelahanka New Town PS,INDUSTRIAL AREA
1310_7758,Yelahanka Traffic PS,YEALAHANKA NEW TOWN
1310_7759,Yelahanka New Town PS,ATTUR LAYOUT
1310_7760,Yelahanka PS,Venkatala
1310_7761,Yelahanka PS,Venkatala
1310_7762,Sampigehalli PS,AGRAHARA VILLAGE
1310_7763,Bagalur PS,KANNUR VILLAGE
1310_7764,Bagalur PS,KANNUR VILLAGE
1310_7765,Bagalur PS,KANNUR VILLAGE
1310_7771,Bagalur PS,CHOKKANAHALLI VILLAGE
1310_7818,K.R. Puram PS,V.B. LAYOUT
1311_7721,Bagalagunte PS,KALYANA NAGAR
1311_7733,Yeshwanthapura Traffic PS,R M C YARD
1311_7737,Varthur PS,KODATI SULIKUNTE AMBEDKAR NAGARA
1311_7742,BIAL PS,Power House
1311_7746,Jalahalli Traffic PS,HEASRGHATTA MAIN ROAD
1311_7748,Soladevanahalli PS,HESARAGHATTA
1311_7750,Chikkajala Traffic PS,RAZAQ PALYA
1311_7751,Jalahalli Traffic PS,HEASRGHATTA MAIN ROAD
1311_7752,Jalahalli Traffic PS,HEASRGHATTA MAIN ROAD
1311_7755,Yelahanka Traffic PS,VEERASAGRAA MAIN ROAD
1311_7756,Yelahanka New Town PS,INDUSTRIAL AREA
1311_7757,Yelahanka Traffic PS,D B PURA ROAD NEAR RAMANASRI HOTEL
1311_7758,Yelahanka New Town PS,ANATHAPURA GATE
1311_7759,Yelahanka New Town PS,DODDABETTAHALLI
1311_7760,Yelahanka Traffic PS,YELAHANKA
1311_7761,Bagalur PS,CHOKKANAHALLI VILLAGE
1311_7762,Yelahanka PS,Kattigenahalli kere
1311_7763,Bagalur PS,CHOKKANAHALLI VILLAGE
1311_7764,Bagalur PS,KANNUR VILLAGE
1311_7765,Banaswadi PS,Sena Vihar
1311_7767,Bagalur PS,CHOKKANAHALLI VILLAGE
1311_7768,Bagalur PS,CHOKKANAHALLI VILLAGE
1311_7771,Bagalur PS,CHOKKANAHALLI VILLAGE
1312_7712,K.R. Puram PS,OLD MADRAS ROAD NEAR BUS STAND
1312_7721,K.R. Puram PS,HOODI ROAD
1312_7723,Bagalagunte PS,SHETTI HALLI
1312_7725,Rajajinagar Traffic PS,NANDINI LAYOUT
1312_7731,Yeshwanthapura Traffic PS,R M C YARD
1312_7732,Yeshwanthapura Traffic PS,R M C YARD
1312_7733,Yeshwanthapura Traffic PS,R M C YARD
1312_7734,Annapoorneshwari Nagar PS,PAAPA READY PALYA
1312_7736,Suddaguntepalya PS,Maruthi layout
1312_7742,BIAL PS,Power House
1312_7745,Soladevanahalli PS,HESARAGHATTA
1312_7747,Soladevanahalli PS,HESARUGHATTA
1312_7748,Soladevanahalli PS,HESARAGHATTA
1312_7749,Jalahalli Traffic PS,HEASRGHATTA MAIN ROAD
1312_7750,Soladevanahalli PS,HURULICHIKKANAHALLI
1312_7751,Annapoorneshwari Nagar PS,FOURTH BLOCK NAGARABHAVI BEHIND SBI BANK
1312_7752,K.R. Puram PS,OLD MADRAS ROAD NEAR BUS STAND
1312_7753,Yelahanka Traffic PS,YELAHANKA NEW TOWN
1312_7755,Varthur PS,R G HALLI SIIAPURA TUBARAHALLI
1312_7756,Yelahanka Traffic PS,DODDABALLAPUR MAIN ROAD NEAR KECHANAHALLI GATE
1312_7757,Yelahanka New Town PS,ANATHAPURA GATE
1312_7758,Yelahanka Traffic PS,DODDABALLAPUR MAIN ROAD NEAR KECHANAHALLI GATE
1312_7760,Yelahanka Traffic PS,YELAHANKA
1312_7761,Bagalur PS,CHOKKANAHALLI VILLAGE
1312_7762,Yelahanka Traffic PS,D B PURA ROAD NEAR RAMANASRI HOTEL
1312_7763,Bagalur PS,CHOKKANAHALLI VILLAGE
1312_7764,Bagalur PS,CHOKKANAHALLI VILLAGE
1312_7765,Banaswadi PS,Lingarajpura
1312_7766,Bagalur PS,CHOKKANAHALLI VILLAGE
1312_7767,K.R. Puram PS,T.C.PALYA
1312_7768,Bagalur PS,CHOKKANAHALLI VILLAGE
1312_7769,Bagalur PS,CHOKKANAHALLI VILLAGE
1312_8023,Jayanagar PS,ICICI Bank Circle
1312_8026,Jayanagar PS,Eighth Block Jayanagar
1313_1170,K.R. Puram PS,HOODI ROAD
1313_7713,R.M.C. Yard PS,Relaince market
1313_7731,R.M.C. Yard PS,Relaince market
1313_7732,Yeshwanthapura Traffic PS,R M C YARD
1313_7733,Yeshwanthapura Traffic PS,R M C YARD
1313_7740,Devanahalli Traffic PS,Kannamangala palya gate
1313_7745,Jalahalli Traffic PS,HEASRGHATTA MAIN ROAD
1313_7747,Soladevanahalli PS,HESARAGHATTA
1313_7748,Jalahalli Traffic PS,HEASRGHATTA MAIN ROAD
1313_7749,Soladevanahalli PS,HESARAGHATTA
1313_7751,Yelahanka New Town PS,CHIKKABOMMASANDRA
1313_7753,R.M.C. Yard PS,Goraguntepalya Circle
1313_7756,Malleshwaram PS,Malleshwara
1313_7757,Byadarahalli PS,Herohalli
1313_7758,Yelahanka New Town PS,ANATHAPURA GATE
1313_7759,Chikkajala Traffic PS,MVIT JUNCTION
1313_7760,Yelahanka New Town PS,INDUSTRIAL AREA
1313_7761,Chikkajala Traffic PS,MVIT JUNCTION
1313_7762,Chikkajala PS,BHOVIPALYA
1313_7763,Bagalur PS,CHOKKANAHALLI VILLAGE
1313_7766,Bagalur PS,BAGALUR VILLAGE
1313_7768,Devanahalli Traffic PS,Bagaluru Circle
1313_7769,Bagalur PS,CHOKKANAHALLI VILLAGE
1313_7770,K.R. Puram PS,K.R.PURA
1313_7771,Bagalur PS,CHOKKANAHALLI VILLAGE
1313_7772,Bagalur PS,CHOKKANAHALLI VILLAGE
1313_7845,Hennur PS,Geddalahalli
1314_7712,Banaswadi PS,kammanahalli main road
1314_7725,Rajajinagar Traffic PS,LAGGERE BRIDGE
1314_7732,Yeshwanthapura Traffic PS,R M C YARD
1314_7733,Yeshwanthapura Traffic PS,R M C YARD
1314_7742,Devanahalli PS,MADDAIAH STREET
1314_7743,Devanahalli PS,GIRIYAMMA CIRCEL
1314_7746,Jalahalli Traffic PS,HEASRGHATTA MAIN ROAD
1314_7748,Soladevanahalli PS,HESARUGHATTA
1314_7750,Jalahalli Traffic PS,HEASRGHATTA MAIN ROAD
1314_7758,Chikkajala PS,BHOVIPALYA
1314_7760,Chikkajala PS,BHOVIPALYA
1314_7761,Chikkajala PS,BHOVIPALYA
1314_7762,Chikkajala PS,BHOVIPALYA
1314_7763,Chikkajala PS,Suggatta
1314_7764,Bagalur PS,CHOKKANAHALLI VILLAGE
1314_7765,Bagalur PS,BAGALUR VILLAGE
1314_7767,Bagalur PS,BAGALUR VILLAGE
1314_7768,Bagalur PS,BAGALUR VILLAGE
1314_7770,Bagalur PS,MAHADEVAKODIGEHALLI
1315_7712,Mahalakshmipuram PS,Mahalakshmi Puram
1315_7731,R.M.C. Yard PS,S R S Road
1315_7732,Yeshwanthapura Traffic PS,R M C YARD
1315_7733,Yeshwanthapura Traffic PS,R M C YARD
1315_7734,Malleshwaram PS,MALLESHWARA
1315_7747,Jalahalli Traffic PS,HEASRGHATTA MAIN ROAD
1315_7750,Jalahalli Traffic PS,HEASRGHATTA MAIN ROAD
1315_7751,Jalahalli Traffic PS,HEASRGHATTA MAIN ROAD
1315_7753,Rajajinagar Traffic PS,NANDINI LAYOUT
1315_7756,Yelahanka New Town PS,INDUSTRIAL AREA
1315_7758,Chikkajala PS,BHOVIPALYA
1315_7760,Chikkajala PS,Channnahalli
1315_7761,Chikkajala PS,Suggatta
1315_7762,Chikkajala Traffic PS,MVIT JUNCTION
1315_7766,Bagalur PS,BAGALUR VILLAGE
1315_7767,Bagalur PS,BAGALUR VILLAGE
1315_7769,Bagalur PS,BAGALUR VILLAGE
1315_7770,Bagalur PS,MAHADEVAKODIGEHALLI
1315_7771,Bagalur PS,MAHADEVAKODIGEHALLI
1315_7772,Bagalur PS,MAHADEVAKODIGEHALLI
1316_7713,R.M.C. Yard PS,Relaince market
1316_7731,R.M.C. Yard PS,Relaince market
1316_7733,Yeshwanthapura Traffic PS,R M C YARD
1316_7746,Jalahalli Traffic PS,HEASRGHATTA MAIN ROAD
1316_7753,Sadashivanagar Traffic PS,J.N.TATA AUDITORIUM
1316_7757,Chikkajala PS,Chikkajala
1316_7758,Sadashivanagar Traffic PS,B B ROAD
1316_7759,Chikkajala PS,Chikkajala
1316_7760,Chikkajala PS,BHOVIPALYA
1316_7761,Chikkajala PS,Meenukunte Hosuru
1316_7762,Chikkajala PS,Chikkajala
1316_7763,Chikkajala PS,Suggatta
1316_7764,Chikkajala PS,Tarabanahalli
1316_7765,Chikkajala PS,Suggatta
1316_7766,Bagalur PS,BANDIKODIGEHALLI VILLAGE
1316_7767,Bagalur PS,BANDIKODIGEHALLI VILLAGE
1316_7768,Bagalur PS,BANDIKODIGEHALLI VILLAGE
1316_7771,Bagalur PS,MAHADEVAKODIGEHALLI
1316_7772,Bagalur PS,MAHADEVAKODIGEHALLI
1317_7700,Whitefield PS,AMBEDKAR NAGARA GUTTE
1317_7717,Byadarahalli PS,Vigneshwaranagar
1317_7731,R.M.C. Yard PS,S R S Road
1317_7732,Rajajinagar Traffic PS,Ullas Talkies road
1317_7733,Yeshwanthapura Traffic PS,R M C YARD
1317_7753,Whitefield PS,MADHURANAGARA
1317_7758,Chikkajala PS,BHOVIPALYA
1317_7759,R.T. Nagar PS,P AND T COLONY
1317_7761,Chikkajala PS,Suggatta
1317_7763,Chikkajala Traffic PS,MVIT JUNCTION
1317_7764,Chikkajala PS,Tarabanahalli
1317_7765,Chikkajala PS,Tarabanahalli
1317_7767,Pulakeshinagar  PS,JEEVANA HALLI
1317_7768,Bagalur PS,BAGALUR VILLAGE
1317_7769,Bagalur PS,BANDIKODIGEHALLI VILLAGE
1317_7770,Bagalur PS,BANDIKODIGEHALLI VILLAGE
1317_7772,Bagalur PS,BANDIKODIGEHALLI VILLAGE
1318_7726,Bagalur PS,BANDIKODIGEHALLI VILLAGE
1318_7732,Rajajinagar Traffic PS,NANDINI LAY OUT
1318_7753,Mahalakshmipuram PS,Geleyara balaga
1318_7755,Yeshwanthapura Traffic PS,R M C YARD
1318_7756,Yeshwanthapura Traffic PS,R M C YARD
1318_7757,Chikkajala PS,Chikkajala
1318_7758,Chikkajala PS,Chikkajala
1318_7763,Chikkajala PS,Tarabanahalli
1318_7764,Chikkajala Traffic PS,MVIT JUNCTION
1318_7765,Chikkajala PS,BHOVIPALYA
1318_7766,Chikkajala PS,BHOVIPALYA
1318_7767,Chikkajala PS,Meenukunte Hosuru
1318_7768,Bagalur PS,BANDIKODIGEHALLI VILLAGE
1318_7769,Bagalur PS,BANDIKODIGEHALLI VILLAGE
1318_7770,Bagalur PS,BANDIKODIGEHALLI VILLAGE
1318_7786,Devanahalli PS,GIRIYAMMA CIRCEL
1318_7789,Bagalagunte PS,RAMAIAH LAYOUT
1319_7724,Subramanyanagar PS,GAYATHRINAGAR
1319_7743,K.R.Puram Traffic PS,MM TEMPAL
1319_7759,Chikkajala PS,Chikkajala
1319_7760,Chikkajala PS,BHOVIPALYA
1319_7761,Chikkajala PS,Suggatta
1319_7762,Chikkajala PS,Chikkajala
1319_7764,Chikkajala Traffic PS,MVIT JUNCTION
1319_7765,Devanahalli Traffic PS,Kannamangala palya gate
1319_7766,Devanahalli Traffic PS,First circle
1319_7767,BIAL PS,Mylanahalli
1319_7768,BIAL PS,Power House
1319_7769,Devanahalli Traffic PS,First circle
1319_7770,Devanahalli Traffic PS,First circle
1319_7771,Devanahalli Traffic PS,First circle
1319_7846,K.R. Puram PS,V.B. LAYOUT
131_773,Rajajinagar Traffic PS,NANDINI LAYOUT
1320_7681,Rajarajeshwari Nagar PS,R.R.NAGARA
1320_7723,Amruthahally PS,Jakkuru Jakkur layout
1320_7733,Yeshwanthapura Traffic PS,R M C YARD
1320_7756,Devanahalli PS,BAJAR STREET
1320_7759,R.T. Nagar PS,GANGANAGAR
1320_7760,Chikkajala PS,Chikkajala
1320_7762,Chikkajala PS,BHOVIPALYA
1320_7763,Chikkajala PS,Chikkajala
1320_7764,Chikkajala Traffic PS,MVIT JUNCTION
1320_7765,Devanahalli Traffic PS,Kannamangala palya gate
1320_7766,Devanahalli Traffic PS,Kannamangala palya gate
1320_7767,Devanahalli Traffic PS,Kannamangala palya gate
1320_7769,Devanahalli Traffic PS,Kannamangala palya gate
1320_7770,BIAL PS,Power House
1320_7771,BIAL PS,Mylanahalli
1320_7772,BIAL PS,Power House
1321_7715,Yelahanka Traffic PS,YELAHANKA NEW TOWN
1321_7721,Mahalakshmipuram PS,Mahalakshmi Puram
1321_7723,Rajajinagar Traffic PS,LAGGERE BRIDGE
1321_7731,R.M.C. Yard PS,S R S Road
1321_7732,Yeshwanthapura Traffic PS,H M T ROAD MATHIKRE
1321_7756,Bagalagunte PS,KALYANA NAGAR
1321_7760,Rajagopal Nagar PS,HEGGANAHALLI
1321_7763,BIAL PS,Sadahalli Bande
1321_7764,Devanahalli Traffic PS,Kannamangala palya gate
1321_7765,BIAL PS,Sadahalli Bande
1321_7766,Bharathi Nagar PS,K. KAMARAJ ROAD
1321_7767,Devanahalli Traffic PS,Kannamangala palya gate
1321_7768,BIAL PS,Mylanahalli
1321_7769,BIAL PS,Mylanahalli
1321_7771,BIAL PS,Mylanahalli
1321_7773,Devanahalli PS,GIRIYAMMA CIRCEL
1321_7774,Devanahalli PS,GIRIYAMMA CIRCEL
1322_7713,Subramanyapura PS,R.B.I LAYOUT
1322_7725,Sanjay Nagar PS,CENTRAL EXCISE LAYOUT
1322_7754,Yeshwanthapura Traffic PS,R M C YARD
1322_7760,J.C. Nagar PS,WILLIAMS TOWN
1322_7767,BIAL PS,Sadahalli Bande
1322_7768,Devanahalli Traffic PS,Kannamangala palya gate
1322_7769,Devanahalli Traffic PS,Kannamangala palya gate
1322_7770,Devanahalli Traffic PS,Kannamangala palya gate
1322_7771,Devanahalli Traffic PS,Hotel international
1322_7772,Devanahalli Traffic PS,Hotel international
1322_7773,Devanahalli PS,GIRIYAMMA CIRCEL
1322_7774,K.R. Puram PS,OLD MADRAS ROAD NEAR BUS STAND
1323_7723,Rajajinagar Traffic PS,Ullas Talkies road
1323_7725,K.R. Puram PS,V.B. LAYOUT
1323_7733,Jalahalli Traffic PS,S M ROAD
1323_7769,Devanahalli PS,GIRIYAMMA CIRCEL
1323_7770,Devanahalli PS,GIRIYAMMA CIRCEL
1323_7772,Devanahalli PS,GIRIYAMMA CIRCEL
1324_7712,Bagalagunte PS,RAMAIAH LAYOUT
1324_7725,Amruthahally PS,Yogeshnagara
1324_7731,R.M.C. Yard PS,S R S Road
1324_7749,Jalahalli Traffic PS,S M ROAD
1324_7752,Devanahalli Traffic PS,First circle
1324_7754,Yeshwanthapura Traffic PS,R M C YARD
1324_7756,Yeshwanthapura Traffic PS,R M C YARD
1324_7761,Sanjay Nagar PS,CENTRAL EXCISE LAYOUT
1324_7767,Devanahalli PS,MADDAIAH STREET
1324_7769,Devanahalli PS,MADDAIAH STREET
1324_7770,Devanahalli Traffic PS,Kannamangala palya gate
1324_7771,Devanahalli Traffic PS,Devanahalli by pass junction
1325_7646,Konanakunte PS,BIRESHWARANAGAR
1325_7647,Cottonpet PS,Police Road
1325_7710,Jayanagar PS,Fourth T Block Jayanagar
1325_7712,Amruthahally PS,Sandyagappa Reddy Lay Out
1325_7715,Rajajinagar Traffic PS,NANDINI LAYOUT
1325_7723,Amruthahally PS,Sandyagappa Reddy Lay Out
1325_7724,Rajajinagar Traffic PS,MAHALAXMI LAYOUT
1325_7725,Sanjay Nagar PS,ASHRAMA COLONY
1325_7726,K.R.Puram Traffic PS,AYYAPPA NAGARA
1325_7732,Jalahalli PS,HMT FACTORY.
1325_7734,Rajajinagar Traffic PS,MALAKSHMI LAYOUT
1325_7736,K.R.Puram Traffic PS,BASAVA NAGARA
1325_7748,Byatarayanapura  PS,Kasturi Ba Nagar
1325_7752,Malleshwaram PS,Malleshwara
1325_7754,Mahalakshmipuram PS,FF COLONY SEVENTEENTH MAIN
1325_7755,Yelahanka Traffic PS,YELAHANKA
1325_7757,Malleshwaram Traffic PS,SUBRAMANYANAGAR
1325_7758,Mahalakshmipuram PS,J C NAGARA
1325_7763,Banaswadi PS,seva Nagar
1325_7765,Banaswadi PS,Lingarajpura
1325_7769,Devanahalli Traffic PS,Devanahalli by pass junction
1325_7770,Devanahalli Traffic PS,Kannamangala palya gate
1325_7771,Devanahalli Traffic PS,Devanahalli by pass junction
1325_7772,Devanahalli PS,OLD BUS STOP
1325_7773,Devanahalli PS,OLD BUS STOP
1325_7785,Mahalakshmipuram PS,J C NAGARA
1326_7646,Basaveshwara Nagar PS,OTHER AREA
1326_7755,Rajajinagar Traffic PS,LAGGERE BRIDGE
1326_7757,R.T.Nagar Traffic PS,SANJAYA NAGAR
1326_7765,Banaswadi PS,Lingarajpura
1326_7771,Devanahalli Traffic PS,Devanahalli by pass junction
1326_7772,Devanahalli Traffic PS,Devanahalli by pass junction
1326_7774,Devanahalli Traffic PS,Bagaluru Circle
1327_7749,Kadugodi PS,KADUGODI
1327_7757,Seshadripuram PS,S C ROAD
1327_7770,Devanahalli Traffic PS,Hotel international
1327_7771,Devanahalli Traffic PS,Devanahalli by pass junction
1328_7703,Peenya Traffic PS,T DASARAHALLI
1328_7752,Peenya Traffic PS,T DASARAHALLI
1328_7776,Devanahalli Traffic PS,Devanahalli by pass junction
1329_7732,R.M.C. Yard PS,PLATINUM CITY
1329_7753,Yeshwanthapura Traffic PS,R M C YARD
1330_7753,Jalahalli Traffic PS,AIR FORCE EAST ROAD
1330_7755,Devanahalli Traffic PS,Devanahalli by pass junction
1331_7682,Kempegowda Nagar PS,KG Nagar Main Road
1331_7729,R.T. Nagar PS,CHAMUNDI NAGAR
1332_7717,Basavanagudi Traffic PS,EIGHTY FEET ROAD HANUMANTH NAGAR
1333_7730,Bagalagunte PS,RAMAIAH LAYOUT
1334_1300,Vyalikaval PS,G D PARK EXTN
1334_7700,Electronic City PS,MYLASANDRA VILLAGE
1334_7738,Devanahalli Traffic PS,kottanoor
1335_7709,Channammanakere Achu Kattu PS,C.K. ACHHUKATTU
1335_7727,Yeshwanthapura Traffic PS,R M C YARD
1335_7746,Mahalakshmipuram PS,Mahalakshmi layout
1335_7749,Peenya PS,T.Dasarahalli
1335_7759,R.T.Nagar Traffic PS,R.T.nagar
1336_7725,Rajajinagar Traffic PS,NANDINI LAYOUT
1336_7746,Mahalakshmipuram PS,Mahalakshmi layout
1337_7713,Varthur PS,VARTHUR
1337_7772,Bandepalya PS,HOSAPALYA
1339_7758,R.T.Nagar Traffic PS,R.T.nagar
1339_7792,Konanakunte PS,GOTTIGERE
1340_7754,Jalahalli PS,BAHUBALINAGARA
1341_7741,Banaswadi PS,subbaiahnapalya
1341_7765,Banaswadi PS,Chairman Layout
1342_7754,Rajajinagar Traffic PS,NANDINI LAYOUT
1343_1754,Jalahalli PS,BAHUBALINAGARA
1343_7697,Jalahalli PS,BALAJI NARSING HOME
1343_7750,Peenya PS,Peenya Second Block
1343_7753,Mahalakshmipuram PS,FF COLONY SEVENTEENTH MAIN
1344_1344,Devanahalli Traffic PS,Devanahalli by pass junction
1344_7652,Magadi Road Traffic PS,agrahar
1344_7735,Yelahanka Traffic PS,VIDYARANYAPURA MAIN ROAD
1344_7750,Devanahalli Traffic PS,Devanahalli by pass junction
1344_7755,Yelahanka Traffic PS,YELAHANKA
1344_7756,Hebbal Traffic PS,Hebbala Fly over
1344_7768,Devanahalli Traffic PS,Devanahalli by pass junction
1345_7622,Magadi Road PS,GOPALAPURA
1345_7700,Yelahanka Traffic PS,JAKKUR AERO DRUM
1345_7702,Amruthahally PS,Kempapura
1345_7715,Mahalakshmipuram PS,Mahalakshmi layout
1345_7722,Yelahanka Traffic PS,BYATARAYANAPURA
1345_7725,Rajagopal Nagar PS,HEGGANAHALLI
1345_7744,Bagalagunte PS,RAMAIAH LAYOUT
1345_7745,Rajajinagar Traffic PS,NANDINI LAYOUT
1345_7746,Bagalagunte PS,SHETTI HALLI
1345_7748,Mahalakshmipuram PS,Geleyara balaga
1345_7751,Rajagopal Nagar PS,HEGGANAHALLI
1345_7754,Mahalakshmipuram PS,Mahalakshmi layout
1345_7755,Gangammana Gudi PS,ABBIGERE LAKSMIPURA VIJAYALAKSHMI LAYOUT PASHCIM COUNTY VISHWESHWARAIAH ENCLAVE THAMMAYYA LAYOUT
1345_7771,K.R. Puram PS,AMBEDKAR NAGARA
1345_7774,K.R. Puram PS,V.B. LAYOUT
1345_7778,Rajajinagar Traffic PS,NANDINI LAYOUT
1345_7784,K.R. Puram PS,OLD MADRAS ROAD NEAR BUS STAND
1346_7744,Mahalakshmipuram PS,Mahalakshmi layout
1346_7745,Mahalakshmipuram PS,Mahalakshmi layout
1346_7746,Mahalakshmipuram PS,Mahalakshmi Puram
1346_7748,Mahalakshmipuram PS,FF COLONY SEVENTEENTH MAIN
1346_7754,Mahalakshmipuram PS,Mahalakshmi Puram
1347_7792,Sampigehalli PS,M.C.E.C.H.S.LAYOUT RIGHT SIDE
1348_7730,Jeevan Bheemanagar PS,Embassy Golf Link
1349_7738,Banaswadi PS,subbaiahnapalya
1349_7762,Sampigehalli PS,M.C.E.C.H.S.LAYOUT RIGHT SIDE
1349_7772,Varthur PS,KODATI SULIKUNTE AMBEDKAR NAGARA
1352_7725,Kamakshipalya Traffic PS,Nice Road
1352_7731,Central CEN Crime PS,Central division Limit
1352_7752,Peenya PS,Peenya Village
1352_7768,Mahalakshmipuram PS,Mahalakshmi layout
1352_7771,K.R. Puram PS,T.C.PALYA
1354_7636,Banashankari PS,BDA
1354_7665,Govindaraja Nagar PS,Govindarajanagar
1354_7723,Byadarahalli PS,Herohalli
1354_7744,Mahalakshmipuram PS,Mahalakshmi layout
1354_7746,Mahalakshmipuram PS,J C NAGARA
1354_7756,Mahalakshmipuram PS,J C NAGARA
1354_7760,Hebbal PS,Manorayanapalya
1355_7721,Rajajinagar Traffic PS,NANDINI LAYOUT
1355_7745,Rajajinagar Traffic PS,MALAKSHMI LAYOUT
1355_7755,Rajajinagar Traffic PS,NANDINI LAYOUT
1355_7758,Sanjay Nagar PS,U.A.S LAYOUT
1356_756,Peenya PS,Peenya Second Block
1356_7716,Mahalakshmipuram PS,Mahalakshmi Puram
1356_7725,Mahalakshmipuram PS,Mahalakshmi layout
1356_7726,Mahalakshmipuram PS,Mahalakshmi Puram
1356_7735,Mahalakshmipuram PS,Mahalakshmi Puram
1356_7745,Rajajinagar Traffic PS,NANDINI LAYOUT
1356_7754,Mahalakshmipuram PS,Mahalakshmi Puram
1356_7756,Yelahanka New Town PS,CHIKKABOMMASANDRA
1356_7757,Yelahanka New Town PS,NES
1357_7671,Thalaghattapura PS,Gaviyanapalya
1357_7694,Chandra Layout PS,BINNILAYOUT
1358_7725,Malleshwaram PS,Malleshwara
1361_7698,Amruthahally PS,Sandyagappa Reddy Lay Out
1361_7759,R.T. Nagar PS,THIMAIAH GARDEN
1361_7765,Mahalakshmipuram PS,Shankarmatt
1362_7753,R.M.C. Yard PS,Goraguntepalya Circle
1362_7763,Mahalakshmipuram PS,J C NAGARA
1363_7762,Mahalakshmipuram PS,J C NAGARA
1363_7766,Hebbal PS,v.Nagenahalli
1364_7743,Varthur PS,VARTHUR
1364_7745,Jalahalli Traffic PS,S M ROAD
1365_7712,Bagalagunte PS,SANTHOSH NAGAR
1365_7716,Mahalakshmipuram PS,FF COLONY SEVENTEENTH MAIN
1365_7752,R.M.C. Yard PS,Relaince market
1365_7756,Mahalakshmipuram PS,Mahalakshmi layout
1365_7762,K.R. Puram PS,REVANNA LAYOUT
1365_7765,Mahalakshmipuram PS,Mahalakshmi layout
1366_7690,Vidhana Soudha PS,Vidhanasoudha
1366_7745,Mahalakshmipuram PS,Geleyara balaga
1366_7746,Mahalakshmipuram PS,Mahalakshmi Puram
1366_7765,Mahalakshmipuram PS,J C NAGARA
1366_7785,Mahalakshmipuram PS,Mahalakshmi layout
1367_7797,NorthEast CEN Crime PS,YELAHANA NEW TOWN
1368_7685,City Market PS,S.R.ROAD
1368_7747,Yelahanka New Town PS,ANATHAPURA GATE
1368_7756,Mahalakshmipuram PS,Mahalakshmi layout
1368_7758,Mahalakshmipuram PS,Mahalakshmi layout
1372_7737,K.R. Puram PS,DEVASANDRA MAIN ROAD
1372_7742,K.R. Puram PS,DEVASANDRA MAIN ROAD
1372_7772,K.R. Puram PS,V.B. LAYOUT
1374_7669,Soladevanahalli PS,CHIKKABANAVARA
1374_7730,Soladevanahalli PS,SILUVEPURA
1375_7636,Konanakunte PS,KONANAKUNTE
1375_7784,K.R. Puram PS,V.B. LAYOUT
1376_7670,Peenya Traffic PS,T DASARAHALLI
1376_7755,North CEN Crime PS,YPR CENPS
1377_7745,Kadugondana Halli PS,MUKTHI NAGAR
1377_7761,Soladevanahalli PS,CHIKKABANAVARA
1377_7796,K.R. Puram PS,T.C.PALYA
1378_7784,K.R. Puram PS,T.C.PALYA
1379_7570,Siddapura PS,Kanakanapalya
1381_7770,K.R. Puram PS,OLD MADRAS ROAD NEAR BUS STAND
1382_7753,R.M.C. Yard PS,Relaince market
1382_7756,R.M.C. Yard PS,Goraguntepalya Circle
1386_7811,Hennur PS,HBR LAYOUT
1387_7577,Subramanyapura PS,RAMACHANDRAPURA
1388_7748,Soladevanahalli PS,CHIKKABANAVARA
1389_7676,Adugodi PS,RAJENDRA NAGARA
1389_7763,Sampigehalli PS,AGRAHARA VILLAGE
1389_7789,Kothanur PS,NAGARESHWARA NAGENAHALLI
1390_7678,K.R.Puram Traffic PS,DARGHA MOHALLA
1390_7764,Kothanur PS,R.K.HEGADE NAGAR
1392_7773,Varthur PS,GUNJUR BALAGERE GUNJUROALYA
1393_7756,Basavanagudi PS,R V Road
1393_7757,Jayanagar PS,Gupta Layout
1393_7758,R.T.Nagar Traffic PS,R.T.nagar
1394_7555,Kalasipalya PS,VINOBANAGARA
1394_7629,Chamarajpet PS,Chamarajpet second crs to froth crs
1394_7756,Chamarajpet PS,RUDRAPPA GARDEN
1395_7771,H.A.L. PS,DODDANAKKUNDI
1396_7754,Kempapura Agrahara PS,First Main Road K.P.Agrahara
1396_7761,Kadugondana Halli PS,MUKTHI NAGAR
1397_7680,Hennur PS,Maruthi Layout
1397_7750,Mahalakshmipuram PS,Geleyara balaga
1397_7756,Yelahanka Traffic PS,B B ROAD RAITHARA SANTHE
1397_7773,Hennur PS,Hennur Bande.
1398_7653,Mico Layout PS,GURAPPANA PALYA
1398_7757,Hennur PS,Babusabpalya
1398_7763,Hennur PS,Hennur Bande.
1398_7764,Hennur PS,Maruthi Layout
1398_7765,Hennur PS,Ashirvad Colony
1398_7767,Hennur PS,Hennur Bande.
1398_7770,K.R.Puram Traffic PS,BASAVA NAGARA
1399_7752,Nandini Layout PS,Preethi Nagar
1399_7760,R.T. Nagar PS,THIMAIAH GARDEN
1399_7762,Hennur PS,HBR LAYOUT
1399_7763,Hennur PS,Ashirvad Colony
1399_7765,Hennur PS,Babusabpalya
1399_7771,K.R. Puram PS,K.R.PURA
13_77,Vijayanagar Traffic PS,BEML LAYOUT
1400_7762,Hennur PS,Agara
1401_7646,Vishveshwarapuram PS,CHAMARAJAPETE
1404_7653,Indiranagar PS,INDIRANAGAR
1411_7643,Halasur Traffic PS,Murphy Road
1423_7640,Subramanyapura PS,MARUTHI LAYOUT
1432_7614,Rajagopal Nagar PS,LAKSHMIDEVINAGARA
1432_7750,Rajagopal Nagar PS,HEGGANAHALLI
1434_7489,Byappanahalli PS,Others
1436_7617,Halasurgate PS,J.M ROAD
1442_7600,Vidyaranyapura PS,M.S.Palya
1443_7762,Hennur PS,HBR Layout
1446_7616,Banasawadi Traffic PS,ring road hennur junction
1466_7759,Banaswadi PS,kammanahalli main road
1487_7451,Bagalagunte PS,RAMAIAH LAYOUT
1488_7571,Kamakshipalya PS,SUMANAHALLY KOTTIGEPALYA
1503_7632,HSR Layout PS,OTHER
1506_7533,Basaveshwara Nagar PS,BHOVI COLONY
1509_7524,Jnanabharathi PS,NAGARABAVI VILLAGE
1514_7692,Rajajinagar Traffic PS,RAJAJINAGARA
1516_7557,Varthur PS,VARTHUR
1526_7614,Kengeri PS,CHANNASANDRA
1529_7655,Shankarpura PS,SHANKARMUT ROAD
1535_7690,Ramamurthy Nagar PS,OMBR LAYOUT
1540_7400,K.R. Puram PS,V.B. LAYOUT
1545_7509,Thalaghattapura Traffic PS,Gubbalalla
1560_7526,J.C. Nagar PS,BENSON TOWN
1576_7484,Nandini Layout PS,NANDINI LAYOUT POLICE STATION
1587_7449,Mico Layout PS,BTM SECOND STAGE
1600_6300,Thilaknagar PS,JAYANAGAR
1602_9702,Ashoknagar PS,Ashoknagar
1617_7437,Halasur PS,Bazar Street
1630_8043,Varthur PS,GUNJUR BALAGERE GUNJUROALYA
1631_7342,Malleshwaram PS,Malleshwara
1639_7403,K.R. Puram PS,V.B. LAYOUT
1649_7407,Viveknagar PS,ORC Road
1656_7415,Yelahanka PS,Allalasandra
1657_7397,Srirampura PS,RAMCHANDRAPURA
1675_9741,Sanjay Nagar PS,CENTRAL EXCISE LAYOUT
1677_7382,R.T. Nagar PS,SULTHANPALYA
1687_7364,Kempapura Agrahara PS,Magadi Road
1693_7341,Vijayanagar PS,BAPOOJI LAYOUT
1722_7321,Rajajinagar PS,SECOND BLOCK
1722_7722,Beguru PS,YELENA HALLI
1724_8012,Kalasipalya PS,SHAMBUPALYA
1740_7847,K.R. Puram PS,k.r.pura
1745_7845,R.T. Nagar PS,MATADAHALLI
1750_7839,SouthEast CEN Crime PS,Southeast
1751_7855,SouthEast CEN Crime PS,Southeast
1755_1301,R.M.C. Yard PS,Marappanapalya
1756_1301,Yeshwanthapura PS,CHOWDESHWARI BUS STAND
1756_1303,Yeshwanthapura PS,SBM COLONY
1760_1298,Commercial Street PS,COMMERCIAL STREET
1775_7276,Kalasipalya PS,BAMBOO BAZAAR
1779_8321,Malleshwaram Traffic PS,SUBRAMANYANAGAR
1804_7720,Jayanagar PS,Other Station Limits
1807_7752,Gangammana Gudi PS,ABBIGERE LAKSMIPURA VIJAYALAKSHMI LAYOUT PASHCIM COUNTY VISHWESHWARAIAH ENCLAVE THAMMAYYA LAYOUT
1816_7257,Peenya PS,Karihobhanahalli
1826_7821,Mico Layout PS,BTM SECOND STAGE
1852_7395,Rajajinagar Traffic PS,NANDINI LAYOUT
185_739,Rajajinagar Traffic PS,SHANKARA NAGARA
185_775,Rajajinagar Traffic PS,SHANKARA NAGARA
1907_7287,NorthEast CEN Crime PS,SAMPIGEHALLI
1922_7308,Peenya PS,Other Station Limits
1938_7718,Jayanagar PS,Fifth Block Jayanagar
1944_7697,Yeshwanthapura PS,L.N. COLONY
1956_7114,Hebbal PS,Manorayanapalya
1993_7760,Girinagar PS,KALIDASA NAGARA
1994_7774,Varthur PS,VARTHUR
1997_7760,Cubbon Park PS,M.G Road
1998_7752,Kamakshipalya PS,KAMAKSHIPALYA MAIN ROAD
200_6411,Cottonpet PS,Anjanappa Garden
200_7403,K.R. Puram PS,K.R.PURA
2079_7734,Kadugodi PS,DODDABANAHALLY
2095_8509,NorthEast CEN Crime PS,BAGALUR
2113_6931,Byatarayanapura  PS,PANTHRAPALYA
2113_7755,Byatarayanapura  PS,Kasturi Ba Nagar
2157_7733,V V Puram Traffic PS,Ist Main
2176_7180,Devanahalli Traffic PS,Bagaluru Circle
2180_6983,Sanjay Nagar PS,U.A.S LAYOUT
2231_6845,Banaswadi PS,Lingarajpura
2257_8836,NorthEast CEN Crime PS,SAMPIGEHALLI
2271_7585,NorthEast CEN Crime PS,KODIGEHALLI
2281_6698,Vyalikaval PS,DNR LAYOUT
2293_7755,Hanumanthanagar PS,VINAYAKA NAGARA
2298_8785,NorthEast CEN Crime PS,VIDYARANYAPURA
2303_7264,Jeevan Bheemanagar PS,J.B.NAGARA
2325_7743,Kengeri PS,SHIRKE
2336_6717,Sampangiramanagar PS,C.K.C.GARDEN
2349_8731,Shankarpura PS,OTHER POLICE STATION LIMITS
2356_6684,Basavanagudi PS,N.R COLONY
2403_8672,NorthEast CEN Crime PS,AMRUTHAHALLI
2419_8266,Pulakeshinagar  PS,FRAZER TOWN
2425_7219,Basavanagudi PS,BP Wadia Road
2451_6684,Upparpet PS,KSRTC AND BMTC SEVICE ROAD
2477_6614,Devanahalli PS,MADDAIAH STREET
2478_8687,Chandra Layout PS,INDIRA COLONY
2620_6411,Cottonpet PS,Akkipet Main Road
2620_9293,NorthEast CEN Crime PS,VIDYARANYAPURA
2689_7575,J.C. Nagar PS,JAYAMAHAL
2723_6336,Sadashivanagar PS,SADASHIVANAGAR
2754_7740,NorthEast CEN Crime PS,AMRUTHAHALLI
2773_8533,Banashankari PS,Yadiyuru
2810_7539,Yeshwanthapura PS,MALLESHWARAM EIGHT MAIN
2844_6200,Kumaraswamy Layout PS,sarabande palya
2856_7720,Chandra Layout PS,NAGARABHVI
2861_7722,Varthur PS,KODATI SULIKUNTE AMBEDKAR NAGARA
288_7753,Thalaghattapura Traffic PS,Gubbalalla
2908_6117,East Zone Women PS,HALASURU GATE
2913_6157,Subramanyanagar PS,GAYATHRINAGAR
293_7752,Byatarayanapura  PS,Nayandahalli Junction
294_1760,Vijayanagar Traffic PS,R P C LAYOUT
295_7757,Vishveshwarapuram PS,PARVATHIPURAM
296_7762,Halasur Traffic PS,Old Airport Road
29_77,Vijayanagar Traffic PS,BEML LAYOUT
300_300,Jagajeevanram Nagar PS,Narasimhaiah Compound
300_7638,Kamakshipalya Traffic PS,KAMAKSHIPALYA
3033_7638,Madivala PS,OTHER
303_7753,Yeshwanthapura Traffic PS,R M C YARD
3301_7750,Peenya Traffic PS,T DASARAHALLI
3301_7756,Sadashivanagar Traffic PS,Maramma Circle
3301_7770,K.R. Puram PS,T.C.PALYA
3303_7756,Sadashivanagar Traffic PS,NEW BEL ROAD
3305_7760,Hebbal PS,Manorayanapalya
3307_7979,Kengeri PS,Nagadevanahalli
3309_7757,Yelahanka New Town PS,CHIKKABOMMASANDRA
3310_7756,Yelahanka New Town PS,ATTUR LAYOUT
3312_7725,Yelahanka New Town PS,INDUSTRIAL AREA
3314_7723,Yelahanka New Town PS,RAMAGONDANAHALLI
3324_7732,Yelahanka New Town PS,ATTUR LAYOUT
3398_5636,Commercial Street PS,QUADRANT CIRCLE POLICE OUT POST
3659_7602,K.R. Puram PS,T.C.PALYA
3708_6817,Central CEN Crime PS,Central division Limit
3708_7717,North CEN Crime PS,YPR CENPS
3708_7758,Central CEN Crime PS,Central division Limit
3708_7775,North CEN Crime PS,YPR CENPS
3708_7777,Central CEN Crime PS,Central division Limit
3708_9741,Ramamurthy Nagar PS,OMBR LAYOUT
3863_9410,Bandepalya PS,MANGAMMANAPALYA
4138_4924,Mahalakshmipuram PS,Mahalakshmi Puram
4291_11752,Jayanagar PS,Other Station Limits
4330_4756,Cubbon Park PS,M.G Road
4400_4589,R.M.C. Yard PS,Relaince market
4624_4381,Kumaraswamy Layout Traffic PS,METRO JUCTION
500_7524,Jnanabharathi PS,MALAGALA VILLAGE
5107_3944,Ashoknagar PS,Ashoknagar
5165_3910,Byadarahalli PS,Herohalli
55_1301,Yeshwanthapura PS,MALLESHWARAM EIGHT MAIN
5870_1291,Subramanyapura PS,P.P.Layout
5870_3174,Subramanyapura PS,KONANAKUNTE
611_7712,K.R. Puram PS,T.C.PALY
612_6812,Halasur PS,halasoor road
612_7735,K.R. Puram PS,V.B. LAYOUT
615_7765,K.R. Puram PS,V.B. LAYOUT
616_7712,K.R. Puram PS,k.r.pura
6213_5659,Kengeri PS,RP ROAD
6299_7755,Rajajinagar PS,Mariappanapalya
6324_2797,Gangammana Gudi PS,KAMMAGONDANAHALLI
644_7713,K.R. Puram PS,T.C.PALYA
645_7715,K.R. Puram PS,k.r.pura
645_7765,K.R. Puram PS,HOODI ROAD
646_7746,K.R. Puram PS,V.B. LAYOUT
646_7754,K.R. Puram PS,k.r.pura
652_6648,K.R. Puram PS,HOODI ROAD
654_7714,K.R. Puram PS,T.C.PALY
654_7745,K.R. Puram PS,V.B. LAYOUT
662_7721,K.R. Puram PS,k.r.pura
6648_2391,Yeshwanthapura PS,MALLESHWARAM EIGHT MAIN
665_7716,K.R. Puram PS,T.C.PALY
668_7763,K.R. Puram PS,HOODI ROAD
6724_2350,Byappanahalli PS,Benniganahalli
675_6817,Subramanyapura PS,DODDAGOWDANAPALYA
675_6875,Bagalagunte PS,KALYANA NAGAR
675_7701,Peenya PS,Peenya Second Block
675_7725,Kumaraswamy Layout Traffic PS,P.P LAYOUT
675_7751,Peenya PS,Nelagadranahalli
675_7752,Commercial Street PS,GEM PLAZA SAFINA FLAZA ANDREW'S CHURCH
675_7753,Vijayanagar PS,BINNY LAYOUT
675_7768,Marathahalli PS,Panathuru
675_9708,Banaswadi PS,Lingarajpura
675_9741,Cyber Crime Police Station,Bengaluru city
679_7779,K.R. Puram PS,T.C.PALYA
679_7815,Halasurgate PS,K.G.ROAD N.T ROAD
693_6936,Vijayanagar PS,R.P.C.LAYOUT
698_6925,Vijayanagar PS,R.P.C.LAYOUT
698_7059,Cyber Crime Police Station,Bengaluru city
724_7755,Byadarahalli PS,Tigalarapalya
7663_1232,Basaveshwara Nagar PS,OTHER AREA
7700_1300,Yeshwanthapura PS,Subhedhar Palya
7701_1301,Sanjay Nagar PS,ASHRAMA COLONY
7701_7755,Yeshwanthapura Traffic PS,R M C YARD
7705_1304,Sanjay Nagar PS,CENTRAL EXCISE LAYOUT
7712_1123,Malleshwaram PS,Malleswaram
7714_1385,R.M.C. Yard PS,Goraguntepalya Circle
7715_1254,Malleshwaram PS,MALLESHWARA
7716_1314,R.M.C. Yard PS,Relaince market
7721_1214,Malleshwaram PS,MALLESHWARA
7721_1224,Malleshwaram PS,Malleshwara
7721_1225,Cottonpet PS,Bhakshi Garden
7721_1235,Subramanyapura PS,P.P.Layout
7721_1236,Magadi Road PS,RAJAJINAGARA ENTRENCE
7725_1200,Mahalakshmipuram PS,J C NAGARA
7725_1212,Malleshwaram PS,Malleshwara
7730_1301,Peenya PS,Peenya Village
7730_1302,East Zone Women PS,YESHAVSANTAPURA
7731_1754,Sadashivanagar PS,SADASHIVANAGAR
7732_1236,Subramanyapura PS,BRANDAVAN LAYOUT
7732_1259,Rajagopal Nagar PS,RAJAGOPALA NAGARA
7733_1211,Kumaraswamy Layout Traffic PS,JARAGANAHALLI BUS STAND
7733_1252,Kumaraswamy Layout Traffic PS,JARAGANAHALLI BUS STAND
7733_1257,Cottonpet PS,Anjanappa Garden
7733_1258,Cottonpet PS,Anjanappa Garden
7733_1259,Rajajinagar PS,SECOND BLOCK
7733_1301,Yeshwanthapura PS,JAYARAM COLONY
7733_1302,East Zone Women PS,YESHAVSANTAPURA
7734_1257,Cottonpet PS,Police Road
7734_1258,Cottonpet PS,Goodshed Road
7734_1259,Vyalikaval PS,DNR LAYOUT
7734_1300,Vyalikaval PS,VR PURA
7734_1301,Sadashivanagar PS,SADASHIVANAGAR
7734_1302,Sadashivanagar PS,SADASHIVANAGAR
7734_1306,East Zone Women PS,HEBBALA PS
7735_1252,Hulimavu PS,HULIMAVU GATE
7735_1255,R.T. Nagar PS,GANGANAGAR
7735_1257,East Zone Women PS,HALASURU GATE
7735_1300,Vyalikaval PS,VR PURA
7735_1301,R.T. Nagar PS,SULTHANPALYA
7735_7735,Jayanagar PS,JAYANAGAR
7736_1225,Kumaraswamy Layout Traffic PS,PADMANABHANAGARA
7736_1254,Mico Layout PS,BTM SECOND STAGE
7736_1255,Mico Layout PS,BTM SECOND STAGE
7736_1256,Adugodi PS,ADUGODI POLICE QUTRESS
7736_1257,Ashoknagar PS,Shanthinagar
7736_1258,Ashoknagar PS,Ashoknagar
7736_1301,R.T. Nagar PS,GANGANAGAR
7736_7734,Seshadripuram PS,NEHARU NAGAR
7737_12,East Zone Women PS,HALASURU GATE
7737_1250,Electronic City PS,VEERASANDRA GATE
7737_1254,Mico Layout PS,BTM SECOND STAGE
7737_1257,Ashoknagar PS,Central Street
7737_1259,East Zone Women PS,ULSOOR PS
7737_1353,Yeshwanthapura PS,SBM COLONY
7738_1252,Electronic City PS,DODDA THOGURU M M SCHOOL ROAD
7738_1255,East Zone Women PS,HALASURU GATE
7739_1313,Subramanyapura PS,KONANAKUNTE
773_125,Rajajinagar PS,Mariappanapalya
7741_1215,Kumaraswamy Layout Traffic PS,BRUNDAVAN GARDEN
7741_1315,Devanahalli PS,BAJAR STREET
7742_1211,Kumaraswamy Layout Traffic PS,ILIYAZ NAGARA
7742_1212,Kumaraswamy Layout Traffic PS,BRUNDAVAN GARDEN
7742_1257,East Zone Women PS,ULSOOR PS
7742_1300,East Zone Women PS,BOWRING HOSPITAL
7743_1314,Devanahalli PS,GIRIYAMMA CIRCEL
7744_1212,Kumaraswamy Layout Traffic PS,K.S.LAYOUT JUCTION
7744_1253,Varthur PS,KODATI SULIKUNTE AMBEDKAR NAGARA
7744_1259,Whitefield PS,VYDEHI CIRCLE
7745_1240,Kumaraswamy Layout Traffic PS,KEMPAIAH LAYOUT
7745_1303,Sanjay Nagar PS,ASHRAMA COLONY
7746_1290,Kengeri PS,KENGERI
7747_1290,Kengeri PS,KENGERI
7747_1291,Kengeri PS,MANASALAYOUT
7748_1219,Kumaraswamy Layout Traffic PS,JARAGANAHALLI BUS STAND
7748_1290,Kengeri PS,KENGERI
7748_1291,Kengeri PS,KENGERI
7748_1292,Kengeri PS,SHIRKE APPARTMENTS
7748_1294,Jnanabharathi PS,PAPAREDDYPALY
7748_1302,Peenya PS,Karihobhanahalli
7748_1303,Peenya PS,Karihobhanahalli
7748_1304,Peenya PS,Karihobhanahalli
7748_1308,Soladevanahalli PS,CHIKKABANAVARA
7749_1290,Kengeri PS,CHANNASANDRA
7749_1291,Kengeri PS,CHANNASANDRA
7749_1292,Kengeri PS,SHIRKE APPARTMENTS
7749_1293,Kengeri PS,SHIRKE APPARTMENTS
7749_1294,Jnanabharathi PS,JNANAGANGANAGARA
7749_1295,Jnanabharathi PS,MALAGALA VILLAGE
7749_1296,Jnanabharathi PS,VINAYAKA LAYOUT
7749_1302,Peenya PS,Chokkasandra
7749_1303,Peenya PS,Chokkasandra
7749_1304,Peenya PS,Karihobhanahalli
7749_1306,Peenya Traffic PS,T DASARAHALLI
7750_1290,Kengeri PS,KENGERI
7750_1291,Kengeri PS,CHANNASANDRA
7750_1295,Jnanabharathi PS,NAGARABAVI VILLAGE
7750_1298,Kamakshipalya PS,KAMAKSHIPALYA
7750_1299,Kamakshipalya PS,SUMANAHALLY KOTTIGEPALYA
7750_1300,Rajagopal Nagar PS,HEGGANAHALLI
7750_1301,Rajagopal Nagar PS,PEENYA INDUSTRIAL AREA
7750_1302,Peenya PS,Nelagadranahalli
7750_1303,Peenya PS,Chokkasandra
7750_1304,Peenya Traffic PS,T DASARAHALLI
7750_1305,Peenya PS,T.Dasarahalli
7750_1306,Bagalagunte PS,BAGALAGUNTE
7750_1307,Soladevanahalli PS,HESARUGHATTA
7750_1395,Kamakshipalya PS,SUMANAHALLY KOTTIGEPALYA
7750_7750,Peenya PS,Havanru Badavane
7751_1293,Byatarayanapura  PS,PANTHRAPALYA
7751_1295,Jnanabharathi PS,ANNAPURNESHWARI NAGARA
7751_1298,Jnanabharathi PS,MALAGALA VILLAGE
7751_1300,Rajagopal Nagar PS,HEGGANAHALLI
7751_1302,Peenya Traffic PS,T DASARAHALLI
7751_1303,Peenya PS,Chokkasandra
7751_1304,Peenya PS,Chokkasandra
7751_1305,Peenya PS,T.Dasarahalli
7751_1307,Soladevanahalli PS,SILUVEPURA
7751_1308,Soladevanahalli PS,TARABANA HALLI
7751_7751,Peenya PS,Peenya Village
7752_1290,Banashankari PS,Raghavendra Matta
7752_1293,Byatarayanapura  PS,PANTHRAPALYA
7752_1294,Byatarayanapura  PS,PANTHRAPALYA
7752_1295,Chandra Layout PS,CANARA BANK COLONY
7752_1296,Vijayanagar PS,BINNY LAYOUT
7752_1297,Vijayanagar PS,PRASANTHANAGARA
7752_1298,Kamakshipalya PS,K.H.B.COLONY
7752_1299,Basaveshwara Nagar PS,BEML LAYOUT
7752_1300,Rajagopal Nagar PS,Chamundipura
7752_1301,Nandini Layout PS,Preethi Nagar
7752_1302,R.M.C. Yard PS,S R S Road
7752_1303,R.M.C. Yard PS,S R S Road
7752_1304,Gangammana Gudi PS,SIDDARTHANAGAR PEENYA PLANTATION
7752_1305,Peenya PS,T.Dasarahalli
7752_1306,Gangammana Gudi PS,ABBIGERE LAKSMIPURA VIJAYALAKSHMI LAYOUT PASHCIM COUNTY VISHWESHWARAIAH ENCLAVE THAMMAYYA LAYOUT
7752_1307,Gangammana Gudi PS,ABBIGERE LAKSMIPURA VIJAYALAKSHMI LAYOUT PASHCIM COUNTY VISHWESHWARAIAH ENCLAVE THAMMAYYA LAYOUT
7752_1352,Gangammana Gudi PS,ABBIGERE LAKSMIPURA VIJAYALAKSHMI LAYOUT PASHCIM COUNTY VISHWESHWARAIAH ENCLAVE THAMMAYYA LAYOUT
7752_6931,Byatarayanapura  PS,ATHMAJYOTHI NAGAR
7752_7752,Gangammana Gudi PS,ABBIGERE LAKSMIPURA VIJAYALAKSHMI LAYOUT PASHCIM COUNTY VISHWESHWARAIAH ENCLAVE THAMMAYYA LAYOUT
7752_7795,Chandra Layout PS,INDIRA COLONY
7753_1289,Subramanyapura PS,CHIKKALLASANDRA
7753_1290,Kumaraswamy Layout Traffic PS,A.G.S.LAYOUT
7753_1291,Channammanakere Achu Kattu PS,ITTAMADU
7753_1292,Byatarayanapura  PS,PANTHRAPALYA
7753_1293,Byatarayanapura  PS,ATHMAJYOTHI NAGAR
7753_1294,Byatarayanapura  PS,PANTHRAPALYA
7753_1295,Byatarayanapura  PS,PANTHRAPALYA
7753_1296,East Zone Women PS,YESHAVSANTAPURA
7753_1297,Vijayanagar PS,M.C.LAYOUT
7753_1298,Basaveshwara Nagar PS,BHOVI COLONY
7753_1299,Basaveshwara Nagar PS,BHOVI COLONY
7753_1300,Mahalakshmipuram PS,J C NAGARA
7753_1301,Nandini Layout PS,KANTEERAVA STUDIO
7753_1302,R.M.C. Yard PS,Goraguntepalya Circle
7753_1303,Yeshwanthapura PS,MALLESHWARAM EIGHT MAIN
7753_1305,Gangammana Gudi PS,KAMMAGONDANAHALLI
7753_1306,Gangammana Gudi PS,KAMMAGONDANAHALLI
7753_1307,Gangammana Gudi PS,KAMMAGONDANAHALLI
7753_1308,Gangammana Gudi PS,ABBIGERE LAKSMIPURA VIJAYALAKSHMI LAYOUT PASHCIM COUNTY VISHWESHWARAIAH ENCLAVE THAMMAYYA LAYOUT
7753_1309,Gangammana Gudi PS,GANGAMMA CIRCLE JALAHALLI POST
7753_1325,Gangammana Gudi PS,KAMMAGONDANAHALLI
7753_1326,R.M.C. Yard PS,Goraguntepalya Circle
7753_7753,Nandini Layout PS,KANTEERAVA STUDIO
7754_1211,Kumaraswamy Layout Traffic PS,BRUNDAVAN GARDEN
7754_1214,Kumaraswamy Layout Traffic PS,JARAGANAHALLI BUS STAND
7754_1288,Thalaghattapura PS,Uttari
7754_1289,Kumaraswamy Layout Traffic PS,SRINIVASA THEATER
7754_1290,Subramanyapura PS,ROYAL COUNTY
7754_1291,Subramanyapura PS,CHIKKALLASANDRA
7754_1292,Jnanabharathi PS,PAPAREDDYPALY
7754_1294,Byatarayanapura  PS,SATELITE BUS STAND
7754_1295,Byatarayanapura  PS,SATELITE BUS STAND
7754_1296,Byatarayanapura  PS,Kasturi Ba Nagar
7754_1297,Vijayanagar PS,BINNY LAYOUT
7754_1298,Basaveshwara Nagar PS,BHOVI COLONY
7754_1299,Basaveshwara Nagar PS,SHIVANAGARA
7754_1300,Mahalakshmipuram PS,Mahalakshmi Puram
7754_1301,Mahalakshmipuram PS,Mahalakshmi layout
7754_1302,R.M.C. Yard PS,Relaince market
7754_1303,Yeshwanthapura PS,CHOWDESHWARI BUS STAND
7754_1304,Yeshwanthapura PS,CHOWDESHWARI BUS STAND
7754_1305,Gangammana Gudi PS,KAMMAGONDANAHALLI
7754_1306,Gangammana Gudi PS,SIDDARTHANAGAR PEENYA PLANTATION
7754_1307,Gangammana Gudi PS,GANGAMMA CIRCLE JALAHALLI POST
7754_1308,Vidyaranyapura PS,M.S.Palya
7754_1321,R.M.C. Yard PS,Relaince market
7754_1325,Sanjay Nagar PS,NAGASHETTYHALLI
7754_1365,R.M.C. Yard PS,Relaince market
7754_1399,Mahalakshmipuram PS,Geleyara balaga
7755_1214,Kumaraswamy Layout Traffic PS,LAVAKUSHAPARK
7755_1240,Kumaraswamy Layout Traffic PS,JARAGANAHALLI BUS STAND
7755_1287,Subramanyapura PS,CHUNCHGHTTA
7755_1288,Kumaraswamy Layout Traffic PS,JARAGANAHALLI BUS STAND
7755_1289,Subramanyapura PS,P.P.Layout
7755_1290,Subramanyapura PS,BRANDAVAN LAYOUT
7755_1291,Subramanyapura PS,BRANDAVAN LAYOUT
7755_1292,Channammanakere Achu Kattu PS,KAMAKYA LAYOUT
7755_1295,Chamarajpet PS,RUDRAPPA GARDEN
7755_1296,Kempapura Agrahara PS,Cholurpalya
7755_1297,Magadi Road Traffic PS,rajaji nagar
7755_1298,Magadi Road Traffic PS,Rajaji nagar
7755_1299,Subramanyanagar PS,RAJAJINAGAR R BLOCK
7755_1300,Subramanyanagar PS,RAJAJINAGAR D BLOCK
7755_1301,Yeshwanthapura PS,L.N. COLONY
7755_1302,Yeshwanthapura PS,MALLESHWARAM EIGHT MAIN
7755_1303,Yeshwanthapura PS,SBM COLONY
7755_1304,Jalahalli PS,BALAJI NARSING HOME
7755_1305,Gangammana Gudi PS,GANGAMMA CIRCLE JALAHALLI POST
7755_1308,Vidyaranyapura PS,AMS LAYOUT
7755_1309,Vidyaranyapura PS,M.S.Palya
7755_1321,R.M.C. Yard PS,Marappanapalya
7755_1337,Yeshwanthapura PS,JAYARAM COLONY
7755_7755,Yeshwanthapura PS,JAYARAM COLONY
7756_1209,Basaveshwara Nagar PS,BEML LAYOUT
7756_1240,Kumaraswamy Layout Traffic PS,KOTHANOORU DINNE
7756_1285,Kempapura Agrahara PS,Magadi Road
7756_1287,Subramanyapura PS,ROYAL COUNTY
7756_1288,Subramanyapura PS,KONANAKUNTE
7756_1289,Subramanyapura PS,BRANDAVAN LAYOUT
7756_1290,Kumaraswamy Layout PS,iliyaz nagar
7756_1291,Kumaraswamy Layout Traffic PS,K.S.LAYOUT JUCTION
7756_1293,Basavanagudi PS,N.R COLONY
7756_1294,Basavanagudi PS,K.R ROAD
7756_1295,Kumaraswamy Layout Traffic PS,P.P LAYOUT
7756_1296,Cottonpet PS,Bhakshi Garden
7756_1297,Kempapura Agrahara PS,Magadi Road
7756_1298,Srirampura PS,SRIRAMPURA
7756_1299,Subramanyanagar PS,GAYATHRINAGAR
7756_1300,Subramanyanagar PS,GAYATHRINAGAR
7756_1301,Sadashivanagar PS,INDIAN INSTITUTE OF SCIENCE
7756_1302,Yeshwanthapura PS,Subhedhar Palya
7756_1303,Yeshwanthapura PS,JAYARAM COLONY
7756_1304,Sanjay Nagar PS,ASHRAMA COLONY
7756_1305,Vidyaranyapura PS,Doddabommasandra
7756_1306,Vidyaranyapura PS,Doddabommasandra
7756_1309,Basaveshwara Nagar PS,BEML LAYOUT
7756_1325,Yeshwanthapura PS,JAYARAM COLONY
7756_288,Konanakunte PS,MYSORE BANK COLONY
7756_7756,Subramanyanagar PS,GAYATHRINAGAR
7757_1221,Kumaraswamy Layout Traffic PS,JARAGANAHALLI BUS STAND
7757_1242,Kumaraswamy Layout Traffic PS,JARAGANAHALLI BUS STAND
7757_1257,Chandra Layout PS,CANARA BANK COLONY
7757_1286,Konanakunte PS,KOTHANURA VILLAGE
7757_1287,Kumaraswamy Layout Traffic PS,KOTHANOORU DINNE
7757_1288,Subramanyapura PS,VALLABHANAGAR
7757_1289,Subramanyapura PS,R.B.I LAYOUT
7757_1290,Kumaraswamy Layout Traffic PS,JARAGANAHALLI BUS STAND
7757_1291,Kumaraswamy Layout Traffic PS,JARAGANAHALLI BUS STAND
7757_1293,Basavanagudi PS,VSOUTH CROSS ROAD
7757_1294,Basavanagudi PS,N.R COLONY
7757_1295,Kalasipalya PS,NEW PATNOOLPET
7757_1296,Kalasipalya PS,KALASIPALYA BUS STAND
7757_1297,Cottonpet PS,Goodshed Road
7757_1298,Upparpet PS,K.G. ROAD
7757_1299,Vyalikaval PS,Pipeline
7757_1300,Sadashivanagar PS,SADASHIVANAGAR
7757_1301,Sadashivanagar PS,INDIAN INSTITUTE OF SCIENCE
7757_1302,Sanjay Nagar PS,ASHRAMA COLONY
7757_1303,Sanjay Nagar PS,ASHRAMA COLONY
7757_1304,Sanjay Nagar PS,NAGASHETTYHALLI
7757_1307,Sanjay Nagar PS,U.A.S LAYOUT
7757_1309,Yelahanka PS,Allalasandra
7757_1345,Sanjay Nagar PS,NAGASHETTYHALLI
7757_304,Sanjay Nagar PS,CENTRAL EXCISE LAYOUT
7757_7757,Vyalikaval PS,MARUTHI EXTN
7758_1218,Kumaraswamy Layout Traffic PS,CHUNCHAGATTA MAIN ROAD
7758_1259,Siddapura PS,T MARIYAPPA ROAD
7758_1281,Commercial Street PS,Bowring Hospital Road
7758_1286,Subramanyapura PS,ROYAL COUNTY
7758_1287,Subramanyapura PS,ROYAL COUNTY
7758_1288,Subramanyapura PS,R.B.I LAYOUT
7758_1289,Subramanyapura PS,CHIKKALLASANDRA
7758_1292,Jayanagar PS,JAYANAGAR
7758_1294,Basavanagudi PS,RANOJI RAO ROAD
7758_1295,Kalasipalya PS,DODDAMAVALLI
7758_1296,Kalasipalya PS,SHAMBUPALYA
7758_1297,Vidhana Soudha PS,M.S.Building
7758_1299,Vyalikaval PS,DNR LAYOUT
7758_1300,Sadashivanagar PS,SADASHIVANAGAR
7758_1301,Sadashivanagar PS,SADASHIVANAGAR
7758_1302,Sadashivanagar PS,SADASHIVANAGAR
7758_1303,Sanjay Nagar PS,U.A.S LAYOUT
7758_1304,Sanjay Nagar PS,CENTRAL EXCISE LAYOUT
7758_1364,Sanjay Nagar PS,CENTRAL EXCISE LAYOUT
7758_7758,Kalasipalya PS,DODDAMAVALLI
7759_1259,Vyalikaval PS,DNR LAYOUT
7759_1290,Mico Layout PS,BTM SECOND STAGE
7759_1291,Basavanagudi PS,RANOJI RAO ROAD
7759_1295,Ashoknagar PS,Shanthinagar
7759_1296,Sampangiramanagar PS,K.H.ROAD
7759_1297,Cubbon Park PS,Cubbon Park
7759_1298,Cubbon Park PS,Cunningham Road
7759_1299,J.C. Nagar PS,JAYAMAHAL
7759_1300,J.C. Nagar PS,BENSON TOWN
7759_1301,J.C. Nagar PS,JC NAGAR MAIN ROAD
7759_1302,R.T. Nagar PS,GANGANAGAR
7759_1303,Sanjay Nagar PS,CENTRAL EXCISE LAYOUT
7759_1304,Hebbal PS,Hebbala village
7759_7735,Cubbon Park PS,St. Marks Road
775_1301,Yeshwanthapura PS,MALLESHWARAM EIGHT MAIN
7760_1289,Ashoknagar PS,Central Street
7760_1290,Mico Layout PS,BILEKAHALLI
7760_1291,Mico Layout PS,BTM SECOND STAGE
7760_1292,Mico Layout PS,TAVAREKERE
7760_1293,Adugodi PS,ADUGODI POLICE QUTRESS
7760_1294,Adugodi PS,LAKKASANDRA EXTENSION
7760_1295,Ashoknagar PS,Central Street
7760_1296,Ashoknagar PS,M.G.ROAD
7760_1297,Cubbon Park PS,RHP ROAD
7760_1298,Commercial Street PS,GEM PLAZA SAFINA FLAZA ANDREW'S CHURCH
7760_1299,J.C. Nagar PS,BENSON TOWN
7760_1302,Hebbal PS,Manorayanapalya
7760_1303,Hebbal PS,Manorayanapalya
7760_1310,East Zone Women PS,HEBBALA PS
7760_1313,Yelahanka PS,Kattigenahalli kere
7760_7760,Adugodi PS,CHANDRAPPA NAGARA
7761_1218,Kumaraswamy Layout Traffic PS,ILIYAZ NAGARA
7761_1293,Vijayanagar PS,PRASANTHANAGARA
7761_1295,Ashoknagar PS,Central Street
7761_1296,Ashoknagar PS,Ashoknagar
7761_1297,Ashoknagar PS,Ashoknagar
7761_1298,Commercial Street PS,Dhobighat
7761_1299,Commercial Street PS,Dhobighat
7761_1307,Yelahanka PS,Gandhinagara
7761_1313,Yelahanka PS,Bagaloore cross
7761_7761,Viveknagar PS,ORC Road
7762_1293,Viveknagar PS,Ejipura
7762_1294,Viveknagar PS,Ejipura
7762_1295,Viveknagar PS,Ejipura
7762_1296,Halasur PS,Gowthampur
7762_1297,Halasur PS,Andra line
7762_1298,Halasur Traffic PS,Murphy Road
7762_1301,Banaswadi PS,Lingarajpura
7762_1399,Hennur PS,HBR LAYOUT
7763_1292,Ashoknagar PS,ROSE GARDEN NEELASANDRA
7763_1293,Viveknagar PS,Friends Colony
7763_1294,Viveknagar PS,Friends Colony
7763_1295,Halasur PS,domlur layout
7763_1296,Halasur PS,Domlur Village
7763_1299,Byappanahalli PS,Old byappanahalli
7763_1300,Banaswadi PS,chikkabanasawadi
7763_1301,Banaswadi PS,Lingarajpura
7763_1302,Banaswadi PS,kammanahalli main road
7763_1305,Banasawadi Traffic PS,thanisandra main road
7763_1311,Yelahanka PS,Kattigenahalli kere
7764_1296,Ashoknagar PS,Central Street
7764_1297,Indiranagar PS,INDIRANAGAR
7764_1298,Byappanahalli PS,N G E F
7764_1299,Byappanahalli PS,Old byappanahalli
7764_1300,Banaswadi PS,subbaiahnapalya
7764_1301,Banaswadi PS,Sena Vihar
7765_1295,Jeevan Bheemanagar PS,Church Street and Sriramanagari
7765_1297,Byappanahalli PS,GM PALYA
7765_1298,Byappanahalli PS,Byrasandra
7765_1299,Byappanahalli PS,Benniganahalli
7765_1300,Ramamurthy Nagar PS,OMBR LAYOUT
7765_1301,Banaswadi PS,Dodda Banasawadi
7765_1302,Hennur PS,Babusabpalya
7765_1396,Byappanahalli PS,N G E F
7765_7765,Jeevan Bheemanagar PS,KPWD NAL Quarters JB Nagar
7766_1278,Kumaraswamy Layout Traffic PS,JARAGANAHALLI BUS STAND
7766_1297,Byappanahalli PS,G.M Palya
7766_1298,Byappanahalli PS,G.M Palya
7766_1299,Byappanahalli PS,N G E F
7766_1300,K.R.Puram Traffic PS,KASTHURI NAGARA
7766_1354,R.M.C. Yard PS,Marappanapalya
7766_7766,Byappanahalli PS,Benniganahalli
7767_1221,Kumaraswamy Layout Traffic PS,PATALAMMA TEMPLE
7767_1297,Byappanahalli PS,KAGGADASAPURA VILLAGE
7767_1298,Byappanahalli PS,KAGGADASAPURA VILLAGE
7767_1301,K.R. Puram PS,T.C.PALYA
7767_1302,K.R. Puram PS,T.C.PALYA
7768_1222,Kumaraswamy Layout Traffic PS,ILIYAZ NAGARA
7768_1277,Byappanahalli PS,KAGGADASAPURA VILLAGE
7768_1297,Byappanahalli PS,KAGGADASAPURA VILLAGE
7768_1298,Byappanahalli PS,KAGGADASAPURA VILLAGE
7768_1300,K.R. Puram PS,AMBEDKAR NAGARA
7768_1301,K.R. Puram PS,k.r.pura
7768_1302,K.R. Puram PS,K.R.PURA
7768_1322,Devanahalli PS,MADDAIAH STREET
7769_1300,K.R. Puram PS,V.B. LAYOUT
7769_1301,K.R. Puram PS,T.C.PALYA
7769_1302,K.R. Puram PS,T.C.PALYA
7769_1303,K.R. Puram PS,T.C.PALYA
7769_7769,K.R. Puram PS,DEVASANDRA MAIN ROAD
7770_1300,K.R. Puram PS,DEVASANDRA MAIN ROAD
7770_1301,K.R. Puram PS,K.R.PURA
7770_1302,K.R. Puram PS,K.R.PURA
7770_1324,Devanahalli PS,MADDAIAH STREET
7771_1288,Varthur PS,KODATI SULIKUNTE AMBEDKAR NAGARA
7771_1293,Varthur PS,GUNJUR BALAGERE GUNJUROALYA
7771_1294,Varthur PS,R G HALLI SIIAPURA TUBARAHALLI
7771_1298,K.R.Puram Traffic PS,GOPALAN SCHOOL
7771_1300,K.R. Puram PS,HOODI ROAD
7771_1301,K.R. Puram PS,K.R.PURA
7771_1303,K.R. Puram PS,K.R.PURA
7771_1324,Devanahalli PS,GIRIYAMMA CIRCEL
7771_1325,Devanahalli PS,GIRIYAMMA CIRCEL
7771_7771,Varthur PS,R G HALLI SIIAPURA TUBARAHALLI
7772_1288,Varthur PS,KODATI SULIKUNTE AMBEDKAR NAGARA
7772_1290,Varthur PS,KACHAMANAHALLI MULLURU CIHICKBALANDURU
7772_1295,Varthur PS,R G HALLI SIIAPURA TUBARAHALLI
7773_1289,Varthur PS,KODATI SULIKUNTE AMBEDKAR NAGARA
7773_1291,Varthur PS,KACHAMANAHALLI MULLURU CIHICKBALANDURU
7774_1292,Varthur PS,GUNJUR BALAGERE GUNJUROALYA
7774_1293,Varthur PS,VARTHUR
7774_1294,Varthur PS,VARTHUR
7774_1295,Varthur PS,R G HALLI SIIAPURA TUBARAHALLI
7774_1322,Devanahalli PS,GIRIYAMMA CIRCEL
7774_1385,Varthur PS,KODATI SULIKUNTE AMBEDKAR NAGARA
7774_7774,Varthur PS,VARTHUR
7775_1293,Varthur PS,VARTHUR
7777_1257,Cottonpet PS,Bhakshi Garden
7777_1296,Cottonpet PS,Police Road
7777_1303,Kadugodi PS,KANNAMANGALA
7778_1212,Kumaraswamy Layout Traffic PS,JARAGANAHALLI BUS STAND
7790_1295,Ashoknagar PS,CHRISTIAN CEMENTRY BOTH SIDE
7795_1232,Mahalakshmipuram PS,J C NAGARA
7795_1304,Yeshwanthapura PS,CHOWDESHWARI BUS STAND
7797_1261,Ashoknagar PS,ROSE GARDEN NEELASANDRA
7798_1260,Commercial Street PS,IBRAHIM SAHEB STREET
7850_1354,Cubbon Park PS,St. Marks Road
823_6825,Mico Layout PS,BILEKAHALLI
828_8824,Mico Layout PS,BILEKAHALLI
832_8835,Mico Layout PS,BTM SECOND STAGE
940_5599,Rajajinagar Traffic PS,Twelth main road
9526_3895,Kamakshipalya PS,MEENAKSHINAGAR SHARADA COLONY
