Grid_ID,Latitude,Longitude
100_7761,1.0,77.61166781481481
1033_7799,10.3393,77.9917
1074_7911,10.74718,79.11788
1079_7878,10.79838,78.78007
1115_7907,11.1529,79.07131
11295_7753,112.954045,77.535531
11299_7760,112.999330957,77.608412629
1151_7735,11.51266616,77.35240252
1159_7734,11.591101,77.343901
1194_7866,11.948545833333334,78.66255666666667
1200_7700,12.000655,77.0003717
1200_7725,12.004684,77.25495233333334
1200_7755,12.0,77.55513
1201_7712,12.014658,77.12568
1201_7725,12.012568,77.256548
1201_7734,12.012568,77.341001
1201_7746,12.014545,77.460511
1201_7759,12.013621,77.594667
1202_7723,12.023384,77.23347100000001
1202_7725,12.025413475,77.25618725000001
1202_7734,12.02568795,77.343016
1202_7751,12.022189,77.510208
1202_7772,12.02245,77.72078
1203_7702,12.032105,77.021625
1203_7756,12.032906,77.569657
1203_7762,12.030722,77.627349
1204_7761,12.04033,77.61239
1205_7703,12.054324,77.032234
1205_7725,12.054879,77.25487799999999
1206_7713,12.063134,77.130641
1206_7757,12.06321,77.571687
1208_7754,12.088748,77.54916
1208_7760,12.088342,77.606616
1209_6817,12.096657,68.177512
1209_7703,12.096657,77.035501
1209_7705,12.093926333333334,77.05607966666666
1209_7706,12.097182,77.061013
1209_7736,12.090082,77.361989
1209_7750,12.090198,77.50738
1209_7753,12.090832,77.53762
1209_7754,12.0913575,77.54769999999999
1209_7755,12.090573,77.552825
1209_7756,12.09851126368007,77.56826748170839
1209_7760,12.098874234835355,77.60360948006932
1209_7771,12.0977174,77.719534
1209_7799,12.098505624333,77.9941147541762
1210_7754,12.10234,77.54287
1211_7755,12.11881327288304,77.55275289946196
1212_1325,12.123654,13.2565
1212_7512,12.123458,75.123456
1212_7712,12.1236775,77.1234555
1212_7714,12.12548,77.14868
1212_7721,12.124562,77.21452
1212_7722,12.123562,77.221562
1212_7723,12.121423,77.2324
1212_7724,12.123232,77.245
1212_7732,12.124523,77.3254
1212_7742,12.123873,77.4266265
1212_7744,12.12,77.444
1212_7745,12.1247015,77.455665
1212_7747,12.12569,77.47756
1212_7748,12.12569,77.488133
1212_7749,12.124546,77.495655
1212_7765,12.123456,77.654123
1212_7777,12.123456,77.777887
1213_7712,12.135456,77.123456
1213_7721,12.132453,77.21364
1214_7714,12.145812,77.14587
1214_7716,12.145456000000001,77.167065
1214_7735,12.145874,77.35971
1214_7745,12.145456000000001,77.456565
1214_7748,12.148233,77.485862
1214_7754,12.145456,77.543656
1215_7664,12.15989,76.645134
1215_7710,12.15417,77.10433
1215_7712,12.15462,77.1265874
1215_7715,12.154575000000001,77.1534805
1215_7745,12.154935550000001,77.45987125
1215_7757,12.15742,77.57738
1215_7758,12.1548921,77.584921
1215_7759,12.154987,77.598472
1216_7715,12.168781,77.15789
1216_7745,12.163542,77.456213
1216_7757,12.167824,77.572979
1217_7736,12.175233,77.36323
1217_7745,12.17,77.450468
1218_7637,12.184492,76.375437
1218_7714,12.18792,77.145987
1219_7706,12.192417666666666,77.06162233333333
1219_7748,12.1922903,77.480554
1219_7770,12.199633,77.705948
121_763,1.2175029,7.6361193
1221_7712,12.215278000000001,77.124556
1221_7714,12.214687,77.147896
1221_7753,12.215457,77.53256
1221_7756,12.216545,77.564651
1221_7759,12.215498,77.5984112
1222_7712,12.221423,77.121321
1222_7760,12.22228,77.604928
1222_7780,12.22228,77.806563
1223_7711,12.234156,77.112233
1223_7712,12.231225,77.123541
1223_7715,12.235261,77.156932
1223_7723,12.23041,77.2301
1223_7735,12.232209,77.357072
1223_7752,12.235621,77.523223
1223_7754,12.232452,77.54524
1223_7765,12.236598,77.652398
1223_7798,12.2365,77.9874
1224_7723,12.245682,77.23146
1224_7725,12.245544,77.256145
1224_7728,12.241653,77.289654
1224_7736,12.241653,77.363421
1224_7737,12.241653,77.372164
1224_7739,12.241652,77.397491
1224_7754,12.244731999999999,77.5461335
1224_7756,12.24932,77.56327
1225_6612,12.253698,66.123654
1225_7684,12.252541,76.849792
1225_7702,12.253632,77.025622
1225_7712,12.253073,77.12500449999999
1225_7715,12.2546635,77.154719
1225_7720,12.252115,77.203755
1225_7723,12.256298999999999,77.235442
1225_7724,12.252541,77.245212
1225_7725,12.256245538625,77.256539163025
1225_7726,12.2560505,77.266115
1225_7732,12.2546,77.3256
1225_7754,12.255419250000001,77.54537225
1225_7756,12.254914500000002,77.567278
1225_7757,12.25864,77.572384
1225_7785,12.256745,77.854673
1225_7787,12.257489,77.8719691
1226_7664,12.260085,76.643103
1226_7723,12.265486,77.235846
1226_7725,12.265974,77.2549713
1226_7736,12.265814,77.361478
1226_7739,12.264524,77.391246
1226_7750,12.26429,77.50086
1226_7771,12.26919,77.71173
1227_7709,12.275003625,77.09458705
1227_7750,12.2734,77.50086
1228_7606,12.2879,76.0632668
1228_7661,12.28787,76.61766
1228_7662,12.2844,76.62377
1228_7663,12.287172055555555,76.63289372222222
1228_7723,12.28645,77.232141
1228_7750,12.28787,77.5005865
1228_7752,12.28787,77.52325066666667
1228_7760,12.28317,77.605232
1228_7763,12.286483333333335,77.63293933333334
1229_7365,12.29367366102564,73.65332034128205
1229_7582,12.295932,75.829373
1229_7665,12.29348,76.65314
1229_7710,12.29692615,77.104545
1229_7757,12.294484833333334,77.57469866666666
1230_7660,12.30793,76.60791
1230_7666,12.30834,76.66753
1230_7751,12.30038,77.514937
1230_7753,12.307086,77.539204
1231_7664,12.31103,76.64944
1231_7669,12.317897,76.691703
1231_7765,12.311827,77.652985
1232_7667,12.32837,76.67581
1232_7712,12.324486333333333,77.12356133333334
1232_7715,12.321571,77.154871
1232_7723,12.323898499999999,77.235985
1232_7732,12.325883,77.32574833333332
1232_7756,12.32323,77.56525
1232_7761,12.323523,77.6164
1232_7763,12.32157,77.63187
1232_7765,12.323232,77.65355
1233_7722,12.333327,77.222228
1233_7733,12.333655,77.336652
1233_7750,12.33684,77.500313
1233_7761,12.33362,77.610846
1234_1257,12.34567,12.57667
1234_7731,12.3456552,77.313672
1234_7742,12.3412,77.4215
1234_7756,12.345682,77.569871
1234_7761,12.34284,77.61976
1234_7764,12.345678,77.645387
1235_7662,12.35039,76.62277
1235_7720,12.352452,77.205252
1235_7725,12.358315,77.25676
1235_7726,12.357152,77.2659945
1235_7732,12.354791,77.321571
1235_7735,12.355261,77.355594
1235_7736,12.354564,77.362156
1235_7752,12.354781,77.526489
1235_7753,12.356,77.5336
1235_7755,12.353355,77.556745
1235_7757,12.356923,77.579533
1235_7763,12.3554,77.63565
1235_7765,12.355379,77.65595515
1236_7705,12.3658719,77.05423174
1236_7721,12.365971,77.2158743
1236_7723,12.369874,77.235648
1236_7725,12.368683404358974,77.25755143589743
1236_7726,12.3657,77.26574
1236_7732,12.365602833333334,77.32653333333333
1236_7735,12.3658711,77.35247891
1236_7736,12.365667,77.36655433333333
1236_7756,12.367016999999999,77.56842082
1236_7758,12.365871,77.587115
1236_7765,12.365809500000001,77.658580165
1236_7786,12.3654,77.8659
1236_7789,12.3654,77.8956
1237_7745,12.3712,77.455
1237_7756,12.378632,77.564237
1239_7677,12.39395,76.775368
1239_7752,12.394716,77.52327
1239_7769,12.3993177,77.69152
1241_7719,12.4164,77.1929
1241_7721,12.414622,77.21456
1242_7712,12.425396,77.12453
1242_7724,12.425126500000001,77.245675
1242_7764,12.42654,77.64233
1242_7799,12.4236,77.9956
1244_7729,12.4456,77.2922
1244_7731,12.4452,77.312253
1244_7761,12.445002285714283,77.61166781481481
1245_7623,12.451705231578948,76.23688678596491
1245_7667,12.454548,76.674186
1245_7710,12.456784,77.105631
1245_7712,12.456876600000001,77.1247224
1245_7723,12.4566535,77.23654400000001
1245_7724,12.454150666666665,77.245503
1245_7725,12.4596245841,77.2596421222
1245_7726,12.456314,77.265349
1245_7730,12.452646,77.302197
1245_7732,12.452456,77.325465
1245_7734,12.458611000000001,77.343723
1245_7737,12.452369,77.372891
1245_7745,12.456579484210527,77.45714857894737
1245_7746,12.452851,77.468821
1245_7747,12.4587914,77.4789712
1245_7748,12.459871,77.487159
1245_7753,12.454548,77.53386
1245_7754,12.45771124,77.5457072
1245_7755,12.454548,77.553565
1245_7756,12.457092,77.5670035
1245_7757,12.456445,77.57888
1245_7758,12.459874466666667,77.58639699999999
1245_7759,12.456445,77.591245
1245_7766,12.45565,77.66556
1245_7774,12.4578914,77.7458193
1245_7787,12.4587,77.87459
1245_7794,12.45676,77.947677
1245_7798,12.457656,77.9855515
1246_7712,12.465823,77.1245
1246_7715,12.469877,77.154982
1246_7724,12.465441,77.24654
1246_7725,12.465289645,77.25633299564
1246_7745,12.469871,77.4569871
1247_7712,12.475464,77.1245
1247_7737,12.4734,77.3719
1247_7747,12.472383,77.477652
1247_7748,12.472383,77.485862
1247_7752,12.472383,77.526453
1248_7638,12.481983654937824,76.38618038194016
1248_7745,12.4869125,77.45469600000001
1248_7765,12.485966,77.655656
1248_7787,12.4879541,77.879541
1249_7726,12.495768,77.261439
1249_7745,12.49872589,77.4592514
1250_7734,12.504027083333334,77.34412033333334
1250_7735,12.50437792190476,77.3535907752381
1250_7736,12.504136504,77.36119856799999
1250_7737,12.5,77.38
1250_7738,12.504793375,77.38355625
1250_7739,12.500988571428573,77.39128757142858
1250_7740,12.5041136,77.40220624999999
1251_7695,12.516402,76.952705
1251_7725,12.51421,77.25412
1251_7731,12.5137,77.3148
1251_7732,12.513595500000001,77.324291
1251_7734,12.513564,77.345043
1251_7735,12.513658505454545,77.35322541636364
1251_7736,12.513463210909093,77.36394497090909
1251_7737,12.5112075,77.37579
1251_7739,12.512093739130435,77.39288930434783
1251_7740,12.513959999999999,77.40606000000001
1252_1739,12.521474,17.394634
1252_7721,12.52961,77.21398
1252_7725,12.5266705,77.25502259999999
1252_7728,12.52522,77.28229166666667
1252_7731,12.5251325,77.3141735
1252_7732,12.52332,77.32395
1252_7733,12.5245,77.3326
1252_7734,12.52442325,77.3450995
1252_7735,12.523874399555554,77.35421201244444
1252_7736,12.524096507536232,77.36410016405797
1252_7737,12.521679944444445,77.37358080555556
1252_7738,12.524202875,77.384459375
1252_7739,12.5225475,77.3922738888889
1252_7744,12.524849,77.441219
1252_7745,12.524555,77.4521165
1252_7752,12.526458,77.526589
1252_7753,12.525686,77.536585
1253_1730,12.535142,17.304043
1253_6817,12.535537,68.177512
1253_7586,12.53649256,75.86658293716981
1253_7720,12.535584,77.205252
1253_7724,12.5368,77.2473
1253_7728,12.535841,77.281877
1253_7729,12.535181,77.29585
1253_7730,12.53467,77.30459
1253_7732,12.532038,77.32922
1253_7733,12.53329604,77.33340704
1253_7734,12.536066,77.345898
1253_7735,12.532453310400001,77.3539042832
1253_7736,12.533368507999999,77.36269558000001
1253_7737,12.531150238095238,77.37393142857142
1253_7738,12.5335875,77.38231275
1253_7739,12.53433,77.392108
1253_7740,12.532217,77.402311
1253_7742,12.53568,77.425473
1253_7743,12.5348675,77.4309375
1253_7749,12.536255,77.49663
1253_7753,12.536249333333332,77.53420516666667
1253_7783,12.536598,77.836595
1253_7789,12.5357375,77.895612
1253_7793,12.538520666666665,77.93645366666667
1253_793,12.53685,7.936588
1254_7693,12.540187,76.930583
1254_7702,12.547162,77.024862
1254_7708,12.542646,77.088342
1254_7714,12.54621,77.14562
1254_7720,12.540692,77.203304
1254_7724,12.547019500000001,77.2477175
1254_7725,12.548585103420834,77.25546041063333
1254_7726,12.548762,77.2645
1254_7728,12.543874,77.2844650909091
1254_7729,12.54247,77.291305
1254_7730,12.54190387,77.30350225000001
1254_7731,12.544501,77.3151575
1254_7732,12.5479795,77.3253084895
1254_7733,12.54544,77.33454
1254_7734,12.545413333333334,77.34388066666666
1254_7736,12.546025,77.3645035
1254_7739,12.542385,77.39982
1254_7741,12.546244,77.419884
1254_7742,12.540671,77.422482
1254_7743,12.544488,77.435916
1254_7744,12.543603000000001,77.4435315
1254_7745,12.548910666666666,77.45954316666666
1254_7748,12.54128,77.48157
1254_7751,12.545656,77.512554
1254_7752,12.5488324,77.5248773
1254_7754,12.54618747142857,77.54580871428571
1254_7756,12.5453545,77.56456150000001
1254_7758,12.547558,77.58657249999999
1254_7759,12.5471885,77.595194525
1254_7765,12.54445,77.6556
1254_7789,12.548971,77.895421
1254_7792,12.549237866666667,77.92562042833333
1254_7795,12.54871,77.9547
1255_1748,12.555485,17.482567
1255_7728,12.552725,77.28467666666667
1255_7729,12.55259,77.2914525
1255_7730,12.554555,77.300265
1255_7732,12.554305555555555,77.323703
1255_7733,12.5531595,77.332246
1255_7734,12.553349714285714,77.34528714285715
1255_7735,12.553944125,77.351524875
1255_7736,12.557,77.3646
1255_7737,12.551741,77.37128233333333
1255_7738,12.555985,77.380395
1255_7740,12.55717,77.40911
1255_7741,12.554470048,77.412911576
1255_7742,12.55516,77.424116
1255_7743,12.552159,77.433493
1255_7744,12.55195875,77.442502725
1255_7745,12.55655,77.45655
1255_7746,12.55548488888889,77.468931
1255_7747,12.555205,77.47041999999999
1255_7749,12.555067000000001,77.4979385
1255_7751,12.55465,77.512424
1255_7752,12.555480666666666,77.52565033333333
1255_7753,12.5579815,77.53245425
1255_7758,12.55314,77.585581
1255_7760,12.555555,77.605329
1255_7762,12.555555,77.620564
1255_7763,12.55556,77.63362
1255_7767,12.55546,77.673108
1255_7865,12.559562,78.65894
1256_1293,12.567533,12.937981
1256_7704,12.5692,77.0442
1256_7712,12.5648798,77.1266547
1256_7723,12.569645,77.235689
1256_7725,12.564883587683333,77.25590520426667
1256_7728,12.562276666666667,77.284576
1256_7729,12.563248600000001,77.29267247272728
1256_7730,12.561138,77.304527
1256_7731,12.564740039999998,77.31279648
1256_7732,12.562278666666666,77.32247533333334
1256_7733,12.562160571428572,77.33279885714286
1256_7734,12.5635469,77.3421035
1256_7735,12.564935666666665,77.35614033333333
1256_7736,12.566303333333332,77.3659425
1256_7737,12.564603333333332,77.376479
1256_7738,12.56430116,77.38558450857143
1256_7739,12.564416177777778,77.39392045333334
1256_7740,12.564857,77.4050088
1256_7741,12.5645270825,77.415836765
1256_7742,12.5654582575,77.42295371
1256_7743,12.5647,77.436
1256_7744,12.562578,77.4443235
1256_7745,12.567345333333334,77.45454466666668
1256_7751,12.56713,77.51286838
1256_7753,12.561656768044367,77.53446067667802
1256_7754,12.5631785,77.54764399999999
1256_7756,12.568460714285715,77.56741185714284
1256_7757,12.567451,77.5786541
1256_7761,12.569451,77.61315225
1256_7763,12.566545,77.636545
1256_7765,12.566167499999999,77.65606975
1256_7768,12.565784,77.68954
1256_7769,12.569403000000001,77.69693699999999
1256_7783,12.568545,77.836528
1256_7786,12.569566,77.864596
1256_7793,12.562449583333333,77.93263070666667
1256_7795,12.564215,77.956524
1256_7798,12.567197,77.98819750000001
1257_1257,12.575401,12.575401
1257_739,12.57256356,7.39375696
1257_7434,12.573976,74.343956
1257_7728,12.570952,77.285952
1257_7729,12.572306000000001,77.29351755555555
1257_7730,12.57234711111111,77.30302244444445
1257_7731,12.572868069473683,77.31334449052632
1257_7732,12.574006204876543,77.32422668304937
1257_7733,12.574171917554585,77.3323360048035
1257_7734,12.572932550070922,77.34286882439716
1257_7735,12.573509,77.35172244444445
1257_7736,12.57521475,77.3644425
1257_7737,12.572364499999999,77.371487
1257_7738,12.573416510588237,77.3844064
1257_7739,12.572933554620407,77.39331002530612
1257_7740,12.573668362666666,77.40353157333334
1257_7741,12.57289458909091,77.41538383636363
1257_7742,12.574045897777777,77.42245832666667
1257_7743,12.571534,77.430859
1257_7744,12.572264,77.44145850000001
1257_7748,12.573056,77.484735
1257_7753,12.5742,77.5314
1257_7754,12.573755333333333,77.54613366666666
1257_7755,12.57168,77.55754
1257_7756,12.578964,77.568954
1257_7757,12.5756575625,77.57212303125
1257_7768,12.57034,77.68434
1257_7798,12.5789,77.9865
1258_7653,12.58429113551111,76.53418854395062
1258_7703,12.580824,77.0325006
1258_7705,12.582461,77.052651
1258_7723,12.587546,77.235456
1258_7724,12.586984,77.24685
1258_7725,12.582247500000001,77.256548
1258_7728,12.582765,77.284076
1258_7730,12.582896,77.301679
1258_7731,12.581281516129032,77.31291622580645
1258_7732,12.582639823529412,77.323374
1258_7733,12.580722580645162,77.33269003225807
1258_7734,12.583926631578947,77.34350914947369
1258_7735,12.584687,77.3519345
1258_7736,12.5865915,77.3644885
1258_7737,12.584912,77.37383
1258_7738,12.58295,77.38153
1258_7740,12.58166,77.40946
1258_7741,12.5881665,77.41553300000001
1258_7745,12.58516366,77.4565733
1258_7746,12.582123,77.4625
1258_7752,12.582416,77.525895
1258_7753,12.589426,77.535395
1258_7756,12.584370400000001,77.5648344
1258_7758,12.585365333333334,77.58352733333334
1258_7759,12.587280999999999,77.59616603333332
1258_7765,12.5868741,77.654351
1258_7775,12.58170004,77.75013
1258_7778,12.587896,77.785687
1258_7794,12.587845,77.948579
1258_7797,12.587965,77.978
1258_7798,12.586975,77.988579
1259_1734,12.593468,17.3499588
1259_7703,12.594807,77.033383
1259_7712,12.599072499999998,77.1254055
1259_7714,12.5978458,77.14598713
1259_7715,12.59874,77.1548794
1259_7721,12.590021,77.214853
1259_7726,12.598217566666667,77.2657403
1259_7728,12.59449075,77.28277
1259_7729,12.592405444444445,77.29430366666666
1259_7730,12.595606714285713,77.30255071428572
1259_7731,12.595282333333335,77.31332
1259_7732,12.594495714285713,77.32325
1259_7733,12.594038724137931,77.3325679
1259_7734,12.592205242857144,77.34400994285714
1259_7735,12.592928186440677,77.3533206440678
1259_7752,12.5934755,77.527354
1259_7753,12.592615,77.532865
1259_7754,12.59874,77.5487112
1259_7756,12.59864,77.5632
1259_7757,12.595292,77.572332
1259_7758,12.59845,77.58471
1259_7759,12.597480749999999,77.597356175
1259_7761,12.59215,77.61843
1259_7766,12.594366,77.665521
1259_7787,12.598741,77.874921
125_707,1.259374,7.07331348
125_771,1.2594166,7.7194394
125_773,1.2593871207407408,7.733185492592592
125_7735,1.25542695,77.354664
125_774,1.2572123,7.740344000000001
125_777,1.2592286,7.77331368
1260_7711,12.60777,77.11084
1260_7751,12.602514,77.514253
1260_7770,12.60694,77.703059
1261_7704,12.61267375,77.0409776
1261_7706,12.613643,77.0697
1261_7717,12.61732,77.17841
1261_7725,12.61713517,77.2514789
1261_7756,12.617611,77.564425
1261_7765,12.614897,77.651467
1262_7735,12.627736333333333,77.353558
1262_7756,12.624513,77.564325
1263_6931,12.6371732,69.31534397642439
1263_7649,12.635611,76.494696
1263_7712,12.636734745454545,77.12732596363637
1263_7713,12.630027,77.13067
1263_7736,12.6361825,77.3636045
1263_7755,12.636565,77.556856
1263_7763,12.638421,77.638421
1264_1264,12.645321,12.645321
1264_7625,12.645458,76.25746
1264_7736,12.645896,77.365941
1264_7755,12.640306,77.551048
1264_7761,12.644215,77.61542
1265_1265,12.6598747,12.65718941
1265_7712,12.65827305,77.1252997
1265_7713,12.654687,77.134356
1265_7715,12.65871,77.1547892
1265_7725,12.65819695,77.253809425
1265_7726,12.659874,77.2659711
1265_7735,12.658731,77.35321185
1265_7736,12.65718157,77.3624791
1265_7738,12.658711,77.3817912
1265_7745,12.659835,77.452189
1265_7747,12.654828,77.473979
1265_7751,12.65748,77.5126971
1265_7753,12.6596,77.5326
1265_7755,12.65608,77.55659750000001
1265_7756,12.656626423333334,77.5672049
1265_7758,12.6587179,77.58711571
1265_7759,12.658717,77.597145
1265_7763,12.652136,77.636955
1265_7765,12.655786890909091,77.6556085690909
1265_7768,12.657189,77.68175794
1265_7795,12.65656,77.9569
1266_7756,12.66716,77.566684
1266_7758,12.66355,77.58797849999999
1266_7759,12.66716,77.590565
1266_7765,12.6653705,77.6544825
1266_7778,12.660601,77.784562
1266_7793,12.66566,77.9326
1266_7794,12.665655,77.948651
1267_7658,12.67709,76.588562
1267_7702,12.678902,77.021552
1267_7725,12.67858,77.252507
1268_6808,12.68552,68.088342
1268_7708,12.685956000000001,77.088342
1268_7747,12.68552,77.47144
1268_7756,12.68552,77.56653
1268_7757,12.68538,77.572703
1268_7761,12.685196333333332,77.61288566666667
1268_7762,12.685467500000001,77.62471500000001
1268_7765,12.688289666666668,77.65631336666667
1268_7770,12.681619,77.70162
1269_7712,12.698745,77.125984
1269_7715,12.698571,77.1548971
1269_7736,12.698,77.368
1269_7752,12.695845,77.525142
1269_7763,12.694091499999999,77.6349015
1269_7781,12.694548,77.812492
1270_7726,12.7031,77.2661
1270_7754,12.70973,77.54862
1271_7751,12.719429717948715,77.51916443589744
1271_7762,12.717306,77.622454
1271_7770,12.71641,77.709533
1271_7771,12.718451,77.710126
1272_7740,12.727025857546934,77.40919043545634
1272_7748,12.72174476,77.48555238
1272_7777,12.726352,77.770204
1273_7769,12.732561,77.698412
1273_7801,12.73907330232558,78.01991805581396
1274_7724,12.745682,77.246095
1274_7748,12.745498733333333,77.48775176666668
1274_7757,12.7425455,77.571673
1274_7771,12.747099,77.716133
1275_6635,12.753951,66.357159
1275_7708,12.752783,77.088342
1275_7736,12.752783,77.36938
1275_7753,12.752783,77.538535
1275_7754,12.754564,77.542413
1275_7755,12.75487,77.55837
1275_7761,12.752783,77.61453
1275_7789,12.75489,77.89456
1275_7796,12.7569,77.9659
1276_6817,12.765891,68.178541
1276_7663,12.767336195061729,76.63541177901234
1276_7724,12.765486,77.24594
1276_7756,12.764726,77.5649
1276_7778,12.763541,77.789631
1277_7716,12.775659,77.167065
1277_7725,12.772891,77.259231
1277_7754,12.7777,77.5489
1277_7756,12.778772,77.569707
1277_7777,12.77581,77.778297
1277_7798,12.7753,77.9826
1278_7712,12.7895461,77.125489
1278_7723,12.789,77.236
1278_7725,12.784548000000001,77.25823249999999
1278_7750,12.78528538211382,77.50552145121951
1278_7756,12.78811975,77.56848175
1278_7762,12.788282,77.624377
1278_7769,12.789958,77.69775
1278_7776,12.786521,77.764561
1278_7778,12.78941,77.78984
1278_7787,12.7865741,77.8754201
1278_7789,12.786723,77.895505
1278_7796,12.785685,77.965682
1279_7712,12.790094877622522,77.12685274456476
1279_7716,12.796547,77.162905
1279_7725,12.7985469821,77.2596415826
1279_7738,12.795147,77.384579
1279_7744,12.7926921,77.446148
1279_7748,12.799155,77.48742
1279_7750,12.79642,77.50537
1279_7755,12.792297,77.552884
1279_7762,12.7947446,77.6208744
1279_7770,12.799155,77.705879
1280_7488,12.8097456,74.8824531
1280_7701,12.802539,77.011786
1280_7715,12.80505,77.15539
1280_7742,12.808534801020407,77.4294203755102
1280_7753,12.809315,77.539376
1280_7754,12.8052,77.54123
1280_7764,12.802286,77.644622
1281_7755,12.817734,77.55492
1281_7758,12.813185,77.58221
1281_7760,12.819589,77.60963
1281_7764,12.819639,77.644553
1281_7766,12.81947,77.668869
1281_7768,12.812593499999998,77.682029
1282_7684,12.829251213829789,76.84719440106383
1282_7755,12.826645,77.556245
1282_7756,12.8246095,77.5648255
1282_7765,12.82478,77.65791
1282_7766,12.82602,77.66437
1282_7779,12.8276174507751,77.79942844165049
1283_7745,12.836276,77.456565
1283_7746,12.832377,77.463155
1283_7747,12.83625,77.47144
1283_7751,12.839975,77.516326
1283_7752,12.836584,77.529553
1283_7753,12.835839,77.536237
1283_7754,12.839625,77.543656
1283_7756,12.836008250263156,77.56916684473684
1283_7757,12.839680000000001,77.578683
1283_7758,12.83787,77.580345
1283_7759,12.837465153846153,77.59315038461538
1283_7761,12.838725000000002,77.61096833333333
1283_7762,12.838486666666666,77.62358666666667
1283_7763,12.83190915338983,77.63754405491525
1283_7764,12.837008733333334,77.64794846666666
1283_7765,12.839299,77.65462600000001
1283_7766,12.83862725,77.66232375
1283_7767,12.839569888888889,77.67713255555556
1283_7768,12.8395115,77.6832755
1283_7773,12.8318,77.735
1284_7673,12.844693273317308,76.73121781646475
1284_7700,12.841966,77.0
1284_7746,12.840711,77.463155
1284_7754,12.849712,77.543656
1284_7755,12.84758,77.55507349999999
1284_7756,12.8488365,77.566445
1284_7757,12.845450704347828,77.57647681304347
1284_7758,12.8449548374375,77.58432156875
1284_7759,12.84727088888889,77.59462522222222
1284_7760,12.843482125000001,77.604108375
1284_7761,12.8426075,77.6173225
1284_7762,12.846975333333333,77.62670996666667
1284_7763,12.842736335,77.6345839675
1284_7764,12.844194032258065,77.64595664193548
1284_7765,12.845006666666666,77.6543567952381
1284_7766,12.841329101449276,77.66387208695652
1284_7767,12.84376829113924,77.67453620126582
1284_7768,12.847043666666666,77.68257454444444
1284_7772,12.847207,77.7204852
1285_3533,12.85644299,35.33068799
1285_766,12.85732,7.66192
1285_7723,12.858745,77.235247
1285_7725,12.85,77.25
1285_7734,12.853803,77.346037
1285_7736,12.8533,77.3614
1285_7744,12.85283,77.44198
1285_7746,12.8551541,77.4652172
1285_7751,12.854352,77.510911
1285_7752,12.858347666666667,77.52783277777777
1285_7753,12.856875,77.5329148
1285_7754,12.853021111111111,77.54473711111112
1285_7755,12.856571777777779,77.55453788888889
1285_7756,12.855692999999999,77.567136
1285_7757,12.856401714285713,77.57593414285714
1285_7758,12.855299643548387,77.58637554822582
1285_7759,12.855765266666667,77.59431533333333
1285_7760,12.854429714285715,77.60526184285713
1285_7761,12.855660083333333,77.61595675
1285_7762,12.8544025,77.622156475
1285_7763,12.8531915,77.63632231666666
1285_7764,12.852428800000002,77.6460086
1285_7765,12.854467035714285,77.65566894285713
1285_7766,12.85512174262295,77.66467552295083
1285_7767,12.855108479999998,77.67345231600001
1285_7768,12.855615,77.682355
1285_7769,12.859944,77.69579
1285_7778,12.85096,77.78518
1285_7786,12.85641,77.86521
1285_7789,12.85461,77.895412
1286_1286,12.86975,12.86124
1286_7745,12.868569,77.459435
1286_7750,12.867642183333333,77.50595139333333
1286_7751,12.864737857142858,77.51390171428571
1286_7752,12.862371433333335,77.52621556666666
1286_7753,12.866752992857142,77.53556012857143
1286_7754,12.864514666666667,77.54398133333333
1286_7755,12.864841333333333,77.555798
1286_7756,12.865750600000002,77.56564180000001
1286_7757,12.864910346923077,77.57752558846154
1286_7758,12.865532362229168,77.58243104548542
1286_7759,12.865604300000001,77.59517675
1286_7760,12.866249785714286,77.60429163571429
1286_7761,12.8668676,77.6154064
1286_7762,12.866076603333333,77.62549532166666
1286_7763,12.867337,77.63567775
1286_7764,12.862077222222222,77.64800965555555
1286_7765,12.865447470719662,77.65733796581738
1286_7766,12.864692,77.66396879
1286_7767,12.864268875,77.6749528625
1286_7768,12.865134666666668,77.684081
1286_7769,12.867678,77.695962
1286_7771,12.860839,77.716568
1286_7780,12.867438478571428,77.80768388877551
1286_7783,12.865721,77.835341
1286_7785,12.867904699999999,77.856207
1286_7786,12.866491,77.866026
1286_7787,12.867541,77.879651
1286_7789,12.869541,77.896531
1286_7795,12.86596,77.95855
1286_7796,12.8695,77.9684
1286_7798,12.865715000000002,77.9869985
1287_2757,12.877427,27.572015
1287_7487,12.875916666666667,74.87387033333333
1287_754,12.8796,7.5458
1287_7737,12.878616,77.3738535
1287_7739,12.87166608,77.39171072
1287_7744,12.877382,77.44471
1287_7748,12.87433,77.486678
1287_7749,12.87606009090909,77.49739927272728
1287_7750,12.87781125,77.5012285625
1287_7751,12.876191,77.51486614285714
1287_7752,12.877416097142858,77.5278137706903
1287_7753,12.87351921111111,77.53634225555555
1287_7754,12.876354979166665,77.54406580416666
1287_7755,12.8781355,77.55602725
1287_7756,12.877210024999998,77.56645491666667
1287_7757,12.875537152449999,77.57517082000001
1287_7758,12.874945618136364,77.58266091818182
1287_7759,12.875229692307691,77.59565956884616
1287_7760,12.876270499999999,77.60321827894737
1287_7761,12.877662833333332,77.61598615833334
1287_7762,12.876524999999999,77.62521171428571
1287_7763,12.87505442857143,77.63787085714286
1287_7764,12.876657999999999,77.6459846
1287_7765,12.87195880851064,77.65454682553192
1287_7766,12.876113066666667,77.66601556333333
1287_7767,12.876329789473683,77.67480209473685
1287_7770,12.873044,77.702111
1287_7771,12.878841,77.713225
1287_7779,12.879641,77.798451
1287_7784,12.876541,77.846501
1287_7786,12.8763755,77.86392705
1287_7787,12.87643205,77.876881
1287_7789,12.876741,77.8947521
1287_7793,12.876541,77.935251
1288_1284,12.887617,12.848875
1288_7737,12.883647,77.372891
1288_7738,12.884018333333335,77.386281
1288_7745,12.8806617,77.45482399
1288_7746,12.886344333333334,77.468937
1288_7747,12.883114666666666,77.471718
1288_7748,12.88589275,77.484506
1288_7749,12.88332025,77.49324975
1288_7750,12.882890666666666,77.500478
1288_7751,12.883642080000001,77.5163256
1288_7752,12.887039,77.525511
1288_7753,12.8846256,77.5390797
1288_7754,12.884740115416667,77.54464244583333
1288_7755,12.883429024126983,77.55614527829115
1288_7756,12.884637293361301,77.56617029976911
1288_7757,12.8818644529349,77.57637981082931
1288_7758,12.885021545882353,77.58300886520588
1288_7759,12.88544864,77.59579316062499
1288_7760,12.886710236060607,77.60638674757575
1288_7761,12.887045918611111,77.61390822944445
1288_7762,12.885804954545454,77.62461662727273
1288_7763,12.884627727272727,77.63551181818183
1288_7764,12.88483688888889,77.64402810888889
1288_7765,12.886460788461537,77.6550671923077
1288_7766,12.880147,77.661666
1288_7767,12.885601428571428,77.67315363571429
1288_7768,12.881902666666667,77.68238766666667
1288_7769,12.883079666666667,77.69616266666667
1288_7770,12.887462992,77.706692398
1288_7771,12.88749859882353,77.71608234558823
1288_7772,12.88711767,77.727990302
1288_7773,12.887853402000001,77.737242537
1289_1289,12.89977036,12.89977036
1289_756,12.898806,7.564576
1289_7732,12.8965,77.32658
1289_7734,12.890416,77.341385
1289_7738,12.893777,77.38426
1289_7746,12.893654333333332,77.46938583333333
1289_7747,12.896684042857144,77.4723223
1289_7748,12.896046272727274,77.48424372727273
1289_7749,12.896064306,77.49318539
1289_7750,12.89351,77.50652
1289_7751,12.896296953999999,77.513946296
1289_7752,12.896487058888889,77.52345492111111
1289_7753,12.896350203361505,77.53514807447176
1289_7754,12.89700578525926,77.54635249046297
1289_7755,12.895760518163266,77.55441710816326
1289_7756,12.893635308679245,77.5654931816981
1289_7757,12.893952848959184,77.57350836081633
1289_7758,12.89278418609853,77.58542586795159
1289_7759,12.893547818181817,77.59708336363636
1289_7760,12.895736283668041,77.60709514108392
1289_7761,12.896516988136037,77.61512172344784
1289_7762,12.89849413242502,77.62686467770673
1289_7763,12.895368985074628,77.63543916268657
1289_7764,12.895016815384615,77.64468377179487
1289_7765,12.897029032258065,77.65504889677419
1289_7766,12.896354299999999,77.6648433
1289_7767,12.894592650000002,77.675178395
1289_7768,12.8970818,77.684532
1289_7769,12.8951665,77.69243399999999
1289_7770,12.89523975,77.70716383333333
1289_7771,12.89465248375,77.7167679825
1289_7772,12.895179401052632,77.72271440578947
1289_7773,12.89517688,77.7367008
1289_7778,12.8969755,77.789651
1289_7779,12.8976531,77.7968451
1289_7789,12.89645425,77.896935275
1289_7798,12.894521,77.986541
1289_7799,12.89692217,77.99457472
1290_5877,12.907963,58.7719
1290_7638,12.90353,76.38987850000001
1290_7664,12.90632,76.643001
1290_7735,12.90847,77.353832
1290_7744,12.9038,77.44547
1290_7746,12.902177415219933,77.4673920915254
1290_7747,12.90557684070935,77.47423316605452
1290_7748,12.906011048529411,77.48433750147058
1290_7749,12.905944123076923,77.49812255384616
1290_7750,12.903503335442368,77.50711541124548
1290_7751,12.904560155833332,77.51590885875
1290_7752,12.905015379752042,77.52445935525617
1290_7753,12.9066621472,77.5369415828
1290_7754,12.904949126858591,77.54497566939101
1290_7755,12.906658640883217,77.5544541716306
1290_7756,12.905135839513793,77.56419380425287
1290_7757,12.905320994354165,77.573575005
1290_7758,12.9043935,77.58416073529412
1290_7759,12.906076318181817,77.59467586363637
1290_7760,12.905441511272729,77.60517101618181
1290_7761,12.90650458862069,77.61244714448276
1290_7762,12.906347145833335,77.62655256041667
1290_7763,12.9041076,77.63463524375
1290_7764,12.9044495,77.64328182058823
1290_7765,12.90285266400096,77.6510476537769
1290_7766,12.9039318,77.66279263999999
1290_7767,12.9061020125,77.67587205250001
1290_7768,12.905097272727273,77.68578907727273
1290_7769,12.906916172413792,77.69658254482758
1290_7770,12.905116751764707,77.7052133767647
1290_7771,12.90340214,77.715163332
1290_7772,12.904176326153847,77.72510691692308
1290_7773,12.908303114999999,77.73086603499999
1290_7795,12.90268,77.9547
1291_1211,12.9136599,12.1129459
1291_1291,12.917435000000001,12.917435000000001
1291_762,12.914385,7.625081
1291_7700,12.919577,77.00026
1291_7702,12.919639,77.021254
1291_7705,12.915188,77.0557194
1291_7729,12.915963,77.29052
1291_7733,12.917575303030304,77.33653818181818
1291_7737,12.919753535540838,77.37940930618102
1291_7740,12.9104111,77.4090462
1291_7745,12.917212,77.457126
1291_7746,12.913367000000001,77.46691625
1291_7747,12.915088948051954,77.47638711399046
1291_7748,12.914742680692806,77.48403475627921
1291_7749,12.915995950999683,77.49604796440116
1291_7750,12.914392054736842,77.50380740105263
1291_7751,12.915527931081082,77.51437449972973
1291_7752,12.914728311111112,77.52298553888889
1291_7753,12.914860108699374,77.53662589310231
1291_7754,12.914323840745839,77.54513635437735
1291_7755,12.91472152848852,77.55090784604083
1291_7756,12.915317845667863,77.5651428487325
1291_7757,12.916128237734375,77.57525094132812
1291_7758,12.916170154761904,77.58654671785715
1291_7759,12.915881254545454,77.59492002909091
1291_7760,12.918028971279524,77.60240495960812
1291_7761,12.916146439230769,77.6125631627972
1291_7762,12.914597021212122,77.62488360606062
1291_7763,12.91512245172414,77.63579355977011
1291_7764,12.91487088888889,77.64481055555557
1291_7765,12.914612996570506,77.65632420221735
1291_7766,12.916326816000002,77.667162104
1291_7767,12.913108463074312,77.67415494217991
1291_7768,12.91200903076923,77.68397627307692
1291_7769,12.91398727272727,77.69765371818181
1291_7770,12.911803953333333,77.70371762166667
1291_7771,12.912163604545453,77.71564247636364
1291_7772,12.915743820454544,77.72427185227274
1291_7773,12.915286,77.73349388888889
1291_7774,12.912708,77.7447325
1291_7778,12.915471,77.7804
1291_7780,12.918166,77.806563
1291_7798,12.917389,77.980589
1291_7804,12.9121,78.0452
1292_4757,12.92812,47.579201
1292_758,12.92367,7.58014
1292_7720,12.928933,77.201168
1292_7733,12.920226,77.339624
1292_7735,12.922790406,77.35225159
1292_7746,12.92546141,77.4681933625
1292_7747,12.925776835714286,77.47523107142857
1292_7748,12.924375873595386,77.48520205241324
1292_77484,12.922745,774.84742
1292_7749,12.925442464983046,77.49535902395354
1292_7750,12.92585090909091,77.50552922727273
1292_7751,12.924064060000001,77.51497134571429
1292_7752,12.924886412307693,77.52463488538461
1292_7753,12.926165857953348,77.53664775400924
1292_7754,12.924689120204082,77.54495185129251
1292_7755,12.924443903085107,77.55504046797873
1292_7756,12.926234182017543,77.56519867394736
1292_7757,12.92581286654321,77.57552181938271
1292_7758,12.925351871014493,77.58470343816425
1292_7759,12.925222269622642,77.5949623735849
1292_7760,12.924827703766818,77.60632695394618
1292_7761,12.924576357526881,77.61476345645161
1292_7762,12.9245172,77.62330304722222
1292_7763,12.923754763793102,77.6357538137931
1292_7764,12.923027871794872,77.64625568717949
1292_7765,12.922788034375,77.653258421875
1292_7766,12.923325671641791,77.6653036522388
1292_7767,12.92663267530864,77.6752491728395
1292_7768,12.926973909090908,77.68357998181818
1292_7769,12.925315207738095,77.69503823571429
1292_7770,12.9259095,77.70327275
1292_7771,12.924025095238097,77.71762271428572
1292_7772,12.923446777777777,77.72423588888888
1292_7773,12.924172553214285,77.73587339178572
1292_7774,12.925361857142859,77.7418717
1292_7777,12.921414,77.77512
1292_7795,12.92674,77.9547
1292_7796,12.925896,77.963255
1293_1257,12.933809,12.576208
1293_1293,12.93805109,12.93805109
1293_7720,12.93258,77.205252
1293_7724,12.938123,77.2458
1293_7725,12.938914,77.259231
1293_7729,12.93813,77.29453
1293_7737,12.939281,77.37563
1293_7744,12.935358,77.44524
1293_7746,12.936652,77.46961075
1293_7747,12.935718169565217,77.47681433913043
1293_7748,12.933679409565217,77.48627382586956
1293_7749,12.935399553571429,77.49363707428572
1293_7750,12.933841109090908,77.50660380000001
1293_7751,12.935812941461721,77.51663307279918
1293_7752,12.93668943024639,77.52626582804818
1293_7753,12.935654887092705,77.5355030534165
1293_7754,12.934117535611511,77.5449602172662
1293_7755,12.935303603702256,77.5547662245797
1293_7756,12.935111944009279,77.56508174278282
1293_7757,12.935865990120481,77.57515326732488
1293_7758,12.934073209176166,77.58458320586999
1293_7759,12.935574910416667,77.59426877166666
1293_7760,12.93316904985936,77.60800880747802
1293_7761,12.935148558863636,77.61471068897727
1293_7762,12.936051867042254,77.62555911676056
1293_7763,12.936396304025974,77.63225553402597
1293_7766,12.939483384101113,77.66331936959328
1293_7767,12.930918904761906,77.6775409047619
1293_7768,12.933997030769232,77.68594794615385
1293_7769,12.936097004761905,77.6957701095238
1293_7770,12.93474494117647,77.705423
1293_7771,12.93440009891346,77.71375652548033
1293_7772,12.938309911538461,77.72589700192307
1293_7773,12.936391135294118,77.73696793294118
1293_7774,12.937450873132532,77.74518014867469
1293_7775,12.934319166,77.7549516128
1293_7776,12.933426800000001,77.7625638
1293_7777,12.932804,77.7742727
1293_7796,12.937669,77.965638
1293_7797,12.93915,77.97652
1293_7798,12.93697,77.9892
1294_1294,12.946015175,12.946015175
1294_7704,12.942977004615384,77.04613215668017
1294_7705,12.947439,77.0550731
1294_7721,12.949105,77.219402
1294_7747,12.9436618125,77.4757705625
1294_7748,12.945373947368422,77.486956
1294_7749,12.944344727586207,77.49384153448275
1294_7750,12.9455885,77.504289125
1294_7751,12.943868599538078,77.5182381409779
1294_7752,12.94487184518257,77.52521783262144
1294_7753,12.945561868549321,77.53310776405159
1294_7754,12.94486577667584,77.54448084292999
1294_7755,12.944734320315694,77.55438841069184
1294_7756,12.94595878864117,77.56544492547785
1294_7757,12.944436875457898,77.5743046277002
1294_7758,12.945020384137932,77.58423126068966
1294_7759,12.945907838267717,77.59722428440945
1294_7760,12.94390758038793,77.60453301810345
1294_7761,12.946141871750001,77.616596245125
1294_7762,12.945212699187499,77.62630831925
1294_7763,12.941153356,77.63206961733334
1294_7764,12.945852256342986,77.6429316654685
1294_7765,12.94581090181818,77.65600285454546
1294_7766,12.9431447,77.6646442
1294_7767,12.945474166666665,77.67408281666667
1294_7768,12.947294888888889,77.6843851
1294_7769,12.946963583333334,77.69544825
1294_7770,12.947935137931035,77.70577913448277
1294_7771,12.947272265384616,77.71543024230769
1294_7772,12.946427625,77.722203125
1294_7773,12.942717,77.73598883333334
1294_7774,12.942585597142857,77.74606927678572
1294_7775,12.943683252821428,77.75299992857143
1294_7776,12.94695198,77.76521128
1294_7789,12.946411,77.8949055
1294_7795,12.946852,77.954612
1295_1295,12.9554915,12.9554915
1295_1756,12.9530245,17.564528
1295_7342,12.956762,73.42831814282005
1295_7700,12.955902,77.00818
1295_7706,12.954505,77.061622
1295_7715,12.957827933333334,77.15535276
1295_7724,12.953261,77.245632
1295_7725,12.958795,77.256548
1295_7733,12.959848585476632,77.3327965118325
1295_7736,12.959548,77.3649122
1295_7738,12.958986,77.38942
1295_7742,12.957194,77.42277
1295_7744,12.9560345,77.4409093
1295_7745,12.956399769230769,77.45859880769231
1295_7747,12.955714777777779,77.47555766666667
1295_7748,12.954531318181818,77.48499672727273
1295_7749,12.9537080625,77.4953530375
1295_7750,12.956708358158842,77.50570248871752
1295_7751,12.95742513132744,77.51654403636549
1295_7752,12.954857590518726,77.5251647480515
1295_7753,12.954302145937104,77.53553287889463
1295_7754,12.954768456135545,77.54404430552829
1295_7755,12.955575636039796,77.55413022058097
1295_7756,12.956059681282955,77.56538770692768
1295_7757,12.95536410578512,77.57544805697378
1295_7758,12.95464146441044,77.58567797000396
1295_7759,12.953271103857514,77.59429352258019
1295_7760,12.95363067837838,77.60470644864866
1295_7761,12.95507030075188,77.61604413203007
1295_7762,12.953523464624999,77.622765806625
1295_7763,12.955931887788948,77.6363942971748
1295_7764,12.956444435352237,77.6431498601348
1295_7765,12.956500106557378,77.65515678229508
1295_7766,12.957806798895861,77.66253484608627
1295_7767,12.957788833333334,77.6770585
1295_7768,12.955386689473684,77.68459927368421
1295_7769,12.955603488372093,77.6967899255814
1295_7770,12.95631156,77.70412085777778
1295_7771,12.95461857313433,77.71558412597015
1295_7772,12.954053543142857,77.72367319514287
1295_7773,12.955639758409092,77.73523465318182
1295_7774,12.956927671428572,77.74232881642857
1295_7775,12.954706,77.752537
1295_7776,12.956152,77.76439450000001
1295_7785,12.9567375,77.8572925
1295_7786,12.956421,77.867541
1295_7795,12.958893,77.958893
1296_1257,12.96387188,12.57667
1296_1296,12.9640580469799,12.9640580469799
1296_6411,12.969309,64.11694694914867
1296_7104,12.966681,71.048949
1296_752,12.968463,7.522401
1296_7694,12.96762231346154,76.94559905728156
1296_7705,12.9658,77.0516
1296_7712,12.966681,77.12462
1296_7716,12.960201,77.1653
1296_7717,12.96335,77.177512
1296_7723,12.963654,77.236541
1296_7724,12.96351,77.243176
1296_7726,12.965756500000001,77.26589799999999
1296_7728,12.9686,77.2896
1296_7729,12.969908,77.29298
1296_7732,12.964189333333332,77.322922
1296_7734,12.962502866666668,77.34414743333333
1296_7736,12.963451333333333,77.3662605
1296_7739,12.969103,77.39514
1296_7740,12.966012500000001,77.40106
1296_7747,12.963768083333333,77.47389383333334
1296_7748,12.964042778571429,77.48641471428571
1296_7749,12.96531118131441,77.49700924898553
1296_7750,12.96405305763601,77.50594204287249
1296_7751,12.963648790453908,77.51572600396412
1296_7752,12.965213310356498,77.52425397745851
1296_7753,12.965337509981143,77.53410486032169
1296_7754,12.964263991960777,77.54540349342832
1296_7755,12.96744810408654,77.55494428865384
1296_7756,12.964149467132808,77.56589704107468
1296_7757,12.965079987946421,77.57590867515012
1296_7758,12.964120141012373,77.58424153992084
1296_7759,12.96421932278481,77.59436800379747
1296_7760,12.965911674202898,77.60477883782609
1296_7761,12.964177187851847,77.61492110105364
1296_7762,12.965841608553326,77.62591012803271
1296_7763,12.964152638816076,77.6352870381542
1296_7764,12.964780740635529,77.64506096280573
1296_7765,12.965065082209303,77.65519137895349
1296_7766,12.964775138041505,77.66609856364437
1296_7767,12.965213499999999,77.67460260263158
1296_7768,12.966303450000002,77.68436149499999
1296_7769,12.966618157894738,77.69588499473684
1296_7770,12.96356957804878,77.70365842439024
1296_7771,12.964514290384615,77.71483534615385
1296_7772,12.96603188,77.723294729
1296_7773,12.966693935999999,77.73464604
1296_7774,12.965668670588236,77.74802022352941
1296_7775,12.966209018999999,77.75579091333334
1296_7776,12.9666699,77.76258289
1296_7777,12.965928,77.7722345
1296_7787,12.968962,77.87122
1296_7790,12.9681568257527,77.9080913015409
1296_7795,12.965653,77.956325
1296_7796,12.963228599999999,77.96394722
1297_1158,12.972057,11.586848
1297_1253,12.979777,12.536111
1297_1257,12.9766115,12.5736965
1297_6817,12.974448,68.177512
1297_755,12.974868,7.552116
1297_7694,12.97199,76.94559905728156
1297_7705,12.97164,77.056055
1297_7712,12.9786,77.12896
1297_7726,12.975240132113822,77.2639818601626
1297_7734,12.972021776324064,77.34541074352693
1297_7739,12.976321,77.39536
1297_7741,12.972504,77.411712
1297_7747,12.970967,77.471186
1297_7748,12.974195,77.4885315
1297_7749,12.973112197919166,77.49730982350493
1297_7750,12.975458155718602,77.50728485126484
1297_7751,12.975591557419456,77.5150511717096
1297_7752,12.973846156776215,77.52476118614959
1297_7753,12.975118812208827,77.53488489961254
1297_7754,12.974956305859264,77.5456181843025
1297_7755,12.974099787873135,77.5555170661194
1297_7756,12.972824956067416,77.5636021255618
1297_7757,12.9735894811639,77.57473236700162
1297_7758,12.973073856189254,77.58385162981352
1297_7759,12.977109702242997,77.5980520424091
1297_7760,12.974649267630785,77.60526414372661
1297_7761,12.973869869228524,77.61475846196959
1297_7762,12.975848473457072,77.62526324650035
1297_7763,12.974835616949935,77.63407612024982
1297_7764,12.974037511081582,77.64393517648222
1297_7765,12.97277957637867,77.65372837144183
1297_7766,12.973882105263158,77.66541789473683
1297_7767,12.978615467916677,77.67694207640862
1297_7768,12.975160444444445,77.68298511111112
1297_7769,12.974191688888888,77.69504895555556
1297_7770,12.973462683333333,77.70304757777778
1297_7771,12.973706366666667,77.71384934999999
1297_7772,12.97480325,77.72595190833333
1297_7773,12.971606692307692,77.73372276846155
1297_7774,12.974304310361283,77.74358302311032
1297_7775,12.974975314089287,77.75365879980357
1297_7776,12.977023609375,77.76499844062499
1297_7777,12.975844333333335,77.77121766666667
1297_7786,12.9786541,77.867451
1297_7794,12.9785,77.94909
1297_7795,12.97383,77.9547
1297_7797,12.974779999999999,77.97440094500001
1297_7798,12.9741,77.9865
1297_9741,12.9744505,97.4128935
1298_7321,12.9890567,73.21704057663317
1298_7490,12.98156,74.900677
1298_755,12.9806,7.5538
1298_760,12.988463,7.602909
1298_7707,12.98272596669614,77.07455139454271
1298_7712,12.986049999999999,77.124505
1298_7723,12.984782000000001,77.236126
1298_7726,12.987954,77.268521
1298_7732,12.98047,77.32514789
1298_7734,12.98329,77.3435
1298_7735,12.980372,77.353466
1298_7736,12.987542,77.365842
1298_7741,12.983238,77.411579
1298_7744,12.986524,77.44503850000001
1298_7745,12.98490675,77.45703025
1298_7747,12.985107888888889,77.47618344444444
1298_7748,12.985110909090908,77.48477672727273
1298_7749,12.9869564375,77.49241972916667
1298_7750,12.985205442964515,77.50489866473103
1298_7751,12.984965321548321,77.51444203656574
1298_7752,12.984359663636365,77.52681525454547
1298_7753,12.986561779090858,77.53591200791269
1298_7754,12.985968991695078,77.54531775504948
1298_7755,12.983890369932777,77.55606759045351
1298_7756,12.98592823066324,77.56496353569726
1298_7757,12.98532711043857,77.57513325308184
1298_7758,12.987893160029342,77.58161486225353
1298_7759,12.985061220092147,77.59569930136887
1298_7760,12.988244764269048,77.60142659982688
1298_7761,12.98661128078417,77.61290026373726
1298_7762,12.98282179907694,77.62584822243025
1298_7763,12.982250424132047,77.63369808130163
1298_7764,12.984953749999999,77.6450998
1298_7765,12.984858333333333,77.65576866666667
1298_7766,12.986395266666667,77.66541386666667
1298_7767,12.985663928571428,77.6751405
1298_7768,12.985935,77.68578480952381
1298_7769,12.984099263157896,77.69320452631578
1298_7770,12.986410153846153,77.70523676923077
1298_7771,12.98591875,77.71268524999999
1298_7772,12.983839583333333,77.72759198333334
1298_7773,12.985340858064514,77.73439146774193
1298_7774,12.984284443478261,77.74719701304348
1298_7775,12.983258427500001,77.7535346625
1298_7776,12.983690368421051,77.76429534210527
1298_7777,12.982276666666666,77.77180399999999
1298_7785,12.981701,77.854258
1298_7786,12.98745,77.8684
1298_7796,12.987456,77.968945
1298_7798,12.985770333333335,77.98576933333334
1298_9798,12.988618,97.985555
1299_100,12.99719,1.0
1299_1259,12.999249,12.59505
1299_1299,12.9952805,12.9971215
1299_1300,12.995299333333334,13.001452
1299_7715,12.99982,77.1521
1299_7725,12.99664,77.256489
1299_7726,12.999243,77.268521
1299_7733,12.993886,77.33524
1299_7735,12.997279,77.354748
1299_7736,12.997149499999999,77.36545075
1299_7744,12.992826857142859,77.44723085714284
1299_7746,12.99440375,77.4669405
1299_7747,12.991966,77.475007
1299_7748,12.995243400000001,77.4867682
1299_7749,12.995178875,77.49643070833334
1299_7750,12.994045022471909,77.50498801910113
1299_7751,12.99517916,77.51358368
1299_7752,12.996053628079192,77.52562473210112
1299_7753,12.99491937673551,77.53610889720134
1299_7754,12.994894497160189,77.54545857641273
1299_7755,12.994020304498084,77.55430728972277
1299_7756,12.995618155717258,77.56589115325717
1299_7757,12.99595278982558,77.5730246429071
1299_7758,12.996503247407407,77.58392025694445
1299_7759,12.993366353767845,77.59413761069698
1299_7760,12.994059727859105,77.60703534115515
1299_7761,12.996145843333332,77.61636071666666
1299_7762,12.999061979999999,77.6222724
1299_7763,12.99334624,77.637108
1299_7764,12.995195166666667,77.642201
1299_7765,12.992990630434784,77.65617636956522
1299_7766,12.99482542857143,77.66696996071428
1299_7767,12.996049122684932,77.67426991938493
1299_7768,12.993896574999999,77.684638675
1299_7769,12.996433452830189,77.69344037735848
1299_7770,12.992038309722222,77.7013002236111
1299_7771,12.995030453720931,77.71587921765745
1299_7772,12.993720125,77.723466875
1299_7773,12.99316,77.733014
1299_7774,12.995964571428571,77.74832171428571
1299_7775,12.995599166666667,77.75741304166667
1299_7776,12.993901629268294,77.76402546170732
1299_7777,12.996167,77.772862
1299_7783,12.994818,77.838416
1299_7790,12.99127061,77.90245264
1299_7795,12.998793,77.954768
1299_7796,12.999242,77.965823
1299_7799,12.990025,77.995216
1299_8023,12.998325,80.237712
129_775,1.298817475,7.755691275
12_77,0.1292602800480769,0.7751533846137253
12_7737,0.1255262,77.37263
1300_1300,13.00614281,13.00614281
1300_52,13.00370862,0.52624992
1300_7353,13.00101,73.53358
1300_7610,13.004198,76.107379
1300_7700,13.00038474074074,77.0002336851852
1300_7701,13.001245,77.015425
1300_7703,13.002189714285715,77.0312015
1300_7706,13.002157,77.0660364
1300_7712,13.00315125,77.12473625
1300_7714,13.001524,77.1438115
1300_7715,13.000307,77.155599
1300_7720,13.002169,77.202258
1300_7721,13.0011135,77.21382700000001
1300_7724,13.000405,77.243176
1300_7725,13.0025362,77.254658
1300_7727,13.0028872184293,77.2757963902072
1300_7729,13.001738000000001,77.29529328571428
1300_7730,13.002760068965516,77.30306637931035
1300_7731,13.0023368856,77.3111735608
1300_7732,13.001397428571428,77.32268142857143
1300_7733,13.00398,77.33384
1300_7734,13.002930923333334,77.34356133333334
1300_7735,13.002758295238095,77.35163502380952
1300_7736,13.001365,77.361985
1300_7739,13.0067032,77.393723
1300_7744,13.004237,77.44217
1300_7745,13.001979,77.459003
1300_7747,13.0042515,77.4777975
1300_7748,13.0044507875,77.483914125
1300_7749,13.002337982162162,77.49843027040541
1300_7750,13.002746898404256,77.50335740542553
1300_7751,13.005551663870968,77.51586204483871
1300_7752,13.006683358807438,77.52582776199154
1300_7753,13.006418631932219,77.53363876830497
1300_7754,13.006873462872257,77.54493512208545
1300_7755,13.004524564411867,77.55491510892463
1300_7756,13.004448757355405,77.56411624674189
1300_7757,13.004248558229357,77.57538115446347
1300_7758,13.004691519200001,77.583385942
1300_7759,13.005238194950921,77.59485660596222
1300_7760,13.00499429884474,77.60494668930995
1300_7761,13.006259984217982,77.61338639395775
1300_7762,13.004413636363637,77.62505572727274
1300_7763,13.007328881481483,77.63348931481481
1300_7764,13.005369342380954,77.64682619142857
1300_7765,13.006626909090908,77.65682809090909
1300_7766,13.004100853658537,77.66456756097561
1300_7767,13.003408524545454,77.67616004545454
1300_7768,13.005756108204446,77.68585746986444
1300_7769,13.007235423371972,77.69523897605723
1300_7770,13.004987720290085,77.70443071544626
1300_7771,13.00474283903959,77.71364373761183
1300_7772,13.004231505166956,77.72460109258
1300_7773,13.005406833333334,77.73632416666668
1300_7774,13.002648279999999,77.74452014
1300_7775,13.006048572916667,77.75537063041666
1300_7776,13.004500000000002,77.7663322
1300_7783,13.008525,77.833645
1301_1170,13.01427,11.70674
1301_1759,13.013443,17.593646
1301_7382,13.01996,73.82025625436893
1301_7403,13.01699137,74.03662285498675
1301_7701,13.01462,77.014232
1301_7702,13.012215999999999,77.02454
1301_7703,13.012825333333334,77.03186920333333
1301_7705,13.015033,77.0553944
1301_7706,13.0139654,77.064201
1301_7707,13.0117,77.07644
1301_7712,13.011235,77.125
1301_7713,13.013523,77.132913
1301_7719,13.013992,77.190477
1301_7723,13.01875,77.236587
1301_7725,13.019901,77.256987
1301_7729,13.015055,77.2933495
1301_7730,13.011496529411765,77.30483100000001
1301_7731,13.012493,77.31153777777779
1301_7732,13.0132546,77.3232512
1301_7733,13.01396692857143,77.3325492857143
1301_7734,13.013241,77.34123600000001
1301_7735,13.012183727272726,77.35275668181818
1301_7736,13.01345375,77.3612579
1301_7737,13.012835599999999,77.37414017
1301_7738,13.019634,77.382431
1301_7743,13.01807,77.438019
1301_7745,13.01,77.46
1301_7747,13.016729999999999,77.478241
1301_7748,13.01673191235294,77.48411600117646
1301_7749,13.017625108026207,77.49926959878489
1301_7750,13.012305723521125,77.50363541647887
1301_7751,13.017829518581154,77.51906556967299
1301_7752,13.014464884865404,77.52602048067425
1301_7753,13.015621576381866,77.5343121361804
1301_7754,13.014857346213805,77.54358396224403
1301_7755,13.017691517994974,77.55678659043777
1301_7756,13.014829816666667,77.56442528958333
1301_7757,13.014282379154931,77.57391676591548
1301_7758,13.014480040229884,77.58402438850575
1301_7759,13.015887862014706,77.59488817007353
1301_7760,13.014794749578051,77.60724133108258
1301_7761,13.014227928563498,77.61260347991593
1301_7762,13.01642830392569,77.62407566706013
1301_7763,13.015392431770165,77.63571826601655
1301_7764,13.015711256896552,77.64262273965518
1301_7765,13.0159698125,77.65502999375
1301_7766,13.014389880415843,77.664079
1301_7767,13.014414007923577,77.6758718863877
1301_7768,13.01463545054839,77.68342593287976
1301_7769,13.012672953833333,77.69637393415844
1301_7770,13.01141396272474,77.70329830476155
1301_7771,13.015882584571603,77.71597455519753
1301_7772,13.0162665,77.72313550000001
1301_7773,13.010811,77.730559
1301_7774,13.0104521452,77.745214814
1301_7775,13.012491399999998,77.75838519999999
1301_7776,13.014047439999999,77.76406424
1301_7778,13.013778,77.787758
1301_7868,13.016102,78.683463
1302_1302,13.0200030393306,13.0200030393306
1302_1758,13.022808,17.584503
1302_1762,13.026908,17.620375
1302_6654,13.022111,66.54682
1302_6817,13.020477,68.177512
1302_7665,13.027018421875,76.65174609375
1302_769,13.024545214,7.6945452144
1302_7700,13.025483,77.001655
1302_7703,13.022111,77.032154
1302_7704,13.023123,77.04562323
1302_7705,13.023779,77.054264
1302_7710,13.0224895,77.10266200000001
1302_7712,13.02469,77.12352200000001
1302_7713,13.028537,77.132913
1302_7721,13.022701,77.215648
1302_7725,13.024257966666667,77.25448466666667
1302_7728,13.02927,77.284793
1302_7729,13.02048,77.29452
1302_7730,13.023287074999999,77.305055125
1302_7731,13.026119999999999,77.31405444444445
1302_7732,13.023232333333333,77.32436288888888
1302_7733,13.0241413,77.3328844
1302_7739,13.021018,77.3958
1302_7741,13.025641,77.412536
1302_7746,13.0228,77.46841
1302_7747,13.026377561538462,77.47911321538461
1302_7748,13.027101903874456,77.48603533930599
1302_7749,13.028563130603981,77.49440473955428
1302_7750,13.025939435556229,77.5061533249522
1302_7751,13.026518931775463,77.51634487086834
1302_7752,13.023605943806961,77.5257184616721
1302_7753,13.025482625684923,77.53650359308993
1302_7754,13.02568336142938,77.54502406764435
1302_7755,13.023849296015747,77.55519405196851
1302_7756,13.026324670927755,77.56284588122011
1302_7757,13.027336874116665,77.57572353616666
1302_7758,13.025245287040818,77.58548341066327
1302_7759,13.023661762328766,77.5943762859589
1302_7760,13.025005862595973,77.60564154614826
1302_7761,13.025779481267634,77.61291552468789
1302_7762,13.02322511111111,77.62724418518519
1302_7763,13.026306012158495,77.63554925561715
1302_7764,13.024451820858886,77.64530528641725
1302_7765,13.023990951133623,77.65398496987218
1302_7766,13.025353942857143,77.66604575
1302_7767,13.021124454545456,77.67628481818181
1302_7768,13.023386872347826,77.68469596274348
1302_7769,13.023730623351904,77.69454404821924
1302_7770,13.023658061274688,77.70463859848628
1302_7771,13.023817045,77.71527094503125
1302_7772,13.025875050222222,77.72084850233334
1302_7774,13.028039666666666,77.74636793333333
1302_7775,13.022831499999999,77.75833499999999
1302_7776,13.0242625,77.76314114285715
1302_7777,13.026743,77.775636
1302_7787,13.028391,77.871223
1302_7795,13.027356,77.957186
1303_1303,13.03496,13.03496
1303_1706,13.036162,17.065268
1303_1758,13.039281333333335,17.589336333333332
1303_1788,13.033171,17.88171
1303_6703,13.032274,67.032456
1303_7582,13.035004,75.82701
1303_7702,13.03165,77.02416
1303_7703,13.0316,77.0316
1303_7705,13.036091,77.05892
1303_7723,13.03478,77.235214
1303_7729,13.03174,77.2991
1303_7732,13.033849800000002,77.32416874
1303_7733,13.030433666666667,77.33078466666666
1303_7736,13.03292,77.36382
1303_7737,13.030114,77.37502968
1303_7744,13.03163701612903,77.44681785483871
1303_7747,13.037977,77.473042
1303_7748,13.035647288920412,77.48654698566878
1303_7749,13.034757821226712,77.49530259522162
1303_7750,13.034785806809985,77.50487837706983
1303_7751,13.037981521724461,77.51599283751456
1303_7752,13.035269683815367,77.5252560571103
1303_7753,13.031517287675145,77.53582876883198
1303_7754,13.035814651823593,77.54383678789875
1303_7755,13.033740450416417,77.55631634502774
1303_7756,13.035274094492333,77.56600090133487
1303_7757,13.033931316685567,77.57538378219073
1303_7758,13.037607510132979,77.58831068271276
1303_7759,13.03461187729927,77.59642028343065
1303_7760,13.03443160167722,77.60604346077217
1303_7761,13.034646244444444,77.61593482222223
1303_7762,13.035317723877938,77.6248535233305
1303_7763,13.03343279923585,77.63529315680636
1303_7764,13.035915120159826,77.64362388830223
1303_7765,13.032995990707724,77.65592403848267
1303_7766,13.034942277777779,77.66480074444445
1303_7767,13.035764333333333,77.674237
1303_7768,13.035874,77.68507266666667
1303_7769,13.033484632564285,77.6934385128557
1303_7770,13.0309855,77.70714000000001
1303_7771,13.034709359292858,77.71500293160356
1303_7773,13.037672,77.7363085
1303_7774,13.034559,77.74629166666666
1303_7775,13.033424830000001,77.7562489
1303_77756,13.039831,777.566704
1303_7776,13.032161571428572,77.76280314285714
1303_7777,13.037466,77.770143
1303_7787,13.034129,77.871223
1303_7788,13.033177617647059,77.88173294117647
1304_1304,13.04152138,13.04152138
1304_1752,13.04453942,17.52216146
1304_7676,13.041541364273204,76.76879383274955
1304_7721,13.04532,77.21634
1304_7732,13.0453656,77.3228462
1304_7733,13.04343,77.332229
1304_7734,13.049927,77.346495
1304_7735,13.046042,77.352787
1304_7736,13.04958,77.361328
1304_7739,13.041731,77.390741
1304_7742,13.0465955,77.4252725
1304_7747,13.042193,77.479898
1304_7748,13.043051316097625,77.486112704907
1304_7749,13.048063382300587,77.49666762268723
1304_7750,13.045264818351788,77.50584336305239
1304_7751,13.04248916402186,77.51521233889275
1304_7752,13.043874110088934,77.5238881520842
1304_7753,13.045582605823872,77.53635015030996
1304_7754,13.045315548390123,77.54670647913298
1304_7755,13.043776367490219,77.55401018695244
1304_7756,13.043271696408768,77.56534728527453
1304_7757,13.043384393993827,77.57472352690124
1304_7758,13.04266783637736,77.58366731969811
1304_7759,13.04286760090909,77.59353874954546
1304_7760,13.044517944444443,77.60543805555557
1304_7761,13.044461818615801,77.61714834434255
1304_7762,13.043803722954245,77.62508875089809
1304_7763,13.047527162173623,77.63310294103779
1304_7764,13.04625677424159,77.64388309874418
1304_7765,13.0407405,77.6557685
1304_7766,13.040332786073101,77.66484867126661
1304_7767,13.042971631250001,77.6785605536
1304_7768,13.043734,77.688571
1304_7769,13.04521445905,77.69340464268
1304_7770,13.04723,77.704454
1304_7771,13.04521452121,77.717445214
1304_7772,13.0452145214,77.7274452145
1304_7773,13.04878089888889,77.73708003111113
1305_6523,13.053417,65.231546
1305_6875,13.053417,68.752
1305_7702,13.052465,77.021568
1305_7703,13.05323,77.034213
1305_7705,13.055096,77.055096
1305_7712,13.056246,77.122754
1305_7713,13.055265,77.134021
1305_7725,13.055096,77.253462
1305_7728,13.0519047,77.281009
1305_7729,13.052202875,77.292379625
1305_7730,13.050654,77.304815
1305_7731,13.056718,77.313281
1305_7732,13.055017588235295,77.322596
1305_7733,13.055324433333332,77.33277533666667
1305_7738,13.055511,77.385609
1305_7744,13.05808,77.449345
1305_7749,13.0521851325,77.4957354175
1305_7750,13.054834200706132,77.50590957295303
1305_7751,13.053298251000001,77.5139911045
1305_7752,13.054931999999999,77.52485612857143
1305_7753,13.054044250693943,77.5345339260601
1305_7754,13.054832552656025,77.5449669487998
1305_7755,13.054641163516203,77.55539583478435
1305_7756,13.056590490077415,77.5635342782437
1305_7757,13.054991866666667,77.574463
1305_7758,13.057217141244584,77.58244735564996
1305_7759,13.055763814814815,77.59548207037038
1305_7760,13.055237470769232,77.60469655038462
1305_7761,13.053809125,77.614333
1305_7762,13.05535994,77.626497496
1305_7763,13.053739372360393,77.63303355565931
1305_7764,13.055594568677458,77.64632338747373
1305_7765,13.055996090909092,77.65237508181818
1305_7766,13.056913857142858,77.661832
1305_7767,13.053539299999999,77.67584715714285
1305_7773,13.056688,77.735032
1305_7776,13.050667,77.765214
1306_1365,13.064213,13.65985
1306_1754,13.06530863,17.54415539
1306_7698,13.0644,76.98830581272728
1306_7710,13.067469,77.103242
1306_7713,13.067469,77.136856
1306_7723,13.061983,77.232125
1306_7728,13.062999999999999,77.2853
1306_7731,13.064327600000002,77.313118
1306_7748,13.0682035,77.48954272
1306_7749,13.063099451666666,77.49783480666666
1306_7750,13.066445394811268,77.50535328339492
1306_7751,13.065386199999999,77.51212263111111
1306_7752,13.064834684,77.527751488
1306_7753,13.062152561111112,77.53327149666667
1306_7754,13.063603899983102,77.54536748935618
1306_7755,13.06443091967223,77.55538789068846
1306_7756,13.063692634693462,77.56233885159101
1306_7757,13.06463925,77.574588375
1306_7758,13.0643158,77.58424979333334
1306_7759,13.063681744284455,77.59085462427858
1306_7760,13.0655876,77.6025227
1306_7761,13.065269055555556,77.61745316111111
1306_7762,13.065904897435898,77.6261936025641
1306_7763,13.066704357142857,77.63269585714285
1306_7764,13.062508941441443,77.64335093667955
1306_7765,13.065095944444444,77.65421360555555
1306_7766,13.061696,77.6653695
1306_7767,13.064905999999999,77.6737716
1306_8022,13.060444,80.223755
1307_7701,13.072784,77.010123
1307_7707,13.073118,77.07318
1307_7726,13.07211325284,77.26836658664
1307_7729,13.07486,77.290375
1307_7745,13.070866,77.451099
1307_7748,13.07837,77.48923
1307_7749,13.07789,77.497454
1307_7750,13.076258656,77.504705956
1307_7751,13.077961868421053,77.51315652105264
1307_7752,13.07278118235294,77.52663951764706
1307_7753,13.07538474028942,77.5356226877099
1307_7754,13.077843282878572,77.54431889811622
1307_7755,13.073986220609951,77.55590881015793
1307_7756,13.07495725455013,77.56336495317679
1307_7757,13.077236666666666,77.57642333333332
1307_7758,13.075832666666665,77.58459466666666
1307_7759,13.074258115384614,77.59412825384615
1307_7760,13.073950000000002,77.60388983333333
1307_7761,13.072880529411764,77.6171167
1307_7762,13.073031666748765,77.6268607864475
1307_7763,13.074357213253013,77.63327106144578
1307_7764,13.076468877965244,77.64625443441506
1307_7765,13.073665729411765,77.65243195294117
1307_7766,13.078643249999999,77.66643075
1307_7767,13.071681000000002,77.673064
1307_7787,13.076543,77.874755
1307_8018,13.07867,80.18608
1308_753,13.0807296999487,7.536339500193699
1308_7728,13.082556,77.28437349999999
1308_7729,13.083581,77.29267
1308_7731,13.0894,77.315485
1308_7733,13.081625,77.332898
1308_7740,13.08018,77.40149
1308_7748,13.086681847619047,77.48494697619047
1308_7749,13.0832591625,77.497441525
1308_7750,13.085905346666667,77.50509990666666
1308_7751,13.08663665,77.51235475
1308_7752,13.08687,77.520224
1308_7753,13.084083996979478,77.53336336707748
1308_7754,13.084474511557454,77.54607113458965
1308_7755,13.084224997912514,77.5555137430052
1308_7756,13.083599035358542,77.56232627476454
1308_7758,13.08548542857143,77.58713314285716
1308_7759,13.085900363636364,77.59455508181817
1308_7760,13.083301,77.60374425
1308_7761,13.08234925,77.6177656125
1308_7762,13.085000076923077,77.62522514615385
1308_7763,13.086472204347825,77.6339987
1308_7764,13.084450272727274,77.64389870000001
1308_7765,13.0852219418863,77.65662961611737
1308_7766,13.082449333333335,77.6652483
1308_7767,13.08359025,77.67495275
1308_7777,13.082014257575759,77.77282611363637
1308_8020,13.08188,80.207947
1309_7634,13.094990511111112,76.34186304
1309_7728,13.09702,77.284777
1309_7729,13.09702,77.292205
1309_7730,13.090447,77.300715
1309_7748,13.092693375,77.488224625
1309_7749,13.095861584615385,77.49887846153847
1309_7750,13.09062,77.50339
1309_7752,13.096555181666666,77.523602755
1309_7753,13.093096417124281,77.53577761923907
1309_7754,13.092246492320314,77.54223791479218
1309_7755,13.092334119205733,77.55371061872066
1309_7756,13.0941405,77.5640454375
1309_7757,13.097964214285714,77.57535135714285
1309_7758,13.094556153846154,77.58330792307692
1309_7759,13.096008380952382,77.59507962539682
1309_7760,13.093542333333332,77.60329850000001
1309_7761,13.095834,77.615193
1309_7762,13.097218571428572,77.62609318285715
1309_7763,13.093959454545455,77.63372598181819
1309_7764,13.095346500000002,77.64343099999999
1309_7765,13.092515882352942,77.65358064705883
1309_7766,13.097973466666668,77.66312946666667
1309_7771,13.0953585,77.71544449999999
1309_7820,13.096096,78.208122
1309_8020,13.09489,80.20011
130_773,1.3039151494252874,7.732410948275862
130_7732,1.301398,77.323368
130_774,1.30036,7.740344
130_775,1.3002645857142858,7.754864592857143
1310_1310,13.1037,13.1037041
1310_7725,13.1,77.25
1310_7730,13.1067507,77.3044395
1310_7731,13.108870000000001,77.315317
1310_7747,13.104707,77.478439
1310_7748,13.10389821875,77.48109393125
1310_7749,13.102852239999999,77.49242128
1310_7750,13.109440233333332,77.50425056666667
1310_7751,13.104416066666667,77.5171523
1310_7752,13.10633855,77.5281481
1310_7753,13.10073875,77.53290774999999
1310_7754,13.100869,77.5470235
1310_7755,13.105027499999998,77.555042
1310_7756,13.105160466666666,77.56527809999999
1310_7757,13.105331324324325,77.57544832432433
1310_7758,13.10093212368421,77.58357453947369
1310_7759,13.104637855555556,77.59535455555556
1310_7760,13.105776945454545,77.60459775909091
1310_7761,13.1048654,77.61441640000001
1310_7762,13.102866749999999,77.627012325
1310_7763,13.104492846153846,77.63401528461539
1310_7764,13.100999999999999,77.64354866666666
1310_7765,13.10676375,77.652855375
1310_7771,13.109181333333334,77.715868
1310_7818,13.1050985,78.185744
1311_7721,13.112332,77.213216
1311_7733,13.11977,77.33301392
1311_7737,13.118852,77.377602
1311_7742,13.1152675,77.4221095
1311_7746,13.11317225,77.4659897
1311_7748,13.115625831818182,77.48454357727273
1311_7750,13.1195971920128,77.50842076997706
1311_7751,13.114322,77.516452
1311_7752,13.110382,77.527896
1311_7755,13.113016666666667,77.55319055555555
1311_7756,13.11410011111111,77.56789766666667
1311_7757,13.114546384615384,77.57858207692308
1311_7758,13.116511666666668,77.5833683
1311_7759,13.113161999999999,77.595065
1311_7760,13.114863888888888,77.60739854444445
1311_7761,13.1175759,77.6138299
1311_7762,13.114456,77.6249724
1311_7763,13.116832893749999,77.63426351875
1311_7764,13.111614333333334,77.64893166666667
1311_7765,13.114257,77.653767
1311_7767,13.119379,77.679056
1311_7768,13.1124045,77.68569395
1311_7771,13.119379,77.715868
1312_7712,13.123829695652173,77.12435960869566
1312_7721,13.123106,77.213656
1312_7723,13.123654,77.23232
1312_7725,13.1258,77.2589
1312_7731,13.1207444,77.31579138
1312_7732,13.126676507692308,77.32524803846154
1312_7733,13.1249178,77.33212060000001
1312_7734,13.124343569505063,77.34541074352693
1312_7736,13.123218646496817,77.36187998853502
1312_7742,13.120870499999999,77.42194649999999
1312_7745,13.121623,77.454616
1312_7747,13.1259028,77.47234405
1312_7748,13.125703825,77.486388625
1312_7749,13.121386,77.498181
1312_7750,13.1228481,77.5074767975
1312_7751,13.124343569505063,77.51479933137661
1312_7752,13.124,77.525
1312_7753,13.127791233333332,77.53348864833333
1312_7755,13.12063,77.553783
1312_7756,13.121933857142858,77.56861214285713
1312_7757,13.125469333333333,77.57664299999999
1312_7758,13.120758,77.58054
1312_7760,13.120087,77.609897
1312_7761,13.122664357142856,77.61474978214287
1312_7762,13.121914181818182,77.62486127272727
1312_7763,13.126163454545456,77.6351645909091
1312_7764,13.125301666666667,77.645959
1312_7765,13.125273,77.65402633333333
1312_7766,13.12944450859272,77.66087845847294
1312_7767,13.12589240326,77.67489001883
1312_7768,13.124813,77.68413925
1312_7769,13.122598,77.69099
1312_8023,13.12876,80.23122
1312_8026,13.12456,80.260375
1313_1170,13.13621,11.70674
1313_7713,13.132534999999999,77.13328233333334
1313_7731,13.13123,77.31423
1313_7732,13.136737142857143,77.32363738285714
1313_7733,13.1390282,77.33306354
1313_7740,13.131672,77.405597
1313_7745,13.139254000000001,77.455884
1313_7747,13.134608882352941,77.47434805882352
1313_7748,13.136315,77.483248
1313_7749,13.133920000000002,77.49242
1313_7751,13.134186,77.518755
1313_7753,13.13567,77.53889
1313_7756,13.130049,77.568303
1313_7757,13.13225025,77.57537525000001
1313_7758,13.130594,77.58136066666667
1313_7759,13.139379,77.590013
1313_7760,13.133004,77.604704
1313_7761,13.1366565,77.6177487
1313_7762,13.138321666666668,77.62050933333335
1313_7763,13.1321,77.636328
1313_7766,13.132946529411765,77.66731411764707
1313_7768,13.132692,77.686282
1313_7769,13.134545666666668,77.69407433333333
1313_7770,13.134843333333334,77.70652533333333
1313_7771,13.134664,77.718705
1313_7772,13.134664,77.721196
1313_7845,13.1314504841,78.457515857
1314_7712,13.146367,77.123654
1314_7725,13.1456,77.2546
1314_7732,13.144455279999999,77.32268548799999
1314_7733,13.148522,77.33174149999999
1314_7742,13.1444,77.4245
1314_7743,13.143328,77.4315815
1314_7746,13.1409835,77.46525600000001
1314_7748,13.143992749999999,77.48372825
1314_7750,13.142915,77.501956
1314_7758,13.14726,77.588741
1314_7760,13.144366333333332,77.60339900000001
1314_7761,13.144257923076923,77.61693483846153
1314_7762,13.14357561111111,77.62692682777778
1314_7763,13.141925,77.63183825
1314_7764,13.142510666666666,77.64225733333335
1314_7765,13.1465697,77.65865289999999
1314_7767,13.141441333333333,77.67155666666666
1314_7768,13.147875500000001,77.687693475
1314_7770,13.144373,77.705713
1315_7712,13.1548755,77.125486
1315_7731,13.15837,77.31063
1315_7732,13.156120940000001,77.32212528
1315_7733,13.155946879999998,77.332821656
1315_7734,13.154896,77.341365
1315_7747,13.156326,77.47394475
1315_7750,13.156941,77.509033
1315_7751,13.1596,77.5111
1315_7753,13.1599,77.5338
1315_7756,13.153568,77.568423
1315_7758,13.151725,77.589899
1315_7760,13.152194333333334,77.607838
1315_7761,13.154152363636364,77.61750389090909
1315_7762,13.155729,77.62285189
1315_7766,13.15100575,77.669068
1315_7767,13.150802,77.675076
1315_7769,13.1573222,77.6964715
1315_7770,13.155386,77.70277
1315_7771,13.153950250000001,77.7168355
1315_7772,13.153035000000001,77.72510466666667
1316_7713,13.165464,77.136542
1316_7731,13.16496212,77.31682334
1316_7733,13.169132,77.33124128
1316_7746,13.16044,77.46103
1316_7753,13.165064144787644,77.53781908030888
1316_7757,13.167359,77.576147
1316_7758,13.1685,77.583883
1316_7759,13.165889499999999,77.59710899999999
1316_7760,13.161579,77.60865774999999
1316_7761,13.162513125,77.6123331
1316_7762,13.165349257286291,77.62748507052015
1316_7763,13.166662777777779,77.63389621111111
1316_7764,13.165074,77.644241
1316_7765,13.1667165,77.655751
1316_7766,13.167362000000002,77.669387
1316_7767,13.166439000000002,77.67940466666666
1316_7768,13.166544,77.680364
1316_7771,13.162713,77.715406
1316_7772,13.162250199999999,77.7239238
1317_7700,13.170447805135648,77.0
1317_7717,13.172746560863308,77.17875329007195
1317_7731,13.17766642,77.31775472
1317_7732,13.1768,77.321271
1317_7733,13.172994000000001,77.33288069999999
1317_7753,13.170447805135648,77.53406097848743
1317_7758,13.179047,77.5883469
1317_7759,13.1794,77.591
1317_7761,13.1764355,77.61846249999999
1317_7763,13.17290543478261,77.63477369130435
1317_7764,13.175618,77.649133
1317_7765,13.177303,77.65550163333334
1317_7767,13.178374222580644,77.6710945564516
1317_7768,13.17488,77.68198
1317_7769,13.172459111111111,77.69089600000001
1317_7770,13.17914,77.70801
1317_7772,13.17914,77.723379
1318_7726,13.183426,77.26392
1318_7732,13.186475,77.32377475
1318_7753,13.189352,77.53962
1318_7755,13.1865405,77.557747
1318_7756,13.18721,77.561381
1318_7757,13.181785,77.5795379
1318_7758,13.182456,77.589648
1318_7763,13.18757,77.633826
1318_7764,13.184483538461539,77.643524
1318_7765,13.184225500000002,77.655045
1318_7766,13.182587,77.661895
1318_7767,13.18483275,77.6728815
1318_7768,13.1827855,77.6815655
1318_7769,13.182872875000001,77.695157375
1318_7770,13.1838305,77.704075
1318_7786,13.184327,77.862041
1318_7789,13.187566,77.896454
1319_7724,13.195264,77.245891
1319_7743,13.19,77.432083
1319_7759,13.196358,77.5959995
1319_7760,13.197984,77.6071365
1319_7761,13.192303833333334,77.61753015000001
1319_7762,13.193206,77.623147
1319_7764,13.19288569230769,77.64801115384616
1319_7765,13.197796,77.6560758
1319_7766,13.195229666666668,77.66897433333334
1319_7767,13.196422,77.671224
1319_7768,13.198594806147858,77.68407942081711
1319_7769,13.197924,77.690307
1319_7770,13.198964914545455,77.70567573345456
1319_7771,13.197761666666667,77.71121766666667
1319_7846,13.194593,78.46118
131_773,1.314703375,7.7319109374999995
1320_7681,13.2094667637931,76.81954312510345
1320_7723,13.202365,77.236523
1320_7733,13.204056000000001,77.33213909
1320_7756,13.200853,77.561495
1320_7759,13.202563,77.594542
1320_7760,13.209609,77.607684
1320_7762,13.201711,77.62408
1320_7763,13.204389999999998,77.634748
1320_7764,13.204735,77.646442
1320_7765,13.201733588235294,77.6581024117647
1320_7766,13.20460184125,77.6654294
1320_7767,13.208791,77.670153
1320_7769,13.2018745,77.6967425
1320_7770,13.20208,77.70626981666668
1320_7771,13.201058833333335,77.71165948333334
1320_7772,13.200551,77.721182
1321_7715,13.215468,77.154685
1321_7721,13.214425,77.21411499999999
1321_7723,13.213654,77.231456
1321_7731,13.2138,77.315252
1321_7732,13.2163832,77.32466613
1321_7756,13.211254,77.564211
1321_7760,13.217530538461538,77.60961588461538
1321_7763,13.21159,77.639821
1321_7764,13.211684333333332,77.645634
1321_7765,13.2141795,77.655351
1321_7766,13.213675,77.6644317375
1321_7767,13.218147274400001,77.6723602128
1321_7768,13.2184975,77.68016
1321_7769,13.2184505,77.69406395
1321_7771,13.214234,77.714617
1321_7773,13.2133395,77.73587
1321_7774,13.213738,77.740529
1322_7713,13.22392,77.131371
1322_7725,13.226589,77.252926
1322_7754,13.224862,77.5462036
1322_7760,13.22413336,77.606633321
1322_7767,13.221273,77.670176
1322_7768,13.2223,77.6832176
1322_7769,13.2298289,77.699239
1322_7770,13.229828899999998,77.702282
1322_7771,13.224718,77.71284
1322_7772,13.22844885,77.72731018
1322_7773,13.226535666666669,77.73596199999999
1322_7774,13.227112101806428,77.74463278887772
1323_7723,13.232564,77.236547
1323_7725,13.234541,77.25365
1323_7733,13.2361032,77.33403266
1323_7769,13.232518714285714,77.69430657142857
1323_7770,13.231691999999999,77.705904
1323_7772,13.237031,77.724224
1324_7712,13.245458,77.121231
1324_7725,13.245142,77.254126
1324_7731,13.2461,77.314626
1324_7749,13.246654,77.490313
1324_7752,13.244157895538462,77.52017572186593
1324_7754,13.24289,77.548476
1324_7756,13.24888,77.562469
1324_7761,13.246326,77.613756
1324_7767,13.24664,77.677831
1324_7769,13.245206,77.697434
1324_7770,13.243420658571429,77.70678227571429
1324_7771,13.244006125657895,77.7139340644671
1325_7646,13.259409,76.460966
1325_7647,13.258842,76.478986
1325_7710,13.250994720124693,77.10434792493474
1325_7712,13.256325,77.125426
1325_7715,13.2532,77.1532
1325_7723,13.252927454545455,77.2358769090909
1325_7724,13.256489,77.245896
1325_7725,13.25476265,77.25456685
1325_7726,13.255333,77.266252
1325_7732,13.256190800000002,77.3241896
1325_7734,13.2545,77.3456
1325_7736,13.259661,77.369553
1325_7748,13.256045,77.4868765
1325_7752,13.2553905,77.5250995
1325_7754,13.25646,77.54687
1325_7755,13.254554,77.558655
1325_7757,13.254782,77.57147
1325_7758,13.254025,77.5845215
1325_7763,13.255665,77.636455
1325_7765,13.255665,77.65681055555555
1325_7769,13.2570916,77.6976754
1325_7770,13.251079666666667,77.70741433333333
1325_7771,13.25474391125,77.715521375
1325_7772,13.252896,77.724788
1325_7773,13.254916999999999,77.730268
1325_7785,13.254876,77.856492
1326_7646,13.261995,76.461326
1326_7755,13.2656,77.5588
1326_7757,13.26834,77.579741
1326_7765,13.264563,77.65490833333332
1326_7771,13.267387509090911,77.71941994545453
1326_7772,13.268111975,77.72229586
1326_7774,13.266291,77.740695
1327_7749,13.270476352015502,77.49259354992247
1327_7757,13.27865735087963,77.57149866777779
1327_7770,13.274088,77.709437
1327_7771,13.276926125,77.713123
1328_7703,13.285,77.0354
1328_7752,13.284052,77.5200138
1328_7776,13.28034,77.76322
1329_7732,13.2935,77.324562
1329_7753,13.2976,77.538727
1330_7753,13.3063656,77.530602
1330_7755,13.302158199999997,77.5510526
1331_7682,13.317685688479532,76.82904866818714
1331_7729,13.3124,77.2991
1332_7717,13.32896409759036,77.17686647957831
1333_7730,13.334,77.3013
1334_1300,13.342322,13.001899
1334_7700,13.346171725333331,77.009872752
1334_7738,13.34303,77.385609
1335_7709,13.351979915026543,77.09123060768161
1335_7727,13.359339094700356,77.27746109035049
1335_7746,13.35656,77.46655
1335_7749,13.356,77.496715
1335_7759,13.35781,77.597008
1336_7725,13.366877666666667,77.257682
1336_7746,13.36566,77.4665
1337_7713,13.370325,77.137455
1337_7772,13.376431,77.721867
1339_7758,13.39282,77.589825
1339_7792,13.39203,77.92633
1340_7754,13.404013,77.547414
1341_7741,13.415263,77.415275
1341_7765,13.415263,77.657191
1342_7754,13.42564,77.5457
1343_1754,13.431049730012,17.5473199257956
1343_7697,13.43520443109305,76.97953422701835
1343_7750,13.43777,77.507201
1343_7753,13.43553,77.53564
1344_1344,13.44305213,13.44305213
1344_7652,13.44624263068702,76.52295357141222
1344_7735,13.445545,77.355525
1344_7750,13.44305213,77.50236511
1344_7755,13.445545,77.555445
1344_7756,13.445185,77.564484
1344_7768,13.44305213,77.68006146
1345_7622,13.457106228997329,76.22236132867083
1345_7700,13.455655,77.0
1345_7702,13.452145,77.021452
1345_7715,13.455604,77.15538649999999
1345_7722,13.455454,77.225545
1345_7725,13.454068,77.256768
1345_7744,13.454546,77.444546
1345_7745,13.45563625,77.45697175000001
1345_7746,13.456456,77.465564
1345_7748,13.457596,77.48783266666668
1345_7751,13.456845,77.517806
1345_7754,13.455643,77.54489333333333
1345_7755,13.4523855,77.553152
1345_7771,13.452145214,77.710645214
1345_7774,13.45214543675,77.745245729085
1345_7778,13.4563,77.78795
1345_7784,13.45,77.85
1346_7744,13.46666,77.44646
1346_7745,13.46486,77.456498
1346_7746,13.46467,77.465257
1346_7748,13.46459,77.4858
1346_7754,13.46546,77.5444
1347_7792,13.477124,77.923018
1348_7730,13.486657509897617,77.30734170080399
1349_7738,13.4928,77.3835
1349_7762,13.49926,77.627244
1349_7772,13.4991,77.7295
1352_7725,13.528479,77.2564879
1352_7731,13.52297218556701,77.31012396907217
1352_7752,13.52025923,77.52025923
1352_7768,13.5264,77.68932
1352_7771,13.5214,77.71802
1354_7636,13.545456527813952,76.36350579832559
1354_7665,13.544454,76.658679
1354_7723,13.543214666666666,77.23321466666665
1354_7744,13.54466,77.4422
1354_7746,13.54856,77.46746
1354_7756,13.54654,77.56235
1354_7760,13.54127,77.603671
1355_7721,13.5563,77.2154
1355_7745,13.55625,77.45705000000001
1355_7755,13.554133333333333,77.55753333333332
1355_7758,13.554587,77.582568
1356_756,13.560474145,7.56855
1356_7716,13.565952,77.16575
1356_7725,13.56465,77.25655
1356_7726,13.56655,77.26655
1356_7735,13.56565,77.35656
1356_7745,13.5623,77.4578
1356_7754,13.565464,77.54664
1356_7756,13.56680934597336,77.56437027549674
1356_7757,13.568792,77.57774
1357_7671,13.578786430645785,76.71488331069192
1357_7694,13.57238539016071,76.94339646753858
1358_7725,13.5868,77.2564
1361_7698,13.617465617377048,76.98830581272728
1361_7759,13.618636,77.594672
1361_7765,13.613611,77.656262
1362_7753,13.624092,77.535843
1362_7763,13.626368,77.631423
1363_7762,13.635268,77.626266
1363_7766,13.635193,77.660652
1364_7743,13.6418,77.4375
1364_7745,13.64522,77.45822
1365_7712,13.652112,77.123156
1365_7716,13.65656,77.16575
1365_7752,13.654556,77.5245689
1365_7756,13.656616999999999,77.567248
1365_7762,13.652830999999999,77.6284925
1365_7765,13.656550000000001,77.65654083333332
1366_7690,13.669148273429968,76.90466882813335
1366_7745,13.66684,77.45454
1366_7746,13.66565,77.46656
1366_7765,13.6656,77.65656
1366_7785,13.6656,77.85656
1367_7797,13.67187174301676,77.97963279888268
1368_7685,13.684633575896816,76.85430773286228
1368_7747,13.681668,77.47341
1368_7756,13.68756,77.56856
1368_7758,13.68669,77.582166
1372_7737,13.72,77.38
1372_7742,13.72,77.42
1372_7772,13.72,77.72
1374_7669,13.749141281841432,76.6901156494911
1374_7730,13.749141281841432,77.300336
1375_7636,13.75161388434113,76.36284274257079
1375_7784,13.75,77.85
1376_7670,13.76811201462483,76.70157265387449
1376_7755,13.766377331606217,77.55937852331606
1377_7745,13.778454,77.456285
1377_7761,13.7763343,77.6117772
1377_7796,13.776667,77.968635
1378_7784,13.78,77.85
1379_7570,13.79785225707143,75.70108599092858
1381_7770,13.81,77.71
1382_7753,13.82054,77.53955
1382_7756,13.82054,77.564708
1386_7811,13.867339348699,78.11600638923021
1387_7577,13.8726,75.777
1388_7748,13.88242,77.487931
1389_7676,13.895858898158378,76.76617704327808
1389_7763,13.891826,77.632621
1389_7789,13.894899,77.898455
1390_7678,13.906563123703704,76.78608780768518
1390_7764,13.905184,77.642738
1392_7773,13.921248,77.73454
1393_7756,13.93639,77.57
1393_7757,13.932255,77.575722
1393_7758,13.939282,77.589462
1394_7555,13.945395,75.5538712
1394_7629,13.945307402628142,76.29315343199691
1394_7756,13.945307402628142,77.56553
1395_7771,13.956609,77.714485
1396_7754,13.96583,77.54829
1396_7761,13.967183,77.61228
1397_7680,13.974127263563457,76.80621460078441
1397_7750,13.9778171,77.5061239
1397_7756,13.972558,77.565442
1397_7773,13.9797034316788,77.7346260077601
1398_7653,13.983514041762271,76.5329291720976
1398_7757,13.9863609553183,77.57011027764221
1398_7763,13.983523999316,77.63955639688781
1398_7764,13.98518257815045,77.64340617209342
1398_7765,13.9889027689753,77.65228241885325
1398_7767,13.98394057,77.6702886
1398_7770,13.981959,77.708559
1399_7752,13.9987200775,77.52341006750001
1399_7760,13.99016,77.6046
1399_7762,13.992505706076852,77.6265095843516
1399_7763,13.9988208581736,77.6384897703397
1399_7765,13.993948933014101,77.65541002601007
1399_7771,13.997084582,77.718344521
13_77,0.13325890378333335,0.7750697160166666
1400_7762,14.0028255463194,77.6290957413609
1401_7646,14.019345056208584,76.46841128602419
1404_7653,14.040648323728814,76.53181881661017
1411_7643,14.119005602031242,76.43431172139216
1423_7640,14.23532,76.407417
1432_7614,14.320971677966726,76.14671135741698
1432_7750,14.320971677966728,77.500778
1434_7489,14.341617,74.892799
1436_7617,14.363064320391658,76.17236943916012
1442_7600,14.42671061255482,76.00345443784038
1443_7762,14.4303441954991,77.6295117673656
1446_7616,14.467430875555555,76.16881979555555
1466_7759,14.6688,77.5942
1487_7451,14.870486352572412,74.51780490665014
1488_7571,14.889984871973978,75.71669043122029
1503_7632,15.036095,76.320847
1506_7533,15.065024760872085,75.33009528865588
1509_7524,15.094558007091685,75.24004817807024
1514_7692,15.149781,76.920726
1516_7557,15.167141678122944,75.57222973429629
1526_7614,15.261476629126514,76.14138326310628
1529_7655,15.298508078070176,76.55725927140351
1535_7690,15.350252125223879,76.9036583633582
1540_7400,15.402485,74.007361
1545_7509,15.456194,75.099075
1560_7526,15.602256249652363,75.26310588008867
1576_7484,15.761681953898318,74.84318948934646
1587_7449,15.874723,74.49179
1600_6300,16.0,63.0
1602_9702,16.023052,97.025356
1617_7437,16.17778600458946,74.376328839266
1630_8043,16.3067,80.4365
1631_7342,16.318130627692526,73.42831814282005
1639_7403,16.395236874545205,74.03662285498675
1649_7407,16.495477345873983,74.0718437886382
1656_7415,16.5617629276872,74.15376658304353
1657_7397,16.57580192842593,73.9779642100926
1675_9741,16.752783,97.412897
1677_7382,16.77764177596899,73.82025625436893
1687_7364,16.87315521550505,73.6457994137542
1693_7341,16.939912668281973,73.4126643276314
1722_7321,17.223097687882277,73.21704057663317
1722_7722,17.222,77.220015
1724_8012,17.24588,80.12921
1740_7847,17.40149,78.47617
1745_7845,17.45203,78.45203
1750_7839,17.507598,78.396131
1751_7855,17.516612,78.557612
1755_1301,17.5518336,13.01948234
1756_1301,17.56166,13.012733333333335
1756_1303,17.56166,13.03234369
1760_1298,17.608391,12.982161
1775_7276,17.754334397885568,72.76076202226837
1779_8321,17.7972,83.2158
1804_7720,18.044194,77.206934
1807_7752,18.070753,77.529653
1816_7257,18.16866164536428,72.57300581574792
1826_7821,18.263547,78.215479
1852_7395,18.523818,73.95453
185_739,1.8523819,7.395453000000001
185_775,1.8523819,7.7552551
1907_7287,19.076,72.8777
1922_7308,19.22336647,73.08643963
1938_7718,19.38102,77.182525
1944_7697,19.445725,76.974927
1956_7114,19.56289559236026,71.14314045827801
1993_7760,19.933312,77.607763
1994_7774,19.943263,77.742716
1997_7760,19.97474011,77.60486929
1998_7752,19.983992,77.521506
200_6411,2.0,64.11694694914867
200_7403,2.0,74.03662285498675
2079_7734,20.7912,77.344
2095_8509,20.9517,85.0985
2113_6931,21.13328533032748,69.31534397642439
2113_7755,21.13328533032748,77.55044251
2157_7733,21.573712,77.334449
2176_7180,21.765757,71.80747
2180_6983,21.805464657017964,69.83163996501989
2231_6845,22.315875800338983,68.45061955809322
2257_8836,22.5726,88.3639
2271_7585,22.7196,75.8577
2281_6698,22.813238985295456,66.98891263320455
2293_7755,22.93642177,77.559188
2298_8785,22.9868,87.855
2303_7264,23.036181,72.648885
2325_7743,23.25474,77.43031
2336_6717,23.36058279605545,67.1723408443914
2349_8731,23.4945,87.3179
2356_6684,23.56802165999189,66.84324818747328
2403_8672,24.03386,86.72278
2419_8266,24.19521,82.66572
2425_7219,24.258755,72.192152
2451_6684,24.51967344813497,66.84669185110802
2477_6614,24.77308329403952,66.14752492351484
2478_8687,24.7865630721196,86.8784560098111
2620_6411,26.20249513101775,64.11694694914867
2620_9293,26.2006,92.9376
2689_7575,26.89882,75.75835
2723_6336,27.231557591130866,63.362032100149634
2754_7740,27.54087,77.40717
2773_8533,27.733143,85.336763
2810_7539,28.10865,75.39876
2844_6200,28.44003464912999,62.00768096287712
2856_7720,28.56090064,77.20139943
2861_7722,28.612894,77.229446
288_7753,2.8837802,77.5383683
2908_6117,29.081876267857144,61.17719690053571
2913_6157,29.137233505394466,61.57898635304552
293_7752,2.9399061778168,77.52384504954979
294_1760,2.946948866458772,17.60951496383464
295_7757,2.9567384626072,77.5754801092758
296_7762,2.962743,77.627162
29_77,0.294367365,0.7754431631
300_300,3.0,3.0
300_7638,3.0,76.38393542424657
3033_7638,30.337054,76.381125
303_7753,3.0322221,77.5337031
3301_7750,33.01095,77.506636
3301_7756,33.011428,77.569179
3301_7770,33.01035,77.70341
3303_7756,33.032437,77.569788
3305_7760,33.057141,77.604547
3307_7979,33.075177,79.793665
3309_7757,33.097233,77.578711
3310_7756,33.102968,77.563814
3312_7725,33.125689,77.256893
3314_7723,33.145785,77.236547
3324_7732,33.245781,77.324568
3398_5636,33.9864588759364,56.36745863360424
3659_7602,36.59469,76.02909
3708_6817,37.088342,68.17763149999999
3708_7717,37.088257,77.177512
3708_7758,37.088342,77.587196
3708_7775,37.088342,77.75369325
3708_7777,37.088342,77.7777
3708_9741,37.088322,97.41082771428572
3863_9410,38.6327,94.10398
4138_4924,41.38898962126657,49.24363811838435
4291_11752,42.914044,117.525154
4330_4756,43.30651530979393,47.56896646623928
4400_4589,44.004926039329895,45.89569990724228
4624_4381,46.24468521527587,43.81371880287012
500_7524,5.0,75.24004817807024
5107_3944,51.07837224180869,39.44434584382175
5165_3910,51.657127,39.107765
55_1301,0.55437533,13.0196961
5870_1291,58.70493800786594,12.91752746
5870_3174,58.70493800786595,31.748932296757552
611_7712,6.116520666666666,77.12542133333334
612_6812,6.123554,68.123576
612_7735,6.122589,77.3528
615_7765,6.155455,77.65645
616_7712,6.165201,77.1254
6213_5659,62.13592,56.59721
6299_7755,62.9918638,77.55914942
6324_2797,63.247412668693656,27.97254372645621
644_7713,6.445498,77.13224
645_7715,6.4545,77.156513
645_7765,6.459856,77.655415
646_7746,6.465494,77.465465
646_7754,6.465498,77.549847
652_6648,6.52554,66.48556
654_7714,6.546515,77.146578
654_7745,6.54254,77.455682
662_7721,6.626562,77.216535
6648_2391,66.48235091934046,23.91388348341065
665_7716,6.651656,77.165954
668_7763,6.680658,77.63169
6724_2350,67.24531658645974,23.50558101446309
675_6817,6.752783,68.177512
675_6875,6.752831,68.752005
675_7701,6.752783,77.01232
675_7725,6.752784,77.256314
675_7751,6.752783,77.518511
675_7752,6.752783,77.52644
675_7753,6.752783,77.532745
675_7768,6.752783,77.682125
675_9708,6.752783,97.088342
675_9741,6.752783,97.41289475
679_7779,6.798794,77.798465
679_7815,6.792635,78.153256
693_6936,6.936512,69.365263
698_6925,6.983526,69.253641
698_7059,6.984112,70.59503
724_7755,7.245856,77.55488
7663_1232,76.6398172,12.3283741
7700_1300,77.0,13.0
7701_1301,77.01367584,13.01347256
7701_7755,77.017918,77.553556
7705_1304,77.058119279,13.04401452
7712_1123,77.12312622,11.2321541
7714_1385,77.1454758,13.85475
7715_1254,77.157848,12.548792
7716_1314,77.1654865,13.14567496
7721_1214,77.215894,12.149752
7721_1224,77.2165,12.247647
7721_1225,77.215482,12.254324
7721_1235,77.21354,12.35648
7721_1236,77.2156847,12.36571791
7725_1200,77.25365459,12.00231564
7725_1212,77.258641,12.125784
7730_1301,77.304176,13.011632
7730_1302,77.300303,13.020486
7731_1754,77.311091,17.545941
7732_1236,77.3265,12.365446666666665
7732_1259,77.322141,12.590886
7733_1211,77.3386414,12.1129459
7733_1252,77.3386414,12.5289459
7733_1257,77.3330015,12.5753525
7733_1258,77.334787,12.580114
7733_1259,77.33203449999999,12.593587
7733_1301,77.33308825,13.012550291666665
7733_1302,77.33408800000001,13.022587
7734_1257,77.34143639999999,12.575340800000001
7734_1258,77.34192509090909,12.581646727272727
7734_1259,77.34327304545455,12.595280650000001
7734_1300,77.34364404166666,13.001519291666668
7734_1301,77.34059049999999,13.013918499999999
7734_1302,77.340683,13.020234
7734_1306,77.340765,13.06532
7735_1252,77.355396,12.525324
7735_1255,77.350199,12.552845
7735_1257,77.35486749156,12.57446305178
7735_1300,77.35078100000001,13.001866
7735_1301,77.35264605882354,13.013315705882354
7735_7735,77.351656,77.351029
7736_1225,77.3614521,12.259459
7736_1254,77.362253,12.544098
7736_1255,77.361345,12.550036
7736_1256,77.362021,12.561461
7736_1257,77.36294247828756,12.572908018078293
7736_1258,77.3630027997469,12.58141042487246
7736_1301,77.36276,13.013421166666667
7736_7734,77.368952,77.342967
7737_12,77.373707,0.12564243
7737_1250,77.38,12.5
7737_1254,77.370435,12.54576
7737_1257,77.37042042,12.57098604
7737_1259,77.375395,12.594595
7737_1353,77.371253,13.5379156
7738_1252,77.3819,12.5222
7738_1255,77.380032,12.555446
7739_1313,77.39671,13.13222
773_125,7.7332829,1.2593344
7741_1215,77.4186464,12.1529459
7741_1315,77.415536,13.150873
7742_1211,77.4286464,12.1129459
7742_1212,77.4286464,12.1229459
7742_1257,77.424685,12.575432
7742_1300,77.422675,13.004982
7743_1314,77.430632,13.144621
7744_1212,77.4486464,12.1229459
7744_1253,77.441108,12.531226
7744_1259,77.441108,12.591347
7745_1240,77.45386414,12.4089459
7745_1303,77.45015245,13.0354582
7746_1290,77.46497336,12.90337935
7747_1290,77.4731328,12.903133364999999
7747_1291,77.47907902,12.91537057
7748_1219,77.4886464,12.1929459
7748_1290,77.48258521,12.90943749
7748_1291,77.48289888,12.91458708
7748_1292,77.48601623142858,12.92462995
7748_1294,77.48879151,12.94702612
7748_1302,77.48555501199999,13.027173236
7748_1303,77.48906789,13.03659454
7748_1304,77.4844478070233,13.0423470101861
7748_1308,77.4851645,13.0842071
7749_1290,77.49841937,12.90557403
7749_1291,77.496398505,12.916127055
7749_1292,77.49672118,12.926578706666666
7749_1293,77.494338425,12.933547560000001
7749_1294,77.49734185,12.94806069
7749_1295,77.49121762,12.95032903
7749_1296,77.4973412,12.96276449
7749_1302,77.49391911111111,13.028541412222221
7749_1303,77.49486198488646,13.03615366111355
7749_1304,77.49505393999999,13.046903565000001
7749_1306,77.49512641,13.06250809
7750_1290,77.50961613,12.90397936
7750_1291,77.50534178,12.91388816
7750_1295,77.50897845,12.95861593
7750_1298,77.50334795356179,12.9855604416558
7750_1299,77.5041747024682,12.99897525269935
7750_1300,77.504170015,13.00641236
7750_1301,77.50666905333334,13.014399136666666
7750_1302,77.50589610888889,13.025046344444444
7750_1303,77.50511584462889,13.035424003320001
7750_1304,77.50478862125,13.04276177875
7750_1305,77.5063648,13.056059766666666
7750_1306,77.50359,13.06122
7750_1307,77.506104,13.07116
7750_1395,77.50129778985459,13.9576660989455
7750_7750,77.50450635836795,77.50450635836795
7751_1293,77.5175533807728,12.936984285484442
7751_1295,77.51592137,12.95176647
7751_1298,77.51398184354936,12.982543160910867
7751_1300,77.51684438,13.00093098
7751_1302,77.517078685,13.027363555
7751_1303,77.51325272719288,13.037175061097718
7751_1304,77.51449352862225,13.042838008136714
7751_1305,77.51149272,13.052771065000002
7751_1307,77.51633721,13.076918169999999
7751_1308,77.5110614,13.0882124
7751_7751,77.51960312,77.51960312
7752_1290,77.5286294462918,12.905227419384515
7752_1293,77.5247844306397,12.938394801158116
7752_1294,77.52744423577327,12.943709223803612
7752_1295,77.5261425,12.952791
7752_1296,77.52684937000001,12.964621185
7752_1297,77.52424970389384,12.975052719972519
7752_1298,77.5276303235112,12.9839582563724
7752_1299,77.52631741256228,12.99495169445155
7752_1300,77.5248297665156,13.005211321246525
7752_1301,77.52609525086622,13.015391996439785
7752_1302,77.529132868,13.027030798999998
7752_1303,77.52760903,13.03350442375
7752_1304,77.5253720874955,13.045980406818204
7752_1305,77.526609805,13.052167365
7752_1306,77.52823631,13.065206644444444
7752_1307,77.52532020096102,13.073171985985104
7752_1352,77.52612103,13.52612103
7752_6931,77.5249348241465,69.31534397642439
7752_7752,77.52776756666667,77.52785103333333
7752_7795,77.529733,77.954028
7753_1289,77.533039,12.89941
7753_1290,77.53556454485995,12.906480767802869
7753_1291,77.53786330732088,12.912653059449493
7753_1292,77.53894852,12.92584236
7753_1293,77.5316026165743,12.9370366195909
7753_1294,77.53463845394612,12.94623180471119
7753_1295,77.53572936182248,12.952544003778472
7753_1296,77.53484184010979,12.965230405624084
7753_1297,77.53417950970797,12.973714987272933
7753_1298,77.53551572458949,12.987874635591302
7753_1299,77.5371658449463,12.995521256880016
7753_1300,77.53440951018605,13.00259394291546
7753_1301,77.53479347781398,13.017215399161989
7753_1302,77.53664036630094,13.025180450754117
7753_1303,77.53535700492023,13.031901900763534
7753_1305,77.53498033649812,13.056847277246868
7753_1306,77.53128170920172,13.065592947427966
7753_1307,77.53541189266666,13.071837902
7753_1308,77.53113775145167,13.087484422619122
7753_1309,77.53218265129681,13.091869357538254
7753_1325,77.53454171,13.25659896
7753_1326,77.53660337,13.2626244
7753_7753,77.53182469,77.53182469
7754_1211,77.54464806666668,12.112946166666667
7754_1214,77.5486414,12.1489459
7754_1288,77.54825910079774,12.885632570414865
7754_1289,77.54726689612181,12.898447502009093
7754_1290,77.54418420755177,12.905195039809737
7754_1291,77.54625263890162,12.91494225701237
7754_1292,77.54883874,12.92301627
7754_1294,77.5431907894526,12.9470281407059
7754_1295,77.54435377947144,12.954960637487217
7754_1296,77.54309962232956,12.961065901858667
7754_1297,77.54493225,12.97366437
7754_1298,77.54659222602614,12.986871931040502
7754_1299,77.54462727621325,12.997185044963018
7754_1300,77.5448663851107,13.005533640078864
7754_1301,77.54519187852821,13.014772713385693
7754_1302,77.54387813837837,13.024926154594596
7754_1303,77.54941731391119,13.036332491320728
7754_1304,77.54833873112861,13.04061119417193
7754_1305,77.54624328612785,13.057346017363017
7754_1306,77.54760074666667,13.06170017
7754_1307,77.5429038325,13.07147008375
7754_1308,77.54446265980174,13.0871877416382
7754_1321,77.5479573,13.213443
7754_1325,77.5468242,13.2546942
7754_1365,77.545231,13.65843
7754_1399,77.544583847345,13.999674745327
7755_1214,77.5586414,12.1489459
7755_1240,77.553864,12.4089459
7755_1287,77.55602125212955,12.875036001469475
7755_1288,77.55621807960596,12.884031407476941
7755_1289,77.55278449999064,12.894653817933296
7755_1290,77.55395690745587,12.90862299125039
7755_1291,77.55492070407486,12.913754724369578
7755_1292,77.55320498,12.92380368
7755_1295,77.5514525991912,12.954307053349265
7755_1296,77.554085,12.96947888888889
7755_1297,77.5572327425,12.97480984125
7755_1298,77.55759867387974,12.98466840173322
7755_1299,77.55252671936671,12.995508715723023
7755_1300,77.5550488184468,13.00481885680851
7755_1301,77.55508380374526,13.017757029625834
7755_1302,77.55673553619121,13.024420920312188
7755_1303,77.55553310325385,13.0337499516459
7755_1304,77.55156084333333,13.04177333
7755_1305,77.55530843000001,13.05384326
7755_1308,77.55479047913254,13.0829411828541
7755_1309,77.5533440806549,13.0923957624283
7755_1321,77.55152023,13.2154609
7755_1337,77.5560015,13.3778848
7755_7755,77.55693483714286,77.55693483714286
7756_1209,77.568565278952,12.0985063536958
7756_1240,77.56386407,12.4089459
7756_1285,77.5689,12.8564
7756_1287,77.56625121947769,12.878224251377567
7756_1288,77.56598184823277,12.883810058184546
7756_1289,77.565159805365,12.891796272367813
7756_1290,77.56508050388888,12.904377994999999
7756_1291,77.56568041789474,12.912750371052631
7756_1293,77.56811139,12.938120646666667
7756_1294,77.56838605,12.945752621875
7756_1295,77.56318756499999,12.95633375
7756_1296,77.56513756599536,12.965343536372208
7756_1297,77.56341083,12.971560348333334
7756_1298,77.56834685,12.9896693
7756_1299,77.56246380214286,12.99604473142857
7756_1300,77.56277099387385,13.003473800360831
7756_1301,77.5647082624303,13.015575008469375
7756_1302,77.56204726399996,13.023207127833167
7756_1303,77.56250178114011,13.0340956592848
7756_1304,77.56799968044444,13.042374872033333
7756_1305,77.5607667840636,13.0589558442597
7756_1306,77.5633748,13.0631929
7756_1309,77.56853881319991,13.0985067283705
7756_1325,77.56217445,13.25575744
7756_288,77.56585586,2.88168725
7756_7756,77.56436511857143,77.56436511857143
7757_1221,77.5714521,12.219459
7757_1242,77.573864,12.4289459
7757_1257,77.5721,12.5761
7757_1286,77.578099,12.865943
7757_1287,77.57563758565612,12.87328968868594
7757_1288,77.57357024214103,12.8870503857201
7757_1289,77.57363888758309,12.893166953853456
7757_1290,77.57290534676167,12.903607874973973
7757_1291,77.5729038925,12.912911243747562
7757_1293,77.57634325241379,12.93823438275862
7757_1294,77.57427463152175,12.94447449978261
7757_1295,77.57686898167917,12.956847438185823
7757_1296,77.57494461926485,12.964911460479595
7757_1297,77.57460189492768,12.974995456102564
7757_1298,77.57555234750001,12.98045229
7757_1299,77.5775092075,12.998416440833333
7757_1300,77.5764279667288,13.0042129708596
7757_1301,77.57500914119028,13.01440110652525
7757_1302,77.57341233834119,13.027844398543236
7757_1303,77.5763945358597,13.034233906096054
7757_1304,77.5741200957383,13.043802517649006
7757_1307,77.5770642,13.0751967
7757_1309,77.57785289988,13.0935797998364
7757_1345,77.574513,13.45345
7757_304,77.571256,3.043542
7757_7757,77.5760842725,77.5760842725
7758_1218,77.5886414,12.1889459
7758_1259,77.58509,12.597654
7758_1281,77.582574,12.813048
7758_1286,77.58259995508394,12.86754095817755
7758_1287,77.58183420206815,12.876006801322298
7758_1288,77.58169799850423,12.88455805953533
7758_1289,77.58171413310424,12.891044149467481
7758_1292,77.585988,12.928963
7758_1294,77.58002619,12.94116455
7758_1295,77.58212359344829,12.954753259655172
7758_1296,77.58674774094136,12.966027838108818
7758_1297,77.5842978530045,12.974208006367268
7758_1299,77.58285393,12.99884807
7758_1300,77.58305557692012,13.0045023462148
7758_1301,77.58994844,13.01088582
7758_1302,77.58561910388867,13.027360982205002
7758_1303,77.58234121875,13.03405019625
7758_1304,77.58124141448977,13.042876234149466
7758_1364,77.58119279,13.64410452
7758_7758,77.5824,77.5824
7759_1259,77.595726,12.595726
7759_1290,77.5989087,12.905011
7759_1291,77.5992825,12.9162972
7759_1295,77.59568652016424,12.959023163218164
7759_1296,77.59647284807124,12.963719803595414
7759_1297,77.59655033406628,12.974039975566782
7759_1298,77.5962680568421,12.983123102631579
7759_1299,77.59601385,12.999884931
7759_1300,77.5997641116868,13.0053074754094
7759_1301,77.595420004,13.015100126450001
7759_1302,77.59149,13.02476
7759_1303,77.59503226000268,13.036611931195356
7759_1304,77.59506379,13.04055365
7759_7735,77.59580337,77.356
775_1301,7.755407432,13.01965604
7760_1289,77.60557436799999,12.891201208000002
7760_1290,77.60338817,12.9006948
7760_1291,77.60979738,12.91617048
7760_1292,77.60793027,12.92791655
7760_1293,77.60768776500001,12.93742378
7760_1294,77.60318724999999,12.944776749999999
7760_1295,77.60619558378008,12.953563374863997
7760_1296,77.60475572509823,12.96537164697528
7760_1297,77.60526561614157,12.97346593758978
7760_1298,77.60637061626866,12.983112398656715
7760_1299,77.60549507080405,12.9991232337556
7760_1302,77.606428505,13.027389419999999
7760_1303,77.6044276521733,13.035681477272727
7760_1310,77.60552349998825,13.1030016999927
7760_1313,77.60341145,13.13138
7760_7760,77.600816,77.600816
7761_1218,77.6114521,12.189459
7761_1293,77.61192443,12.93265543
7761_1295,77.61442880197738,12.954988922720863
7761_1296,77.6134308436015,12.963228168512757
7761_1297,77.61140419708039,12.972511883108044
7761_1298,77.61173042857142,12.982280357142857
7761_1299,77.610839,12.991749
7761_1307,77.6141344511401,13.0701004011268
7761_1313,77.617343,13.138299
7761_7761,77.6187677,77.6187677
7762_1293,77.62896305999999,12.93848365
7762_1294,77.62782978444444,12.945931067777778
7762_1295,77.62414964,12.951864805
7762_1296,77.6266091575,12.968032515
7762_1297,77.6253091479779,12.97761522097705
7762_1298,77.62600452817493,12.981898347169034
7762_1301,77.626239,13.012488
7762_1399,77.626299744466,13.9919895592874
7763_1292,77.636867,12.925344
7763_1293,77.63155578333333,12.938362326666669
7763_1294,77.63844781,12.9434157
7763_1295,77.6382762032747,12.954972352669849
7763_1296,77.6364403,12.96307769
7763_1299,77.63853754066668,12.994484440666668
7763_1300,77.63393636666667,13.007299116666667
7763_1301,77.6343788811111,13.01375068
7763_1302,77.6352406,13.023408375
7763_1305,77.631884,13.054136
7763_1311,77.63474799996979,13.1135959999281
7764_1296,77.649071,12.967477
7764_1297,77.6408331,12.97831118
7764_1298,77.64732470696428,12.987929939107143
7764_1299,77.64251239883721,12.993358189999999
7764_1300,77.64082379666667,13.007791306666666
7764_1301,77.64410431375,13.01509517625
7765_1295,77.65915101,12.95866361
7765_1297,77.65733790909091,12.977574818181818
7765_1298,77.65651744291667,12.983801112499998
7765_1299,77.65575205338709,12.99495292516129
7765_1300,77.6549273,13.0094548
7765_1301,77.65193254,13.01418857
7765_1302,77.65587,13.020876
7765_1396,77.65764183,13.96311286
7765_7765,77.65824598,77.65824598
7766_1278,77.6662342,12.7827499
7766_1297,77.66617405490196,12.975544033333334
7766_1298,77.6650103882353,12.986176607843136
7766_1299,77.66237358084507,12.994383182394367
7766_1300,77.66393456666667,13.005813476666667
7766_1354,77.66548,13.5442121
7766_7766,77.664102,77.664102
7767_1221,77.6714521,12.219459
7767_1297,77.67476693220338,12.976756813559321
7767_1298,77.6756523235294,12.983986147058824
7767_1301,77.67935939,13.01352969
7767_1302,77.67919196,13.02130079
7768_1222,77.6814521,12.229459
7768_1277,77.680475,12.77837
7768_1297,77.68297333333334,12.97851
7768_1298,77.68115814285714,12.981243571428573
7768_1300,77.68489117,13.005215909999999
7768_1301,77.6835372168,13.01409778888
7768_1302,77.68425045000001,13.022976884999999
7768_1322,77.68817955,13.22900349
7769_1300,77.69621646428571,13.00657028292857
7769_1301,77.69625775333333,13.013094866666668
7769_1302,77.69421387822999,13.023382860999998
7769_1303,77.69100343,13.03179558
7769_7769,77.69512733,77.69545245214
7770_1300,77.70558017,13.00711573
7770_1301,77.70472565666667,13.01392952
7770_1302,77.70772643066667,13.021923116046667
7770_1324,77.7078848099152,13.24348469803195
7771_1288,77.71019456,12.88836524
7771_1293,77.7118483,12.9312896
7771_1294,77.71757664,12.9484509
7771_1298,77.71312018,12.9897435
7771_1300,77.7138646725,13.002702877499999
7771_1301,77.7165123675,13.01515779
7771_1303,77.71854015,13.03103268
7771_1324,77.71417773333333,13.24396262
7771_1325,77.71957357098671,13.2505237433666
7771_7771,77.71713463,77.71713463
7772_1288,77.72970763000001,12.88953227
7772_1290,77.72465479,12.90585632
7772_1295,77.7212687,12.95332696
7773_1289,77.73009487,12.89086638
7773_1291,77.73311826,12.91476059
7774_1292,77.74081226,12.92415037
7774_1293,77.7451001125,12.93643711
7774_1294,77.74494742,12.94008057
7774_1295,77.74251239,12.956175175
7774_1322,77.74218114,13.22890409
7774_1385,77.74799015,13.85401736
7774_7774,77.74545411,77.74545411
7775_1293,77.75765726,12.93421176
7777_1257,77.775557,12.574839
7777_1296,77.77573840452,12.9654915
7777_1303,77.77018303,13.03713242
7778_1212,77.7886414,12.1289459
7790_1295,77.904568,12.950805
7795_1232,77.9564123,12.3256948
7795_1304,77.95297202,13.044021895
7797_1261,77.97117,12.610886
7798_1260,77.983069,12.607268
7850_1354,78.50473062,13.54856214
823_6825,8.234578,68.254778
828_8824,8.287825,88.247952
832_8835,8.328451,88.354861
940_5599,9.400562115989418,55.99717126382716
9526_3895,95.2654848788273,38.959394943457
